input	engine	exit	wall_s	cpu_s	maxrss_kb	status
sa_csmith_001.c	oracle	0	0.07	0.07	49084	MATCH
sa_csmith_001.c	lean	0	0.13	0.12	84024	MATCH
sa_csmith_002.c	oracle	125	0.05	0.05	48364	CERB_SKIP
sa_csmith_002.c	lean	NA	NA	NA	NA	CERB_SKIP
sa_csmith_003.c	oracle	125	0.05	0.05	46048	CERB_SKIP
sa_csmith_003.c	lean	NA	NA	NA	NA	CERB_SKIP
sa_csmith_004.c	oracle	0	0.07	0.06	50616	MATCH
sa_csmith_004.c	lean	0	0.15	0.14	87068	MATCH
sa_csmith_005.c	oracle	125	0.04	0.04	46472	CERB_SKIP
sa_csmith_005.c	lean	NA	NA	NA	NA	CERB_SKIP
sa_csmith_006.c	oracle	0	0.10	0.10	49948	MATCH
sa_csmith_006.c	lean	0	0.24	0.23	83412	MATCH
sa_csmith_10.c	oracle	124	15.04	15.03	553968	CERB_SKIP
sa_csmith_10.c	lean	NA	NA	NA	NA	CERB_SKIP
sa_csmith_100.c	oracle	0	0.05	0.05	48804	MATCH
sa_csmith_100.c	lean	0	0.07	0.06	84812	MATCH
sa_csmith_101.c	oracle	0	0.05	0.04	49704	MATCH
sa_csmith_101.c	lean	0	0.09	0.08	84652	MATCH
sa_csmith_102.c	oracle	0	0.05	0.04	48748	MATCH
sa_csmith_102.c	lean	0	0.08	0.07	83476	MATCH
sa_csmith_103.c	oracle	0	0.04	0.04	49268	MATCH
sa_csmith_103.c	lean	0	0.07	0.06	84384	MATCH
sa_csmith_104.c	oracle	0	0.05	0.04	48544	MATCH
sa_csmith_104.c	lean	0	0.08	0.07	85220	MATCH
sa_csmith_105.c	oracle	124	15.06	15.05	568632	CERB_SKIP
sa_csmith_105.c	lean	NA	NA	NA	NA	CERB_SKIP
sa_csmith_106.c	oracle	124	15.05	15.03	526296	CERB_SKIP
sa_csmith_106.c	lean	NA	NA	NA	NA	CERB_SKIP
sa_csmith_107.c	oracle	124	15.05	15.03	515980	CERB_SKIP
sa_csmith_107.c	lean	NA	NA	NA	NA	CERB_SKIP
sa_csmith_108.c	oracle	0	0.85	0.85	90272	MATCH
sa_csmith_108.c	lean	0	3.41	3.40	124072	MATCH
sa_csmith_109.c	oracle	124	15.05	15.03	556776	CERB_SKIP
sa_csmith_109.c	lean	NA	NA	NA	NA	CERB_SKIP
sa_csmith_11.c	oracle	124	15.05	15.04	562760	CERB_SKIP
sa_csmith_11.c	lean	NA	NA	NA	NA	CERB_SKIP
sa_csmith_110.c	oracle	124	15.04	15.03	554408	CERB_SKIP
sa_csmith_110.c	lean	NA	NA	NA	NA	CERB_SKIP
sa_csmith_111.c	oracle	124	15.05	15.03	539188	CERB_SKIP
sa_csmith_111.c	lean	NA	NA	NA	NA	CERB_SKIP
sa_csmith_112.c	oracle	124	15.05	15.03	509044	CERB_SKIP
sa_csmith_112.c	lean	NA	NA	NA	NA	CERB_SKIP
sa_csmith_113.c	oracle	124	15.04	15.02	383340	CERB_SKIP
sa_csmith_113.c	lean	NA	NA	NA	NA	CERB_SKIP
sa_csmith_114.c	oracle	124	15.04	15.02	431240	CERB_SKIP
sa_csmith_114.c	lean	NA	NA	NA	NA	CERB_SKIP
sa_csmith_115.c	oracle	124	15.04	15.02	484428	CERB_SKIP
sa_csmith_115.c	lean	NA	NA	NA	NA	CERB_SKIP
sa_csmith_116.c	oracle	124	15.04	15.02	476848	CERB_SKIP
sa_csmith_116.c	lean	NA	NA	NA	NA	CERB_SKIP
sa_csmith_117.c	oracle	0	0.07	0.07	49436	MATCH
sa_csmith_117.c	lean	0	0.13	0.12	83524	MATCH
sa_csmith_118.c	oracle	0	0.12	0.12	65564	MATCH
sa_csmith_118.c	lean	0	0.31	0.30	103952	MATCH
sa_csmith_119.c	oracle	0	0.12	0.12	63088	MATCH
sa_csmith_119.c	lean	0	0.30	0.29	107620	MATCH
sa_csmith_12.c	oracle	124	15.05	15.03	521500	CERB_SKIP
sa_csmith_12.c	lean	NA	NA	NA	NA	CERB_SKIP
sa_csmith_120.c	oracle	0	0.16	0.16	71460	MATCH
sa_csmith_120.c	lean	0	0.48	0.48	119016	MATCH
sa_csmith_121.c	oracle	0	0.11	0.11	69892	MATCH
sa_csmith_121.c	lean	0	0.35	0.35	113820	MATCH
sa_csmith_122.c	oracle	0	0.10	0.09	61028	MATCH
sa_csmith_122.c	lean	0	0.27	0.26	98652	MATCH
sa_csmith_123.c	oracle	0	0.10	0.10	60320	MATCH
sa_csmith_123.c	lean	0	0.28	0.27	102404	MATCH
sa_csmith_124.c	oracle	124	15.04	15.03	547944	CERB_SKIP
sa_csmith_124.c	lean	NA	NA	NA	NA	CERB_SKIP
sa_csmith_125.c	oracle	124	15.05	15.04	677868	CERB_SKIP
sa_csmith_125.c	lean	NA	NA	NA	NA	CERB_SKIP
sa_csmith_126.c	oracle	0	0.06	0.06	50140	MATCH
sa_csmith_126.c	lean	0	0.11	0.10	87724	MATCH
sa_csmith_127.c	oracle	124	15.04	15.04	570424	CERB_SKIP
sa_csmith_127.c	lean	NA	NA	NA	NA	CERB_SKIP
sa_csmith_128.c	oracle	124	15.05	15.04	643740	CERB_SKIP
sa_csmith_128.c	lean	NA	NA	NA	NA	CERB_SKIP
sa_csmith_129.c	oracle	124	15.05	15.03	650260	CERB_SKIP
sa_csmith_129.c	lean	NA	NA	NA	NA	CERB_SKIP
sa_csmith_13.c	oracle	0	0.08	0.08	62476	MATCH
sa_csmith_13.c	lean	0	0.22	0.21	104632	MATCH
sa_csmith_130.c	oracle	0	0.04	0.04	49316	MATCH
sa_csmith_130.c	lean	0	0.06	0.06	84332	MATCH
sa_csmith_131.c	oracle	124	15.04	15.04	629544	CERB_SKIP
sa_csmith_131.c	lean	NA	NA	NA	NA	CERB_SKIP
sa_csmith_132.c	oracle	0	0.04	0.03	48816	MATCH
sa_csmith_132.c	lean	0	0.06	0.05	85344	MATCH
sa_csmith_133.c	oracle	0	1.19	1.18	90800	MATCH
sa_csmith_133.c	lean	0	3.45	3.45	108992	MATCH
sa_csmith_134.c	oracle	0	0.04	0.04	48916	MATCH
sa_csmith_134.c	lean	0	0.06	0.05	83776	MATCH
sa_csmith_135.c	oracle	0	0.07	0.07	51252	MATCH
sa_csmith_135.c	lean	0	0.15	0.14	85448	MATCH
sa_csmith_136.c	oracle	124	15.05	15.04	633020	CERB_SKIP
sa_csmith_136.c	lean	NA	NA	NA	NA	CERB_SKIP
sa_csmith_137.c	oracle	0	0.07	0.06	59672	MATCH
sa_csmith_137.c	lean	0	0.15	0.15	102828	MATCH
sa_csmith_138.c	oracle	0	0.09	0.09	64472	MATCH
sa_csmith_138.c	lean	0	0.20	0.20	106528	MATCH
sa_csmith_139.c	oracle	0	0.04	0.04	49352	MATCH
sa_csmith_139.c	lean	0	0.06	0.05	83828	MATCH
sa_csmith_14.c	oracle	0	0.05	0.04	49128	MATCH
sa_csmith_14.c	lean	0	0.06	0.06	85028	MATCH
sa_csmith_140.c	oracle	124	15.04	15.04	585976	CERB_SKIP
sa_csmith_140.c	lean	NA	NA	NA	NA	CERB_SKIP
sa_csmith_141.c	oracle	0	0.08	0.08	65736	MATCH
sa_csmith_141.c	lean	0	0.21	0.20	106532	MATCH
sa_csmith_142.c	oracle	124	15.04	15.04	539312	CERB_SKIP
sa_csmith_142.c	lean	NA	NA	NA	NA	CERB_SKIP
sa_csmith_143.c	oracle	124	15.04	14.77	613644	CERB_SKIP
sa_csmith_143.c	lean	NA	NA	NA	NA	CERB_SKIP
sa_csmith_144.c	oracle	0	0.04	0.04	48176	MATCH
sa_csmith_144.c	lean	0	0.07	0.06	83924	MATCH
sa_csmith_145.c	oracle	0	0.04	0.04	49728	MATCH
sa_csmith_145.c	lean	0	0.07	0.06	84312	MATCH
sa_csmith_146.c	oracle	124	15.04	15.04	648256	CERB_SKIP
sa_csmith_146.c	lean	NA	NA	NA	NA	CERB_SKIP
sa_csmith_147.c	oracle	0	0.08	0.08	62076	MATCH
sa_csmith_147.c	lean	0	0.19	0.18	104948	MATCH
sa_csmith_148.c	oracle	124	15.04	15.03	527968	CERB_SKIP
sa_csmith_148.c	lean	NA	NA	NA	NA	CERB_SKIP
sa_csmith_149.c	oracle	0	0.22	0.21	73096	MATCH
sa_csmith_149.c	lean	0	1.01	1.01	109588	MATCH
sa_csmith_15.c	oracle	124	15.05	15.04	665048	CERB_SKIP
sa_csmith_15.c	lean	NA	NA	NA	NA	CERB_SKIP
sa_csmith_150.c	oracle	0	0.04	0.03	49888	MATCH
sa_csmith_150.c	lean	0	0.06	0.06	85100	MATCH
sa_csmith_151.c	oracle	124	15.02	15.02	305304	CERB_SKIP
sa_csmith_151.c	lean	NA	NA	NA	NA	CERB_SKIP
sa_csmith_152.c	oracle	124	15.03	15.02	456016	CERB_SKIP
sa_csmith_152.c	lean	NA	NA	NA	NA	CERB_SKIP
sa_csmith_153.c	oracle	0	0.04	0.03	48160	MATCH
sa_csmith_153.c	lean	0	0.07	0.06	84184	MATCH
sa_csmith_154.c	oracle	0	0.04	0.03	49208	MATCH
sa_csmith_154.c	lean	0	0.06	0.06	80200	MATCH
sa_csmith_155.c	oracle	124	15.05	15.04	636880	CERB_SKIP
sa_csmith_155.c	lean	NA	NA	NA	NA	CERB_SKIP
sa_csmith_156.c	oracle	124	15.04	15.04	621320	CERB_SKIP
sa_csmith_156.c	lean	NA	NA	NA	NA	CERB_SKIP
sa_csmith_157.c	oracle	124	15.04	15.04	601972	CERB_SKIP
sa_csmith_157.c	lean	NA	NA	NA	NA	CERB_SKIP
sa_csmith_158.c	oracle	124	15.04	15.03	503708	CERB_SKIP
sa_csmith_158.c	lean	NA	NA	NA	NA	CERB_SKIP
sa_csmith_159.c	oracle	0	0.04	0.03	49368	MATCH
sa_csmith_159.c	lean	0	0.06	0.06	84684	MATCH
sa_csmith_16.c	oracle	124	15.04	15.04	631392	CERB_SKIP
sa_csmith_16.c	lean	NA	NA	NA	NA	CERB_SKIP
sa_csmith_160.c	oracle	0	0.04	0.04	49572	MATCH
sa_csmith_160.c	lean	0	0.07	0.06	84052	MATCH
sa_csmith_161.c	oracle	124	15.05	15.04	646532	CERB_SKIP
sa_csmith_161.c	lean	NA	NA	NA	NA	CERB_SKIP
sa_csmith_162.c	oracle	0	1.50	1.50	102912	MATCH
sa_csmith_162.c	lean	0	4.11	4.10	117808	MATCH
sa_csmith_163.c	oracle	124	15.03	15.03	639332	CERB_SKIP
sa_csmith_163.c	lean	NA	NA	NA	NA	CERB_SKIP
sa_csmith_164.c	oracle	0	0.04	0.04	49288	MATCH
sa_csmith_164.c	lean	0	0.06	0.06	84392	MATCH
sa_csmith_165.c	oracle	124	15.04	15.03	688048	CERB_SKIP
sa_csmith_165.c	lean	NA	NA	NA	NA	CERB_SKIP
sa_csmith_166.c	oracle	0	0.04	0.04	48652	MATCH
sa_csmith_166.c	lean	0	0.06	0.06	85072	MATCH
sa_csmith_167.c	oracle	0	0.04	0.04	49180	MATCH
sa_csmith_167.c	lean	0	0.06	0.06	84800	MATCH
sa_csmith_168.c	oracle	0	0.09	0.08	69712	MATCH
sa_csmith_168.c	lean	0	0.22	0.21	114248	MATCH
sa_csmith_169.c	oracle	124	15.03	15.03	637436	CERB_SKIP
sa_csmith_169.c	lean	NA	NA	NA	NA	CERB_SKIP
sa_csmith_17.c	oracle	124	15.04	15.03	637080	CERB_SKIP
sa_csmith_17.c	lean	NA	NA	NA	NA	CERB_SKIP
sa_csmith_170.c	oracle	0	0.04	0.04	49448	MATCH
sa_csmith_170.c	lean	0	0.06	0.06	84136	MATCH
sa_csmith_171.c	oracle	0	0.04	0.04	48836	MATCH
sa_csmith_171.c	lean	0	0.06	0.06	84036	MATCH
sa_csmith_172.c	oracle	0	0.08	0.07	59804	MATCH
sa_csmith_172.c	lean	0	0.18	0.17	103772	MATCH
sa_csmith_173.c	oracle	0	0.10	0.10	65600	MATCH
sa_csmith_173.c	lean	0	0.27	0.26	108896	MATCH
sa_csmith_174.c	oracle	0	0.36	0.35	61832	MATCH
sa_csmith_174.c	lean	0	1.10	1.09	88420	MATCH
sa_csmith_175.c	oracle	124	15.03	15.02	622416	CERB_SKIP
sa_csmith_175.c	lean	NA	NA	NA	NA	CERB_SKIP
sa_csmith_176.c	oracle	0	0.09	0.08	63388	MATCH
sa_csmith_176.c	lean	0	0.28	0.27	106300	MATCH
sa_csmith_177.c	oracle	124	15.02	15.02	409260	CERB_SKIP
sa_csmith_177.c	lean	NA	NA	NA	NA	CERB_SKIP
sa_csmith_178.c	oracle	0	0.04	0.03	48924	MATCH
sa_csmith_178.c	lean	0	0.06	0.06	83956	MATCH
sa_csmith_179.c	oracle	124	15.04	15.03	644028	CERB_SKIP
sa_csmith_179.c	lean	NA	NA	NA	NA	CERB_SKIP
sa_csmith_18.c	oracle	124	15.05	15.05	654308	CERB_SKIP
sa_csmith_18.c	lean	NA	NA	NA	NA	CERB_SKIP
sa_csmith_180.c	oracle	0	0.47	0.46	82728	MATCH
sa_csmith_180.c	lean	0	2.39	2.39	115180	MATCH
sa_csmith_181.c	oracle	124	15.04	15.03	487188	CERB_SKIP
sa_csmith_181.c	lean	NA	NA	NA	NA	CERB_SKIP
sa_csmith_182.c	oracle	0	0.38	0.37	80252	MATCH
sa_csmith_182.c	lean	0	1.50	1.49	110408	MATCH
sa_csmith_183.c	oracle	0	0.47	0.46	90252	MATCH
sa_csmith_183.c	lean	0	1.84	1.84	125608	MATCH
sa_csmith_184.c	oracle	124	15.05	15.04	666104	CERB_SKIP
sa_csmith_184.c	lean	NA	NA	NA	NA	CERB_SKIP
sa_csmith_185.c	oracle	124	15.03	15.02	517808	CERB_SKIP
sa_csmith_185.c	lean	NA	NA	NA	NA	CERB_SKIP
sa_csmith_186.c	oracle	124	15.05	15.04	629436	CERB_SKIP
sa_csmith_186.c	lean	NA	NA	NA	NA	CERB_SKIP
sa_csmith_187.c	oracle	124	15.05	15.04	660300	CERB_SKIP
sa_csmith_187.c	lean	NA	NA	NA	NA	CERB_SKIP
sa_csmith_188.c	oracle	124	15.04	15.03	613092	CERB_SKIP
sa_csmith_188.c	lean	NA	NA	NA	NA	CERB_SKIP
sa_csmith_189.c	oracle	0	0.05	0.04	49432	MATCH
sa_csmith_189.c	lean	0	0.08	0.08	84356	MATCH
sa_csmith_19.c	oracle	0	0.09	0.09	63720	MATCH
sa_csmith_19.c	lean	0	0.22	0.22	106532	MATCH
sa_csmith_190.c	oracle	124	15.05	15.04	645572	CERB_SKIP
sa_csmith_190.c	lean	NA	NA	NA	NA	CERB_SKIP
sa_csmith_191.c	oracle	0	0.04	0.04	48584	MATCH
sa_csmith_191.c	lean	0	0.07	0.06	84628	MATCH
sa_csmith_192.c	oracle	0	0.04	0.04	50252	MATCH
sa_csmith_192.c	lean	0	0.08	0.07	86212	MATCH
sa_csmith_193.c	oracle	0	0.04	0.04	49364	MATCH
sa_csmith_193.c	lean	0	0.06	0.05	84052	MATCH
sa_csmith_194.c	oracle	124	15.05	15.04	684008	CERB_SKIP
sa_csmith_194.c	lean	NA	NA	NA	NA	CERB_SKIP
sa_csmith_195.c	oracle	0	0.08	0.08	62648	MATCH
sa_csmith_195.c	lean	0	0.22	0.21	104376	MATCH
sa_csmith_196.c	oracle	0	0.04	0.04	48212	MATCH
sa_csmith_196.c	lean	0	0.07	0.06	85160	MATCH
sa_csmith_197.c	oracle	0	5.89	5.88	297912	TIMEOUT
sa_csmith_197.c	lean	124	15.01	15.00	197220	TIMEOUT
sa_csmith_198.c	oracle	0	0.04	0.03	48340	MATCH
sa_csmith_198.c	lean	0	0.06	0.06	83744	MATCH
sa_csmith_199.c	oracle	124	15.04	15.04	619100	CERB_SKIP
sa_csmith_199.c	lean	NA	NA	NA	NA	CERB_SKIP
sa_csmith_20.c	oracle	124	15.05	15.04	664276	CERB_SKIP
sa_csmith_20.c	lean	NA	NA	NA	NA	CERB_SKIP
sa_csmith_200.c	oracle	124	15.05	15.04	645264	CERB_SKIP
sa_csmith_200.c	lean	NA	NA	NA	NA	CERB_SKIP
sa_csmith_201.c	oracle	0	0.04	0.03	50056	MATCH
sa_csmith_201.c	lean	0	0.06	0.06	84212	MATCH
sa_csmith_202.c	oracle	124	15.05	15.04	672072	CERB_SKIP
sa_csmith_202.c	lean	NA	NA	NA	NA	CERB_SKIP
sa_csmith_203.c	oracle	124	15.03	15.02	481036	CERB_SKIP
sa_csmith_203.c	lean	NA	NA	NA	NA	CERB_SKIP
sa_csmith_204.c	oracle	124	15.05	15.04	656596	CERB_SKIP
sa_csmith_204.c	lean	NA	NA	NA	NA	CERB_SKIP
sa_csmith_205.c	oracle	124	15.05	15.04	655348	CERB_SKIP
sa_csmith_205.c	lean	NA	NA	NA	NA	CERB_SKIP
sa_csmith_206.c	oracle	124	15.05	15.04	644224	CERB_SKIP
sa_csmith_206.c	lean	NA	NA	NA	NA	CERB_SKIP
sa_csmith_207.c	oracle	0	0.04	0.04	50216	MATCH
sa_csmith_207.c	lean	0	0.07	0.07	88048	MATCH
sa_csmith_208.c	oracle	124	15.04	15.04	597188	CERB_SKIP
sa_csmith_208.c	lean	NA	NA	NA	NA	CERB_SKIP
sa_csmith_209.c	oracle	0	0.04	0.04	49136	MATCH
sa_csmith_209.c	lean	0	0.07	0.06	86708	MATCH
sa_csmith_21.c	oracle	0	0.04	0.03	49152	MATCH
sa_csmith_21.c	lean	0	0.06	0.05	84808	MATCH
sa_csmith_210.c	oracle	124	15.05	15.03	655748	CERB_SKIP
sa_csmith_210.c	lean	NA	NA	NA	NA	CERB_SKIP
sa_csmith_211.c	oracle	124	15.05	15.03	663812	CERB_SKIP
sa_csmith_211.c	lean	NA	NA	NA	NA	CERB_SKIP
sa_csmith_212.c	oracle	0	0.04	0.03	49384	MATCH
sa_csmith_212.c	lean	0	0.07	0.06	83964	MATCH
sa_csmith_213.c	oracle	0	0.04	0.04	49964	MATCH
sa_csmith_213.c	lean	0	0.08	0.07	87396	MATCH
sa_csmith_214.c	oracle	124	15.04	15.03	635856	CERB_SKIP
sa_csmith_214.c	lean	NA	NA	NA	NA	CERB_SKIP
sa_csmith_215.c	oracle	0	0.04	0.04	48740	MATCH
sa_csmith_215.c	lean	0	0.07	0.06	83392	MATCH
sa_csmith_216.c	oracle	124	15.04	15.03	634528	CERB_SKIP
sa_csmith_216.c	lean	NA	NA	NA	NA	CERB_SKIP
sa_csmith_217.c	oracle	124	15.04	15.03	678024	CERB_SKIP
sa_csmith_217.c	lean	NA	NA	NA	NA	CERB_SKIP
sa_csmith_218.c	oracle	0	0.15	0.14	74920	MATCH
sa_csmith_218.c	lean	0	0.72	0.71	119424	MATCH
sa_csmith_219.c	oracle	124	15.05	15.04	647752	CERB_SKIP
sa_csmith_219.c	lean	NA	NA	NA	NA	CERB_SKIP
sa_csmith_22.c	oracle	0	0.07	0.06	60896	MATCH
sa_csmith_22.c	lean	0	0.16	0.15	103196	MATCH
sa_csmith_220.c	oracle	124	15.02	15.02	375944	CERB_SKIP
sa_csmith_220.c	lean	NA	NA	NA	NA	CERB_SKIP
sa_csmith_221.c	oracle	0	0.04	0.03	48700	MATCH
sa_csmith_221.c	lean	0	0.06	0.05	85256	MATCH
sa_csmith_222.c	oracle	124	15.04	15.04	641512	CERB_SKIP
sa_csmith_222.c	lean	NA	NA	NA	NA	CERB_SKIP
sa_csmith_223.c	oracle	0	0.08	0.07	60264	MATCH
sa_csmith_223.c	lean	0	0.17	0.16	102312	MATCH
sa_csmith_224.c	oracle	124	15.04	15.04	604232	CERB_SKIP
sa_csmith_224.c	lean	NA	NA	NA	NA	CERB_SKIP
sa_csmith_225.c	oracle	0	0.04	0.04	49572	MATCH
sa_csmith_225.c	lean	0	0.06	0.05	84484	MATCH
sa_csmith_226.c	oracle	124	15.03	15.02	411048	CERB_SKIP
sa_csmith_226.c	lean	NA	NA	NA	NA	CERB_SKIP
sa_csmith_227.c	oracle	124	15.04	15.04	576576	CERB_SKIP
sa_csmith_227.c	lean	NA	NA	NA	NA	CERB_SKIP
sa_csmith_228.c	oracle	0	0.04	0.04	49420	MATCH
sa_csmith_228.c	lean	0	0.07	0.06	84200	MATCH
sa_csmith_229.c	oracle	124	15.04	15.04	569124	CERB_SKIP
sa_csmith_229.c	lean	NA	NA	NA	NA	CERB_SKIP
sa_csmith_23.c	oracle	0	0.04	0.04	49284	MATCH
sa_csmith_23.c	lean	0	0.06	0.05	84724	MATCH
sa_csmith_230.c	oracle	0	0.04	0.03	50004	MATCH
sa_csmith_230.c	lean	0	0.07	0.06	84032	MATCH
sa_csmith_231.c	oracle	124	15.02	15.01	295056	CERB_SKIP
sa_csmith_231.c	lean	NA	NA	NA	NA	CERB_SKIP
sa_csmith_232.c	oracle	124	15.05	15.04	651948	CERB_SKIP
sa_csmith_232.c	lean	NA	NA	NA	NA	CERB_SKIP
sa_csmith_233.c	oracle	124	15.05	15.04	637236	CERB_SKIP
sa_csmith_233.c	lean	NA	NA	NA	NA	CERB_SKIP
sa_csmith_234.c	oracle	0	0.09	0.08	63448	MATCH
sa_csmith_234.c	lean	0	0.21	0.21	103956	MATCH
sa_csmith_235.c	oracle	124	15.05	15.04	684292	CERB_SKIP
sa_csmith_235.c	lean	NA	NA	NA	NA	CERB_SKIP
sa_csmith_236.c	oracle	124	15.05	15.04	655260	CERB_SKIP
sa_csmith_236.c	lean	NA	NA	NA	NA	CERB_SKIP
sa_csmith_237.c	oracle	124	15.04	15.03	626024	CERB_SKIP
sa_csmith_237.c	lean	NA	NA	NA	NA	CERB_SKIP
sa_csmith_238.c	oracle	124	15.05	15.04	665212	CERB_SKIP
sa_csmith_238.c	lean	NA	NA	NA	NA	CERB_SKIP
sa_csmith_239.c	oracle	0	0.13	0.13	68296	MATCH
sa_csmith_239.c	lean	0	0.41	0.40	110288	MATCH
sa_csmith_24.c	oracle	124	15.04	15.03	518520	CERB_SKIP
sa_csmith_24.c	lean	NA	NA	NA	NA	CERB_SKIP
sa_csmith_240.c	oracle	0	0.04	0.03	50032	MATCH
sa_csmith_240.c	lean	0	0.07	0.06	84488	MATCH
sa_csmith_241.c	oracle	0	0.04	0.04	49152	MATCH
sa_csmith_241.c	lean	0	0.07	0.06	84812	MATCH
sa_csmith_242.c	oracle	0	0.09	0.08	66124	MATCH
sa_csmith_242.c	lean	0	0.19	0.19	109020	MATCH
sa_csmith_243.c	oracle	0	0.04	0.03	49016	MATCH
sa_csmith_243.c	lean	0	0.06	0.05	84016	MATCH
sa_csmith_244.c	oracle	124	15.05	15.03	652676	CERB_SKIP
sa_csmith_244.c	lean	NA	NA	NA	NA	CERB_SKIP
sa_csmith_245.c	oracle	0	0.04	0.03	49692	MATCH
sa_csmith_245.c	lean	0	0.07	0.06	85636	MATCH
sa_csmith_246.c	oracle	124	15.04	15.04	625504	CERB_SKIP
sa_csmith_246.c	lean	NA	NA	NA	NA	CERB_SKIP
sa_csmith_247.c	oracle	0	0.11	0.11	74232	MATCH
sa_csmith_247.c	lean	0	0.34	0.34	120140	MATCH
sa_csmith_248.c	oracle	124	15.04	15.03	600428	CERB_SKIP
sa_csmith_248.c	lean	NA	NA	NA	NA	CERB_SKIP
sa_csmith_249.c	oracle	0	0.09	0.09	67620	MATCH
sa_csmith_249.c	lean	0	0.22	0.21	112548	MATCH
sa_csmith_25.c	oracle	0	0.47	0.46	82784	MATCH
sa_csmith_25.c	lean	0	1.81	1.80	115260	MATCH
sa_csmith_250.c	oracle	0	0.04	0.03	49440	MATCH
sa_csmith_250.c	lean	0	0.06	0.05	84348	MATCH
sa_csmith_251.c	oracle	124	15.04	15.03	630036	CERB_SKIP
sa_csmith_251.c	lean	NA	NA	NA	NA	CERB_SKIP
sa_csmith_252.c	oracle	124	15.04	15.04	608160	CERB_SKIP
sa_csmith_252.c	lean	NA	NA	NA	NA	CERB_SKIP
sa_csmith_253.c	oracle	124	15.05	15.04	671736	CERB_SKIP
sa_csmith_253.c	lean	NA	NA	NA	NA	CERB_SKIP
sa_csmith_254.c	oracle	0	0.04	0.04	49380	MATCH
sa_csmith_254.c	lean	0	0.06	0.05	84832	MATCH
sa_csmith_255.c	oracle	124	15.05	15.04	689036	CERB_SKIP
sa_csmith_255.c	lean	NA	NA	NA	NA	CERB_SKIP
sa_csmith_256.c	oracle	124	15.05	15.05	695772	CERB_SKIP
sa_csmith_256.c	lean	NA	NA	NA	NA	CERB_SKIP
sa_csmith_257.c	oracle	124	15.04	15.03	557276	CERB_SKIP
sa_csmith_257.c	lean	NA	NA	NA	NA	CERB_SKIP
sa_csmith_258.c	oracle	124	15.04	15.04	663892	CERB_SKIP
sa_csmith_258.c	lean	NA	NA	NA	NA	CERB_SKIP
sa_csmith_259.c	oracle	124	15.04	15.04	598064	CERB_SKIP
sa_csmith_259.c	lean	NA	NA	NA	NA	CERB_SKIP
sa_csmith_26.c	oracle	124	15.04	15.03	564276	CERB_SKIP
sa_csmith_26.c	lean	NA	NA	NA	NA	CERB_SKIP
sa_csmith_260.c	oracle	124	15.05	15.04	660556	CERB_SKIP
sa_csmith_260.c	lean	NA	NA	NA	NA	CERB_SKIP
sa_csmith_261.c	oracle	0	0.04	0.03	48456	MATCH
sa_csmith_261.c	lean	0	0.06	0.05	85324	MATCH
sa_csmith_262.c	oracle	0	0.10	0.10	68232	MATCH
sa_csmith_262.c	lean	0	0.25	0.25	111716	MATCH
sa_csmith_263.c	oracle	0	0.04	0.03	49468	MATCH
sa_csmith_263.c	lean	0	0.07	0.06	85428	MATCH
sa_csmith_264.c	oracle	124	15.04	15.03	628284	CERB_SKIP
sa_csmith_264.c	lean	NA	NA	NA	NA	CERB_SKIP
sa_csmith_265.c	oracle	124	15.04	15.03	639800	CERB_SKIP
sa_csmith_265.c	lean	NA	NA	NA	NA	CERB_SKIP
sa_csmith_266.c	oracle	0	0.05	0.04	49016	MATCH
sa_csmith_266.c	lean	0	0.07	0.07	84388	MATCH
sa_csmith_267.c	oracle	124	15.04	15.03	539680	CERB_SKIP
sa_csmith_267.c	lean	NA	NA	NA	NA	CERB_SKIP
sa_csmith_268.c	oracle	0	0.07	0.07	57508	MATCH
sa_csmith_268.c	lean	0	0.16	0.15	97352	MATCH
sa_csmith_269.c	oracle	124	15.02	15.01	279828	CERB_SKIP
sa_csmith_269.c	lean	NA	NA	NA	NA	CERB_SKIP
sa_csmith_27.c	oracle	124	15.05	15.04	673320	CERB_SKIP
sa_csmith_27.c	lean	NA	NA	NA	NA	CERB_SKIP
sa_csmith_270.c	oracle	0	0.05	0.04	49784	MATCH
sa_csmith_270.c	lean	0	0.08	0.07	86480	MATCH
sa_csmith_271.c	oracle	0	0.09	0.09	64280	MATCH
sa_csmith_271.c	lean	0	0.21	0.20	106764	MATCH
sa_csmith_272.c	oracle	0	1.90	1.90	119924	MATCH
sa_csmith_272.c	lean	0	5.64	5.63	133344	MATCH
sa_csmith_273.c	oracle	0	0.04	0.03	49324	MATCH
sa_csmith_273.c	lean	0	0.06	0.06	83832	MATCH
sa_csmith_274.c	oracle	0	0.04	0.04	48536	MATCH
sa_csmith_274.c	lean	0	0.07	0.06	83624	MATCH
sa_csmith_275.c	oracle	124	15.05	15.04	664276	CERB_SKIP
sa_csmith_275.c	lean	NA	NA	NA	NA	CERB_SKIP
sa_csmith_276.c	oracle	124	15.05	15.04	644268	CERB_SKIP
sa_csmith_276.c	lean	NA	NA	NA	NA	CERB_SKIP
sa_csmith_277.c	oracle	0	0.05	0.05	50112	MATCH
sa_csmith_277.c	lean	0	0.09	0.08	87440	MATCH
sa_csmith_278.c	oracle	0	0.04	0.03	49824	MATCH
sa_csmith_278.c	lean	0	0.06	0.06	84436	MATCH
sa_csmith_279.c	oracle	0	0.04	0.04	49280	MATCH
sa_csmith_279.c	lean	0	0.08	0.07	83916	MATCH
sa_csmith_28.c	oracle	0	0.08	0.08	61368	MATCH
sa_csmith_28.c	lean	0	0.19	0.19	103016	MATCH
sa_csmith_280.c	oracle	124	15.04	15.04	567568	CERB_SKIP
sa_csmith_280.c	lean	NA	NA	NA	NA	CERB_SKIP
sa_csmith_281.c	oracle	124	15.04	15.03	586728	CERB_SKIP
sa_csmith_281.c	lean	NA	NA	NA	NA	CERB_SKIP
sa_csmith_282.c	oracle	124	15.03	15.02	419504	CERB_SKIP
sa_csmith_282.c	lean	NA	NA	NA	NA	CERB_SKIP
sa_csmith_283.c	oracle	0	0.04	0.04	48732	MATCH
sa_csmith_283.c	lean	0	0.08	0.08	80236	MATCH
sa_csmith_284.c	oracle	124	15.03	15.03	479472	CERB_SKIP
sa_csmith_284.c	lean	NA	NA	NA	NA	CERB_SKIP
sa_csmith_285.c	oracle	0	0.04	0.04	48556	MATCH
sa_csmith_285.c	lean	0	0.06	0.06	84616	MATCH
sa_csmith_286.c	oracle	124	15.05	15.04	645836	CERB_SKIP
sa_csmith_286.c	lean	NA	NA	NA	NA	CERB_SKIP
sa_csmith_287.c	oracle	0	0.10	0.09	64308	MATCH
sa_csmith_287.c	lean	0	0.19	0.19	108324	MATCH
sa_csmith_288.c	oracle	0	0.04	0.04	48504	MATCH
sa_csmith_288.c	lean	0	0.06	0.06	79984	MATCH
sa_csmith_289.c	oracle	124	15.05	15.05	641532	CERB_SKIP
sa_csmith_289.c	lean	NA	NA	NA	NA	CERB_SKIP
sa_csmith_29.c	oracle	0	2.75	2.74	174932	MATCH
sa_csmith_29.c	lean	0	12.75	12.74	186592	MATCH
sa_csmith_290.c	oracle	124	15.05	15.05	696444	CERB_SKIP
sa_csmith_290.c	lean	NA	NA	NA	NA	CERB_SKIP
sa_csmith_291.c	oracle	124	15.04	15.04	571520	CERB_SKIP
sa_csmith_291.c	lean	NA	NA	NA	NA	CERB_SKIP
sa_csmith_292.c	oracle	124	15.04	15.03	568152	CERB_SKIP
sa_csmith_292.c	lean	NA	NA	NA	NA	CERB_SKIP
sa_csmith_293.c	oracle	0	0.10	0.09	63652	MATCH
sa_csmith_293.c	lean	0	0.23	0.22	106044	MATCH
sa_csmith_294.c	oracle	0	0.10	0.10	68928	MATCH
sa_csmith_294.c	lean	0	0.26	0.25	112848	MATCH
sa_csmith_295.c	oracle	0	0.07	0.07	60080	MATCH
sa_csmith_295.c	lean	0	0.19	0.18	102124	MATCH
sa_csmith_296.c	oracle	124	15.05	15.05	669532	CERB_SKIP
sa_csmith_296.c	lean	NA	NA	NA	NA	CERB_SKIP
sa_csmith_297.c	oracle	124	15.05	15.04	642252	CERB_SKIP
sa_csmith_297.c	lean	NA	NA	NA	NA	CERB_SKIP
sa_csmith_298.c	oracle	124	15.05	15.04	682480	CERB_SKIP
sa_csmith_298.c	lean	NA	NA	NA	NA	CERB_SKIP
sa_csmith_299.c	oracle	0	1.73	1.72	134504	MATCH
sa_csmith_299.c	lean	0	10.54	10.53	156760	MATCH
sa_csmith_30.c	oracle	124	15.04	15.04	670316	CERB_SKIP
sa_csmith_30.c	lean	NA	NA	NA	NA	CERB_SKIP
sa_csmith_300.c	oracle	124	15.04	15.04	649600	CERB_SKIP
sa_csmith_300.c	lean	NA	NA	NA	NA	CERB_SKIP
sa_csmith_301.c	oracle	124	15.04	15.03	615108	CERB_SKIP
sa_csmith_301.c	lean	NA	NA	NA	NA	CERB_SKIP
sa_csmith_302.c	oracle	124	15.04	15.03	632488	CERB_SKIP
sa_csmith_302.c	lean	NA	NA	NA	NA	CERB_SKIP
sa_csmith_303.c	oracle	124	15.04	15.04	620220	CERB_SKIP
sa_csmith_303.c	lean	NA	NA	NA	NA	CERB_SKIP
sa_csmith_304.c	oracle	0	0.05	0.04	49244	MATCH
sa_csmith_304.c	lean	0	0.07	0.07	86264	MATCH
sa_csmith_305.c	oracle	0	0.04	0.03	48760	MATCH
sa_csmith_305.c	lean	0	0.07	0.06	84160	MATCH
sa_csmith_306.c	oracle	124	15.04	15.04	616980	CERB_SKIP
sa_csmith_306.c	lean	NA	NA	NA	NA	CERB_SKIP
sa_csmith_307.c	oracle	124	15.04	15.04	664120	CERB_SKIP
sa_csmith_307.c	lean	NA	NA	NA	NA	CERB_SKIP
sa_csmith_308.c	oracle	124	15.04	15.04	635072	CERB_SKIP
sa_csmith_308.c	lean	NA	NA	NA	NA	CERB_SKIP
sa_csmith_309.c	oracle	124	15.05	15.04	671088	CERB_SKIP
sa_csmith_309.c	lean	NA	NA	NA	NA	CERB_SKIP
sa_csmith_31.c	oracle	124	15.05	15.04	634448	CERB_SKIP
sa_csmith_31.c	lean	NA	NA	NA	NA	CERB_SKIP
sa_csmith_310.c	oracle	124	15.05	15.04	678496	CERB_SKIP
sa_csmith_310.c	lean	NA	NA	NA	NA	CERB_SKIP
sa_csmith_311.c	oracle	124	15.03	15.02	435036	CERB_SKIP
sa_csmith_311.c	lean	NA	NA	NA	NA	CERB_SKIP
sa_csmith_312.c	oracle	124	15.05	15.04	653040	CERB_SKIP
sa_csmith_312.c	lean	NA	NA	NA	NA	CERB_SKIP
sa_csmith_313.c	oracle	124	15.05	15.04	667248	CERB_SKIP
sa_csmith_313.c	lean	NA	NA	NA	NA	CERB_SKIP
sa_csmith_314.c	oracle	124	15.02	15.02	311600	CERB_SKIP
sa_csmith_314.c	lean	NA	NA	NA	NA	CERB_SKIP
sa_csmith_315.c	oracle	0	0.11	0.11	68192	MATCH
sa_csmith_315.c	lean	0	0.36	0.35	112516	MATCH
sa_csmith_316.c	oracle	124	15.04	15.03	507368	CERB_SKIP
sa_csmith_316.c	lean	NA	NA	NA	NA	CERB_SKIP
sa_csmith_317.c	oracle	0	0.12	0.11	68688	MATCH
sa_csmith_317.c	lean	0	0.37	0.36	110460	MATCH
sa_csmith_318.c	oracle	124	15.05	15.05	665948	CERB_SKIP
sa_csmith_318.c	lean	NA	NA	NA	NA	CERB_SKIP
sa_csmith_319.c	oracle	124	15.05	15.04	636804	CERB_SKIP
sa_csmith_319.c	lean	NA	NA	NA	NA	CERB_SKIP
sa_csmith_32.c	oracle	0	0.08	0.08	61912	MATCH
sa_csmith_32.c	lean	0	0.18	0.17	106848	MATCH
sa_csmith_320.c	oracle	124	15.05	15.05	593344	CERB_SKIP
sa_csmith_320.c	lean	NA	NA	NA	NA	CERB_SKIP
sa_csmith_321.c	oracle	0	0.04	0.04	49444	MATCH
sa_csmith_321.c	lean	0	0.08	0.07	84448	MATCH
sa_csmith_322.c	oracle	124	15.04	15.02	528360	CERB_SKIP
sa_csmith_322.c	lean	NA	NA	NA	NA	CERB_SKIP
sa_csmith_323.c	oracle	124	15.04	15.03	556748	CERB_SKIP
sa_csmith_323.c	lean	NA	NA	NA	NA	CERB_SKIP
sa_csmith_324.c	oracle	0	0.10	0.10	67340	MATCH
sa_csmith_324.c	lean	0	0.27	0.26	110220	MATCH
sa_csmith_325.c	oracle	0	0.04	0.04	48944	MATCH
sa_csmith_325.c	lean	0	0.07	0.06	83692	MATCH
sa_csmith_326.c	oracle	0	0.04	0.03	49344	MATCH
sa_csmith_326.c	lean	0	0.06	0.06	84068	MATCH
sa_csmith_327.c	oracle	0	0.04	0.04	48928	MATCH
sa_csmith_327.c	lean	0	0.07	0.06	83824	MATCH
sa_csmith_328.c	oracle	0	0.04	0.04	49312	MATCH
sa_csmith_328.c	lean	0	0.07	0.06	84240	MATCH
sa_csmith_329.c	oracle	124	15.04	15.02	498552	CERB_SKIP
sa_csmith_329.c	lean	NA	NA	NA	NA	CERB_SKIP
sa_csmith_33.c	oracle	124	15.05	15.04	590940	CERB_SKIP
sa_csmith_33.c	lean	NA	NA	NA	NA	CERB_SKIP
sa_csmith_330.c	oracle	0	0.04	0.04	49148	MATCH
sa_csmith_330.c	lean	0	0.06	0.06	84656	MATCH
sa_csmith_331.c	oracle	124	15.04	15.03	608324	CERB_SKIP
sa_csmith_331.c	lean	NA	NA	NA	NA	CERB_SKIP
sa_csmith_332.c	oracle	124	15.04	15.04	591552	CERB_SKIP
sa_csmith_332.c	lean	NA	NA	NA	NA	CERB_SKIP
sa_csmith_333.c	oracle	124	15.04	15.03	594636	CERB_SKIP
sa_csmith_333.c	lean	NA	NA	NA	NA	CERB_SKIP
sa_csmith_334.c	oracle	124	15.02	15.01	290108	CERB_SKIP
sa_csmith_334.c	lean	NA	NA	NA	NA	CERB_SKIP
sa_csmith_335.c	oracle	124	15.05	15.04	661200	CERB_SKIP
sa_csmith_335.c	lean	NA	NA	NA	NA	CERB_SKIP
sa_csmith_336.c	oracle	0	0.08	0.08	60904	MATCH
sa_csmith_336.c	lean	0	0.23	0.23	103936	MATCH
sa_csmith_337.c	oracle	124	15.05	15.04	635748	CERB_SKIP
sa_csmith_337.c	lean	NA	NA	NA	NA	CERB_SKIP
sa_csmith_338.c	oracle	124	15.03	15.03	465836	CERB_SKIP
sa_csmith_338.c	lean	NA	NA	NA	NA	CERB_SKIP
sa_csmith_339.c	oracle	0	0.11	0.10	71896	MATCH
sa_csmith_339.c	lean	0	0.33	0.32	118516	MATCH
sa_csmith_34.c	oracle	124	15.05	15.04	665228	CERB_SKIP
sa_csmith_34.c	lean	NA	NA	NA	NA	CERB_SKIP
sa_csmith_340.c	oracle	124	15.04	15.03	561680	CERB_SKIP
sa_csmith_340.c	lean	NA	NA	NA	NA	CERB_SKIP
sa_csmith_341.c	oracle	124	15.02	15.01	292336	CERB_SKIP
sa_csmith_341.c	lean	NA	NA	NA	NA	CERB_SKIP
sa_csmith_342.c	oracle	0	2.69	2.68	162776	MATCH
sa_csmith_342.c	lean	0	13.08	13.07	173728	MATCH
sa_csmith_343.c	oracle	124	15.04	15.04	632348	CERB_SKIP
sa_csmith_343.c	lean	NA	NA	NA	NA	CERB_SKIP
sa_csmith_344.c	oracle	124	15.04	15.03	649504	CERB_SKIP
sa_csmith_344.c	lean	NA	NA	NA	NA	CERB_SKIP
sa_csmith_345.c	oracle	0	0.04	0.04	49404	MATCH
sa_csmith_345.c	lean	0	0.06	0.06	84492	MATCH
sa_csmith_346.c	oracle	124	15.04	15.04	640852	CERB_SKIP
sa_csmith_346.c	lean	NA	NA	NA	NA	CERB_SKIP
sa_csmith_347.c	oracle	0	0.04	0.04	49808	MATCH
sa_csmith_347.c	lean	0	0.07	0.06	84052	MATCH
sa_csmith_348.c	oracle	124	15.02	15.02	370840	CERB_SKIP
sa_csmith_348.c	lean	NA	NA	NA	NA	CERB_SKIP
sa_csmith_349.c	oracle	0	0.04	0.03	49724	MATCH
sa_csmith_349.c	lean	0	0.06	0.06	84192	MATCH
sa_csmith_35.c	oracle	0	0.04	0.03	49772	MATCH
sa_csmith_35.c	lean	0	0.06	0.06	84004	MATCH
sa_csmith_350.c	oracle	0	0.09	0.09	66324	MATCH
sa_csmith_350.c	lean	0	0.28	0.27	109832	MATCH
sa_csmith_351.c	oracle	124	15.04	15.03	630240	CERB_SKIP
sa_csmith_351.c	lean	NA	NA	NA	NA	CERB_SKIP
sa_csmith_352.c	oracle	0	0.08	0.07	63460	MATCH
sa_csmith_352.c	lean	0	0.16	0.16	106148	MATCH
sa_csmith_353.c	oracle	124	15.04	15.03	593060	CERB_SKIP
sa_csmith_353.c	lean	NA	NA	NA	NA	CERB_SKIP
sa_csmith_354.c	oracle	0	0.04	0.03	49380	MATCH
sa_csmith_354.c	lean	0	0.06	0.06	84636	MATCH
sa_csmith_355.c	oracle	124	15.04	15.03	569832	CERB_SKIP
sa_csmith_355.c	lean	NA	NA	NA	NA	CERB_SKIP
sa_csmith_356.c	oracle	0	0.04	0.03	48932	MATCH
sa_csmith_356.c	lean	0	0.06	0.06	83876	MATCH
sa_csmith_357.c	oracle	0	0.04	0.03	48644	MATCH
sa_csmith_357.c	lean	0	0.06	0.06	79984	MATCH
sa_csmith_358.c	oracle	0	0.09	0.09	67188	MATCH
sa_csmith_358.c	lean	0	0.23	0.23	110124	MATCH
sa_csmith_359.c	oracle	124	15.04	15.04	604552	CERB_SKIP
sa_csmith_359.c	lean	NA	NA	NA	NA	CERB_SKIP
sa_csmith_36.c	oracle	124	15.04	15.04	610656	CERB_SKIP
sa_csmith_36.c	lean	NA	NA	NA	NA	CERB_SKIP
sa_csmith_360.c	oracle	0	0.08	0.07	50540	MATCH
sa_csmith_360.c	lean	0	0.16	0.15	83956	MATCH
sa_csmith_361.c	oracle	124	15.04	15.03	594696	CERB_SKIP
sa_csmith_361.c	lean	NA	NA	NA	NA	CERB_SKIP
sa_csmith_362.c	oracle	124	15.05	15.04	685836	CERB_SKIP
sa_csmith_362.c	lean	NA	NA	NA	NA	CERB_SKIP
sa_csmith_363.c	oracle	124	15.05	15.04	693584	CERB_SKIP
sa_csmith_363.c	lean	NA	NA	NA	NA	CERB_SKIP
sa_csmith_364.c	oracle	124	15.04	15.03	617704	CERB_SKIP
sa_csmith_364.c	lean	NA	NA	NA	NA	CERB_SKIP
sa_csmith_365.c	oracle	124	15.05	15.04	673704	CERB_SKIP
sa_csmith_365.c	lean	NA	NA	NA	NA	CERB_SKIP
sa_csmith_366.c	oracle	124	15.05	15.04	705640	CERB_SKIP
sa_csmith_366.c	lean	NA	NA	NA	NA	CERB_SKIP
sa_csmith_367.c	oracle	0	0.04	0.04	48280	MATCH
sa_csmith_367.c	lean	0	0.07	0.06	80232	MATCH
sa_csmith_368.c	oracle	124	15.03	15.02	613588	CERB_SKIP
sa_csmith_368.c	lean	NA	NA	NA	NA	CERB_SKIP
sa_csmith_369.c	oracle	0	4.27	4.27	231528	TIMEOUT
sa_csmith_369.c	lean	124	15.00	15.00	193568	TIMEOUT
sa_csmith_37.c	oracle	124	15.04	15.03	653496	CERB_SKIP
sa_csmith_37.c	lean	NA	NA	NA	NA	CERB_SKIP
sa_csmith_370.c	oracle	124	15.04	15.03	656600	CERB_SKIP
sa_csmith_370.c	lean	NA	NA	NA	NA	CERB_SKIP
sa_csmith_371.c	oracle	0	3.58	3.57	205028	TIMEOUT
sa_csmith_371.c	lean	124	15.00	14.99	197060	TIMEOUT
sa_csmith_372.c	oracle	124	15.05	15.04	648820	CERB_SKIP
sa_csmith_372.c	lean	NA	NA	NA	NA	CERB_SKIP
sa_csmith_373.c	oracle	0	0.10	0.09	70556	MATCH
sa_csmith_373.c	lean	0	0.27	0.27	117464	MATCH
sa_csmith_374.c	oracle	124	15.08	14.83	613544	CERB_SKIP
sa_csmith_374.c	lean	NA	NA	NA	NA	CERB_SKIP
sa_csmith_375.c	oracle	124	15.03	14.28	264192	CERB_SKIP
sa_csmith_375.c	lean	NA	NA	NA	NA	CERB_SKIP
sa_csmith_376.c	oracle	0	0.78	0.70	79080	MATCH
sa_csmith_376.c	lean	0	3.35	3.17	108732	MATCH
sa_csmith_377.c	oracle	0	0.07	0.07	48612	MATCH
sa_csmith_377.c	lean	0	0.16	0.14	79996	MATCH
sa_csmith_378.c	oracle	124	15.05	14.52	390576	CERB_SKIP
sa_csmith_378.c	lean	NA	NA	NA	NA	CERB_SKIP
sa_csmith_379.c	oracle	124	15.02	14.43	240816	CERB_SKIP
sa_csmith_379.c	lean	NA	NA	NA	NA	CERB_SKIP
sa_csmith_38.c	oracle	124	15.05	14.30	392580	CERB_SKIP
sa_csmith_38.c	lean	NA	NA	NA	NA	CERB_SKIP
sa_csmith_380.c	oracle	0	0.09	0.07	47468	MATCH
sa_csmith_380.c	lean	0	0.13	0.11	83916	MATCH
sa_csmith_381.c	oracle	124	15.05	14.55	339736	CERB_SKIP
sa_csmith_381.c	lean	NA	NA	NA	NA	CERB_SKIP
sa_csmith_382.c	oracle	0	0.10	0.08	48996	MATCH
sa_csmith_382.c	lean	0	0.16	0.14	83164	MATCH
sa_csmith_383.c	oracle	124	15.05	14.67	392860	CERB_SKIP
sa_csmith_383.c	lean	NA	NA	NA	NA	CERB_SKIP
sa_csmith_384.c	oracle	124	15.05	14.69	394428	CERB_SKIP
sa_csmith_384.c	lean	NA	NA	NA	NA	CERB_SKIP
sa_csmith_385.c	oracle	0	0.07	0.06	49168	MATCH
sa_csmith_385.c	lean	0	0.15	0.12	83120	MATCH
sa_csmith_386.c	oracle	0	0.13	0.12	61084	MATCH
sa_csmith_386.c	lean	0	0.34	0.32	104172	MATCH
sa_csmith_387.c	oracle	0	0.18	0.15	67900	MATCH
sa_csmith_387.c	lean	0	0.47	0.43	112080	MATCH
sa_csmith_388.c	oracle	0	0.10	0.08	49448	MATCH
sa_csmith_388.c	lean	0	0.16	0.14	83752	MATCH
sa_csmith_389.c	oracle	124	15.06	14.65	379596	CERB_SKIP
sa_csmith_389.c	lean	NA	NA	NA	NA	CERB_SKIP
sa_csmith_39.c	oracle	124	15.05	14.53	396480	CERB_SKIP
sa_csmith_39.c	lean	NA	NA	NA	NA	CERB_SKIP
sa_csmith_390.c	oracle	0	0.08	0.06	48456	MATCH
sa_csmith_390.c	lean	0	0.14	0.12	83288	MATCH
sa_csmith_391.c	oracle	124	15.04	14.41	356576	CERB_SKIP
sa_csmith_391.c	lean	NA	NA	NA	NA	CERB_SKIP
sa_csmith_392.c	oracle	0	0.11	0.09	48376	MATCH
sa_csmith_392.c	lean	0	0.14	0.12	83920	MATCH
sa_csmith_393.c	oracle	124	15.05	14.12	355084	CERB_SKIP
sa_csmith_393.c	lean	NA	NA	NA	NA	CERB_SKIP
sa_csmith_394.c	oracle	0	0.11	0.07	48680	MATCH
sa_csmith_394.c	lean	0	0.16	0.13	83944	MATCH
sa_csmith_395.c	oracle	124	15.04	14.71	519380	CERB_SKIP
sa_csmith_395.c	lean	NA	NA	NA	NA	CERB_SKIP
sa_csmith_396.c	oracle	0	0.08	0.07	60328	MATCH
sa_csmith_396.c	lean	0	0.18	0.17	101888	MATCH
sa_csmith_397.c	oracle	0	0.09	0.08	63684	MATCH
sa_csmith_397.c	lean	0	0.23	0.22	106264	MATCH
sa_csmith_398.c	oracle	0	0.04	0.03	48936	MATCH
sa_csmith_398.c	lean	0	0.07	0.07	83224	MATCH
sa_csmith_399.c	oracle	124	15.05	15.04	649248	CERB_SKIP
sa_csmith_399.c	lean	NA	NA	NA	NA	CERB_SKIP
sa_csmith_40.c	oracle	0	0.04	0.04	48696	MATCH
sa_csmith_40.c	lean	0	0.07	0.06	83144	MATCH
sa_csmith_400.c	oracle	124	15.05	15.04	675816	CERB_SKIP
sa_csmith_400.c	lean	NA	NA	NA	NA	CERB_SKIP
sa_csmith_401.c	oracle	124	15.05	15.04	676900	CERB_SKIP
sa_csmith_401.c	lean	NA	NA	NA	NA	CERB_SKIP
sa_csmith_402.c	oracle	124	15.04	15.03	618000	CERB_SKIP
sa_csmith_402.c	lean	NA	NA	NA	NA	CERB_SKIP
sa_csmith_403.c	oracle	0	0.06	0.06	50016	MATCH
sa_csmith_403.c	lean	0	0.13	0.12	86000	MATCH
sa_csmith_404.c	oracle	124	15.04	15.04	630340	CERB_SKIP
sa_csmith_404.c	lean	NA	NA	NA	NA	CERB_SKIP
sa_csmith_405.c	oracle	124	15.05	15.04	661224	CERB_SKIP
sa_csmith_405.c	lean	NA	NA	NA	NA	CERB_SKIP
sa_csmith_406.c	oracle	0	0.04	0.04	49636	MATCH
sa_csmith_406.c	lean	0	0.07	0.06	83916	MATCH
sa_csmith_407.c	oracle	0	0.04	0.03	49316	MATCH
sa_csmith_407.c	lean	0	0.06	0.06	82956	MATCH
sa_csmith_408.c	oracle	0	0.04	0.04	48404	MATCH
sa_csmith_408.c	lean	0	0.06	0.05	85304	MATCH
sa_csmith_409.c	oracle	0	0.08	0.08	62924	MATCH
sa_csmith_409.c	lean	0	0.18	0.17	105660	MATCH
sa_csmith_41.c	oracle	124	15.05	15.04	658384	CERB_SKIP
sa_csmith_41.c	lean	NA	NA	NA	NA	CERB_SKIP
sa_csmith_410.c	oracle	124	15.05	15.04	644448	CERB_SKIP
sa_csmith_410.c	lean	NA	NA	NA	NA	CERB_SKIP
sa_csmith_411.c	oracle	124	15.04	14.83	625796	CERB_SKIP
sa_csmith_411.c	lean	NA	NA	NA	NA	CERB_SKIP
sa_csmith_412.c	oracle	124	15.04	15.03	595236	CERB_SKIP
sa_csmith_412.c	lean	NA	NA	NA	NA	CERB_SKIP
sa_csmith_413.c	oracle	124	15.04	15.04	647672	CERB_SKIP
sa_csmith_413.c	lean	NA	NA	NA	NA	CERB_SKIP
sa_csmith_414.c	oracle	124	15.03	15.02	380988	CERB_SKIP
sa_csmith_414.c	lean	NA	NA	NA	NA	CERB_SKIP
sa_csmith_415.c	oracle	124	15.04	15.04	619676	CERB_SKIP
sa_csmith_415.c	lean	NA	NA	NA	NA	CERB_SKIP
sa_csmith_416.c	oracle	124	15.04	15.03	583776	CERB_SKIP
sa_csmith_416.c	lean	NA	NA	NA	NA	CERB_SKIP
sa_csmith_417.c	oracle	0	0.07	0.06	59648	MATCH
sa_csmith_417.c	lean	0	0.16	0.15	102208	MATCH
sa_csmith_418.c	oracle	124	15.05	15.04	659996	CERB_SKIP
sa_csmith_418.c	lean	NA	NA	NA	NA	CERB_SKIP
sa_csmith_419.c	oracle	0	5.75	5.74	285868	TIMEOUT
sa_csmith_419.c	lean	124	15.01	14.99	206400	TIMEOUT
sa_csmith_42.c	oracle	0	0.08	0.08	62156	MATCH
sa_csmith_42.c	lean	0	0.19	0.19	105344	MATCH
sa_csmith_420.c	oracle	124	15.05	15.04	670048	CERB_SKIP
sa_csmith_420.c	lean	NA	NA	NA	NA	CERB_SKIP
sa_csmith_421.c	oracle	124	15.04	15.04	569692	CERB_SKIP
sa_csmith_421.c	lean	NA	NA	NA	NA	CERB_SKIP
sa_csmith_422.c	oracle	0	0.04	0.03	49708	MATCH
sa_csmith_422.c	lean	0	0.06	0.05	85464	MATCH
sa_csmith_423.c	oracle	124	15.05	15.04	629680	CERB_SKIP
sa_csmith_423.c	lean	NA	NA	NA	NA	CERB_SKIP
sa_csmith_424.c	oracle	0	0.04	0.04	48396	MATCH
sa_csmith_424.c	lean	0	0.07	0.06	84380	MATCH
sa_csmith_425.c	oracle	124	15.05	15.04	678644	CERB_SKIP
sa_csmith_425.c	lean	NA	NA	NA	NA	CERB_SKIP
sa_csmith_426.c	oracle	0	0.09	0.08	62868	MATCH
sa_csmith_426.c	lean	0	0.21	0.20	105224	MATCH
sa_csmith_427.c	oracle	124	15.05	15.05	693324	CERB_SKIP
sa_csmith_427.c	lean	NA	NA	NA	NA	CERB_SKIP
sa_csmith_428.c	oracle	124	15.05	15.04	658684	CERB_SKIP
sa_csmith_428.c	lean	NA	NA	NA	NA	CERB_SKIP
sa_csmith_429.c	oracle	124	15.05	15.04	668792	CERB_SKIP
sa_csmith_429.c	lean	NA	NA	NA	NA	CERB_SKIP
sa_csmith_43.c	oracle	124	15.03	15.02	354160	CERB_SKIP
sa_csmith_43.c	lean	NA	NA	NA	NA	CERB_SKIP
sa_csmith_430.c	oracle	0	0.04	0.04	48788	MATCH
sa_csmith_430.c	lean	0	0.06	0.06	84040	MATCH
sa_csmith_431.c	oracle	0	0.07	0.06	57160	MATCH
sa_csmith_431.c	lean	0	0.15	0.14	103064	MATCH
sa_csmith_432.c	oracle	124	15.04	15.04	568484	CERB_SKIP
sa_csmith_432.c	lean	NA	NA	NA	NA	CERB_SKIP
sa_csmith_433.c	oracle	124	15.04	15.04	587192	CERB_SKIP
sa_csmith_433.c	lean	NA	NA	NA	NA	CERB_SKIP
sa_csmith_434.c	oracle	0	0.04	0.04	48744	MATCH
sa_csmith_434.c	lean	0	0.06	0.06	82908	MATCH
sa_csmith_435.c	oracle	0	6.70	6.69	260524	TIMEOUT
sa_csmith_435.c	lean	124	15.00	15.00	184432	TIMEOUT
sa_csmith_436.c	oracle	124	15.04	15.04	618812	CERB_SKIP
sa_csmith_436.c	lean	NA	NA	NA	NA	CERB_SKIP
sa_csmith_437.c	oracle	124	15.05	15.04	622096	CERB_SKIP
sa_csmith_437.c	lean	NA	NA	NA	NA	CERB_SKIP
sa_csmith_438.c	oracle	124	15.04	15.04	659796	CERB_SKIP
sa_csmith_438.c	lean	NA	NA	NA	NA	CERB_SKIP
sa_csmith_439.c	oracle	0	0.10	0.10	60964	MATCH
sa_csmith_439.c	lean	0	0.30	0.29	102124	MATCH
sa_csmith_44.c	oracle	0	0.05	0.04	52328	MATCH
sa_csmith_44.c	lean	0	0.10	0.09	88112	MATCH
sa_csmith_440.c	oracle	0	0.04	0.04	49128	MATCH
sa_csmith_440.c	lean	0	0.07	0.06	83104	MATCH
sa_csmith_441.c	oracle	0	0.04	0.04	49260	MATCH
sa_csmith_441.c	lean	0	0.07	0.06	80392	MATCH
sa_csmith_442.c	oracle	124	15.05	15.04	652768	CERB_SKIP
sa_csmith_442.c	lean	NA	NA	NA	NA	CERB_SKIP
sa_csmith_443.c	oracle	124	15.04	15.04	627212	CERB_SKIP
sa_csmith_443.c	lean	NA	NA	NA	NA	CERB_SKIP
sa_csmith_444.c	oracle	0	0.04	0.04	49132	MATCH
sa_csmith_444.c	lean	0	0.07	0.06	84212	MATCH
sa_csmith_445.c	oracle	124	15.05	15.04	641348	CERB_SKIP
sa_csmith_445.c	lean	NA	NA	NA	NA	CERB_SKIP
sa_csmith_446.c	oracle	124	15.05	15.04	634876	CERB_SKIP
sa_csmith_446.c	lean	NA	NA	NA	NA	CERB_SKIP
sa_csmith_447.c	oracle	0	0.04	0.03	49744	MATCH
sa_csmith_447.c	lean	0	0.06	0.05	83664	MATCH
sa_csmith_448.c	oracle	124	15.05	15.04	642788	CERB_SKIP
sa_csmith_448.c	lean	NA	NA	NA	NA	CERB_SKIP
sa_csmith_449.c	oracle	124	15.05	15.04	639912	CERB_SKIP
sa_csmith_449.c	lean	NA	NA	NA	NA	CERB_SKIP
sa_csmith_45.c	oracle	0	0.04	0.04	49412	MATCH
sa_csmith_45.c	lean	0	0.06	0.06	84700	MATCH
sa_csmith_450.c	oracle	0	0.10	0.10	68952	MATCH
sa_csmith_450.c	lean	0	0.30	0.29	114148	MATCH
sa_csmith_451.c	oracle	0	0.04	0.04	48476	MATCH
sa_csmith_451.c	lean	0	0.06	0.06	84888	MATCH
sa_csmith_452.c	oracle	0	0.10	0.09	67340	MATCH
sa_csmith_452.c	lean	0	0.22	0.21	112016	MATCH
sa_csmith_453.c	oracle	124	15.04	15.04	607400	CERB_SKIP
sa_csmith_453.c	lean	NA	NA	NA	NA	CERB_SKIP
sa_csmith_454.c	oracle	124	15.05	15.04	669400	CERB_SKIP
sa_csmith_454.c	lean	NA	NA	NA	NA	CERB_SKIP
sa_csmith_455.c	oracle	124	15.05	15.04	647116	CERB_SKIP
sa_csmith_455.c	lean	NA	NA	NA	NA	CERB_SKIP
sa_csmith_456.c	oracle	124	15.05	15.04	690384	CERB_SKIP
sa_csmith_456.c	lean	NA	NA	NA	NA	CERB_SKIP
sa_csmith_457.c	oracle	124	15.05	15.04	655008	CERB_SKIP
sa_csmith_457.c	lean	NA	NA	NA	NA	CERB_SKIP
sa_csmith_458.c	oracle	124	15.05	15.04	649728	CERB_SKIP
sa_csmith_458.c	lean	NA	NA	NA	NA	CERB_SKIP
sa_csmith_459.c	oracle	124	15.05	15.03	606252	CERB_SKIP
sa_csmith_459.c	lean	NA	NA	NA	NA	CERB_SKIP
sa_csmith_46.c	oracle	124	15.05	15.04	641768	CERB_SKIP
sa_csmith_46.c	lean	NA	NA	NA	NA	CERB_SKIP
sa_csmith_460.c	oracle	0	0.04	0.04	48912	MATCH
sa_csmith_460.c	lean	0	0.06	0.05	83764	MATCH
sa_csmith_461.c	oracle	124	15.05	15.04	657216	CERB_SKIP
sa_csmith_461.c	lean	NA	NA	NA	NA	CERB_SKIP
sa_csmith_462.c	oracle	124	15.05	15.04	667568	CERB_SKIP
sa_csmith_462.c	lean	NA	NA	NA	NA	CERB_SKIP
sa_csmith_463.c	oracle	124	15.05	15.04	646852	CERB_SKIP
sa_csmith_463.c	lean	NA	NA	NA	NA	CERB_SKIP
sa_csmith_464.c	oracle	124	15.05	15.04	649076	CERB_SKIP
sa_csmith_464.c	lean	NA	NA	NA	NA	CERB_SKIP
sa_csmith_465.c	oracle	124	15.04	15.04	647520	CERB_SKIP
sa_csmith_465.c	lean	NA	NA	NA	NA	CERB_SKIP
sa_csmith_466.c	oracle	124	15.04	15.04	645692	CERB_SKIP
sa_csmith_466.c	lean	NA	NA	NA	NA	CERB_SKIP
sa_csmith_467.c	oracle	124	15.04	15.04	667304	CERB_SKIP
sa_csmith_467.c	lean	NA	NA	NA	NA	CERB_SKIP
sa_csmith_468.c	oracle	0	0.04	0.03	49288	MATCH
sa_csmith_468.c	lean	0	0.07	0.06	85324	MATCH
sa_csmith_469.c	oracle	0	0.11	0.10	72184	MATCH
sa_csmith_469.c	lean	0	0.29	0.28	118800	MATCH
sa_csmith_47.c	oracle	124	15.04	15.03	671120	CERB_SKIP
sa_csmith_47.c	lean	NA	NA	NA	NA	CERB_SKIP
sa_csmith_470.c	oracle	0	0.11	0.11	67156	MATCH
sa_csmith_470.c	lean	0	0.35	0.35	107528	MATCH
sa_csmith_48.c	oracle	124	15.04	15.03	616368	CERB_SKIP
sa_csmith_48.c	lean	NA	NA	NA	NA	CERB_SKIP
sa_csmith_49.c	oracle	124	15.04	15.03	599532	CERB_SKIP
sa_csmith_49.c	lean	NA	NA	NA	NA	CERB_SKIP
sa_csmith_50.c	oracle	124	15.04	15.03	584372	CERB_SKIP
sa_csmith_50.c	lean	NA	NA	NA	NA	CERB_SKIP
sa_csmith_51.c	oracle	0	0.05	0.04	49444	MATCH
sa_csmith_51.c	lean	0	0.07	0.06	79744	MATCH
sa_csmith_52.c	oracle	0	0.10	0.10	69672	MATCH
sa_csmith_52.c	lean	0	0.28	0.27	116168	MATCH
sa_csmith_53.c	oracle	124	15.03	15.03	508508	CERB_SKIP
sa_csmith_53.c	lean	NA	NA	NA	NA	CERB_SKIP
sa_csmith_54.c	oracle	124	15.04	15.03	670608	CERB_SKIP
sa_csmith_54.c	lean	NA	NA	NA	NA	CERB_SKIP
sa_csmith_55.c	oracle	124	15.04	15.03	644596	CERB_SKIP
sa_csmith_55.c	lean	NA	NA	NA	NA	CERB_SKIP
sa_csmith_56.c	oracle	0	0.04	0.04	48808	MATCH
sa_csmith_56.c	lean	0	0.06	0.06	83684	MATCH
sa_csmith_57.c	oracle	124	15.04	15.03	691512	CERB_SKIP
sa_csmith_57.c	lean	NA	NA	NA	NA	CERB_SKIP
sa_csmith_58.c	oracle	124	15.04	15.03	644240	CERB_SKIP
sa_csmith_58.c	lean	NA	NA	NA	NA	CERB_SKIP
sa_csmith_59.c	oracle	124	15.01	15.00	248672	CERB_SKIP
sa_csmith_59.c	lean	NA	NA	NA	NA	CERB_SKIP
sa_csmith_60.c	oracle	0	0.04	0.03	49652	MATCH
sa_csmith_60.c	lean	0	0.06	0.06	83072	MATCH
sa_csmith_61.c	oracle	0	0.10	0.10	67588	MATCH
sa_csmith_61.c	lean	0	0.25	0.25	112128	MATCH
sa_csmith_62.c	oracle	124	15.05	15.04	689628	CERB_SKIP
sa_csmith_62.c	lean	NA	NA	NA	NA	CERB_SKIP
sa_csmith_63.c	oracle	0	0.18	0.18	67684	MATCH
sa_csmith_63.c	lean	0	0.60	0.59	106268	MATCH
sa_csmith_64.c	oracle	0	0.09	0.08	62464	MATCH
sa_csmith_64.c	lean	0	0.20	0.19	104292	MATCH
sa_csmith_65.c	oracle	124	15.04	15.03	601848	CERB_SKIP
sa_csmith_65.c	lean	NA	NA	NA	NA	CERB_SKIP
sa_csmith_66.c	oracle	0	0.10	0.09	64760	MATCH
sa_csmith_66.c	lean	0	0.24	0.24	107656	MATCH
sa_csmith_67.c	oracle	0	0.04	0.04	48812	MATCH
sa_csmith_67.c	lean	0	0.07	0.06	83736	MATCH
sa_csmith_68.c	oracle	0	0.04	0.03	49592	MATCH
sa_csmith_68.c	lean	0	0.06	0.06	83784	MATCH
sa_csmith_69.c	oracle	124	15.04	15.03	623472	CERB_SKIP
sa_csmith_69.c	lean	NA	NA	NA	NA	CERB_SKIP
sa_csmith_7.c	oracle	0	0.04	0.04	48164	MATCH
sa_csmith_7.c	lean	0	0.06	0.06	83580	MATCH
sa_csmith_70.c	oracle	124	15.02	15.02	300788	CERB_SKIP
sa_csmith_70.c	lean	NA	NA	NA	NA	CERB_SKIP
sa_csmith_71.c	oracle	124	15.04	15.03	646460	CERB_SKIP
sa_csmith_71.c	lean	NA	NA	NA	NA	CERB_SKIP
sa_csmith_72.c	oracle	124	15.03	15.03	478856	CERB_SKIP
sa_csmith_72.c	lean	NA	NA	NA	NA	CERB_SKIP
sa_csmith_73.c	oracle	124	15.03	15.03	536648	CERB_SKIP
sa_csmith_73.c	lean	NA	NA	NA	NA	CERB_SKIP
sa_csmith_74.c	oracle	124	15.03	15.02	437996	CERB_SKIP
sa_csmith_74.c	lean	NA	NA	NA	NA	CERB_SKIP
sa_csmith_75.c	oracle	0	1.44	1.43	123464	MATCH
sa_csmith_75.c	lean	0	5.99	5.98	142284	MATCH
sa_csmith_76.c	oracle	0	0.09	0.08	64928	MATCH
sa_csmith_76.c	lean	0	0.20	0.20	107580	MATCH
sa_csmith_77.c	oracle	124	15.04	15.03	638840	CERB_SKIP
sa_csmith_77.c	lean	NA	NA	NA	NA	CERB_SKIP
sa_csmith_78.c	oracle	124	15.05	15.04	645992	CERB_SKIP
sa_csmith_78.c	lean	NA	NA	NA	NA	CERB_SKIP
sa_csmith_79.c	oracle	0	0.04	0.03	48828	MATCH
sa_csmith_79.c	lean	0	0.06	0.05	80428	MATCH
sa_csmith_8.c	oracle	124	15.04	15.03	538976	CERB_SKIP
sa_csmith_8.c	lean	NA	NA	NA	NA	CERB_SKIP
sa_csmith_80.c	oracle	124	15.04	15.03	609476	CERB_SKIP
sa_csmith_80.c	lean	NA	NA	NA	NA	CERB_SKIP
sa_csmith_81.c	oracle	0	0.04	0.03	49064	MATCH
sa_csmith_81.c	lean	0	0.06	0.05	83680	MATCH
sa_csmith_82.c	oracle	0	0.15	0.15	54668	MATCH
sa_csmith_82.c	lean	0	0.39	0.38	85748	MATCH
sa_csmith_83.c	oracle	0	0.04	0.04	49576	MATCH
sa_csmith_83.c	lean	0	0.06	0.05	83632	MATCH
sa_csmith_84.c	oracle	0	0.04	0.03	48588	MATCH
sa_csmith_84.c	lean	0	0.07	0.06	83876	MATCH
sa_csmith_85.c	oracle	124	15.02	15.01	343204	CERB_SKIP
sa_csmith_85.c	lean	NA	NA	NA	NA	CERB_SKIP
sa_csmith_86.c	oracle	124	15.05	15.04	644608	CERB_SKIP
sa_csmith_86.c	lean	NA	NA	NA	NA	CERB_SKIP
sa_csmith_87.c	oracle	0	0.04	0.03	49456	MATCH
sa_csmith_87.c	lean	0	0.07	0.07	83532	MATCH
sa_csmith_88.c	oracle	124	15.04	15.04	611188	CERB_SKIP
sa_csmith_88.c	lean	NA	NA	NA	NA	CERB_SKIP
sa_csmith_89.c	oracle	0	0.20	0.19	56768	MATCH
sa_csmith_89.c	lean	0	0.54	0.53	88060	MATCH
sa_csmith_9.c	oracle	124	15.04	15.03	619804	CERB_SKIP
sa_csmith_9.c	lean	NA	NA	NA	NA	CERB_SKIP
sa_csmith_90.c	oracle	0	0.09	0.09	65520	MATCH
sa_csmith_90.c	lean	0	0.23	0.22	108428	MATCH
sa_csmith_91.c	oracle	0	0.04	0.03	49224	MATCH
sa_csmith_91.c	lean	0	0.06	0.06	80092	MATCH
sa_csmith_92.c	oracle	0	0.22	0.21	67660	MATCH
sa_csmith_92.c	lean	0	0.85	0.84	102416	MATCH
sa_csmith_93.c	oracle	124	15.04	15.03	575688	CERB_SKIP
sa_csmith_93.c	lean	NA	NA	NA	NA	CERB_SKIP
sa_csmith_94.c	oracle	124	15.04	15.03	504584	CERB_SKIP
sa_csmith_94.c	lean	NA	NA	NA	NA	CERB_SKIP
sa_csmith_95.c	oracle	0	0.10	0.09	68636	MATCH
sa_csmith_95.c	lean	0	0.24	0.23	113300	MATCH
sa_csmith_96.c	oracle	0	0.05	0.04	49116	MATCH
sa_csmith_96.c	lean	0	0.06	0.06	83496	MATCH
sa_csmith_97.c	oracle	124	15.05	15.04	654132	CERB_SKIP
sa_csmith_97.c	lean	NA	NA	NA	NA	CERB_SKIP
sa_csmith_98.c	oracle	124	15.05	15.04	632884	CERB_SKIP
sa_csmith_98.c	lean	NA	NA	NA	NA	CERB_SKIP
sa_csmith_99.c	oracle	124	15.04	15.04	596180	CERB_SKIP
sa_csmith_99.c	lean	NA	NA	NA	NA	CERB_SKIP
sia_csmith_001.c	oracle	124	15.03	15.02	521740	CERB_SKIP
sia_csmith_001.c	lean	NA	NA	NA	NA	CERB_SKIP
sia_csmith_002.c	oracle	0	0.04	0.03	50236	MATCH
sia_csmith_002.c	lean	0	0.08	0.07	87340	MATCH
sia_csmith_003.c	oracle	0	0.04	0.04	48564	MATCH
sia_csmith_003.c	lean	0	0.06	0.06	85368	MATCH
sia_csmith_004.c	oracle	0	0.04	0.04	49264	MATCH
sia_csmith_004.c	lean	0	0.06	0.06	84104	MATCH
sia_csmith_005.c	oracle	0	0.04	0.03	48212	MATCH
sia_csmith_005.c	lean	0	0.06	0.05	83972	MATCH
sia_csmith_006.c	oracle	0	0.19	0.19	56856	MATCH
sia_csmith_006.c	lean	0	0.52	0.51	87716	MATCH
sia_csmith_007.c	oracle	0	0.04	0.03	48960	MATCH
sia_csmith_007.c	lean	0	0.06	0.06	84336	MATCH
sia_csmith_008.c	oracle	0	0.05	0.04	51624	MATCH
sia_csmith_008.c	lean	0	0.08	0.07	87248	MATCH
sia_csmith_009.c	oracle	0	0.04	0.04	49480	MATCH
sia_csmith_009.c	lean	0	0.08	0.07	83932	MATCH
sia_csmith_010.c	oracle	0	0.04	0.04	49600	MATCH
sia_csmith_010.c	lean	0	0.06	0.06	80324	MATCH
sia_csmith_011.c	oracle	0	0.04	0.03	49364	MATCH
sia_csmith_011.c	lean	0	0.06	0.05	84176	MATCH
sia_csmith_012.c	oracle	0	0.04	0.03	49532	MATCH
sia_csmith_012.c	lean	0	0.06	0.06	83552	MATCH
sia_csmith_013.c	oracle	0	0.04	0.04	49276	MATCH
sia_csmith_013.c	lean	0	0.06	0.05	85580	MATCH
sia_csmith_014.c	oracle	0	0.05	0.04	51156	MATCH
sia_csmith_014.c	lean	0	0.09	0.09	86384	MATCH
sia_csmith_015.c	oracle	0	0.04	0.04	49328	MATCH
sia_csmith_015.c	lean	0	0.07	0.06	83632	MATCH
sia_csmith_016.c	oracle	0	3.06	3.06	173748	MATCH
sia_csmith_016.c	lean	0	9.36	9.35	185168	MATCH
sia_csmith_017.c	oracle	0	0.04	0.04	49408	MATCH
sia_csmith_017.c	lean	0	0.06	0.05	83668	MATCH
sia_csmith_018.c	oracle	0	0.09	0.08	51652	MATCH
sia_csmith_018.c	lean	0	0.21	0.20	84956	MATCH
sia_csmith_019.c	oracle	0	0.06	0.06	49172	MATCH
sia_csmith_019.c	lean	0	0.11	0.11	83572	MATCH
sia_csmith_020.c	oracle	0	0.04	0.04	48632	MATCH
sia_csmith_020.c	lean	0	0.07	0.06	83772	MATCH
sia_csmith_021.c	oracle	0	0.13	0.13	57204	MATCH
sia_csmith_021.c	lean	0	0.43	0.42	91240	MATCH
sia_csmith_022.c	oracle	0	0.05	0.04	49088	MATCH
sia_csmith_022.c	lean	0	0.08	0.08	83772	MATCH
sia_csmith_023.c	oracle	0	0.04	0.04	48764	MATCH
sia_csmith_023.c	lean	0	0.06	0.06	83244	MATCH
sia_csmith_024.c	oracle	0	0.04	0.04	48848	MATCH
sia_csmith_024.c	lean	0	0.07	0.07	83032	MATCH
sia_csmith_025.c	oracle	0	0.04	0.03	49048	MATCH
sia_csmith_025.c	lean	0	0.07	0.06	83772	MATCH
sia_csmith_026.c	oracle	0	0.05	0.04	48180	MATCH
sia_csmith_026.c	lean	0	0.07	0.06	82948	MATCH
sia_csmith_027.c	oracle	0	0.04	0.04	49020	MATCH
sia_csmith_027.c	lean	0	0.07	0.06	84920	MATCH
sia_csmith_028.c	oracle	0	0.06	0.06	50696	MATCH
sia_csmith_028.c	lean	0	0.13	0.12	87588	MATCH
sia_csmith_029.c	oracle	0	0.04	0.04	48928	MATCH
sia_csmith_029.c	lean	0	0.07	0.06	80096	MATCH
sia_csmith_030.c	oracle	0	0.21	0.20	56876	MATCH
sia_csmith_030.c	lean	0	0.56	0.55	85268	MATCH
sia_csmith_031.c	oracle	124	15.05	15.04	722848	CERB_SKIP
sia_csmith_031.c	lean	NA	NA	NA	NA	CERB_SKIP
sia_csmith_032.c	oracle	124	15.01	14.99	142528	CERB_SKIP
sia_csmith_032.c	lean	NA	NA	NA	NA	CERB_SKIP
sia_csmith_033.c	oracle	0	0.06	0.06	49788	MATCH
sia_csmith_033.c	lean	0	0.11	0.10	83388	MATCH
sia_csmith_034.c	oracle	0	0.04	0.04	49516	MATCH
sia_csmith_034.c	lean	0	0.08	0.07	84908	MATCH
sia_csmith_035.c	oracle	0	0.07	0.07	60676	MATCH
sia_csmith_035.c	lean	0	0.16	0.15	102636	MATCH
sia_csmith_036.c	oracle	0	0.05	0.04	49744	MATCH
sia_csmith_036.c	lean	0	0.09	0.09	84936	MATCH
sia_csmith_037.c	oracle	124	15.05	15.04	690408	CERB_SKIP
sia_csmith_037.c	lean	NA	NA	NA	NA	CERB_SKIP
sia_csmith_038.c	oracle	0	0.04	0.03	49708	MATCH
sia_csmith_038.c	lean	0	0.06	0.06	83300	MATCH
sia_csmith_039.c	oracle	0	0.04	0.03	49896	MATCH
sia_csmith_039.c	lean	0	0.06	0.05	84456	MATCH
sia_csmith_040.c	oracle	0	0.05	0.04	51668	MATCH
sia_csmith_040.c	lean	0	0.08	0.07	87532	MATCH
sia_csmith_041.c	oracle	0	3.79	3.78	209868	MATCH
sia_csmith_041.c	lean	0	13.32	13.31	229584	MATCH
sia_csmith_042.c	oracle	0	0.04	0.03	49004	MATCH
sia_csmith_042.c	lean	0	0.06	0.05	83820	MATCH
sia_csmith_043.c	oracle	0	0.08	0.07	51308	MATCH
sia_csmith_043.c	lean	0	0.19	0.18	86068	MATCH
sia_csmith_044.c	oracle	0	0.06	0.06	53052	MATCH
sia_csmith_044.c	lean	0	0.11	0.10	89644	MATCH
sia_csmith_045.c	oracle	0	0.04	0.03	48960	MATCH
sia_csmith_045.c	lean	0	0.07	0.06	83828	MATCH
sia_csmith_046.c	oracle	0	0.04	0.04	48668	MATCH
sia_csmith_046.c	lean	0	0.06	0.06	80372	MATCH
sia_csmith_047.c	oracle	124	15.04	15.03	592328	CERB_SKIP
sia_csmith_047.c	lean	NA	NA	NA	NA	CERB_SKIP
sia_csmith_048.c	oracle	0	0.04	0.04	50256	MATCH
sia_csmith_048.c	lean	0	0.07	0.06	86528	MATCH
sia_csmith_049.c	oracle	0	0.04	0.03	49312	MATCH
sia_csmith_049.c	lean	0	0.07	0.06	83644	MATCH
sia_csmith_050.c	oracle	0	0.04	0.03	49284	MATCH
sia_csmith_050.c	lean	0	0.06	0.05	84284	MATCH
sia_csmith_051.c	oracle	0	0.04	0.04	48528	MATCH
sia_csmith_051.c	lean	0	0.07	0.06	83912	MATCH
sia_csmith_052.c	oracle	0	0.04	0.04	49140	MATCH
sia_csmith_052.c	lean	0	0.08	0.07	82320	MATCH
sia_csmith_053.c	oracle	0	0.04	0.04	49264	MATCH
sia_csmith_053.c	lean	0	0.06	0.06	83976	MATCH
sia_csmith_054.c	oracle	0	0.04	0.03	49100	MATCH
sia_csmith_054.c	lean	0	0.06	0.06	83684	MATCH
sia_csmith_055.c	oracle	124	15.04	15.03	558168	CERB_SKIP
sia_csmith_055.c	lean	NA	NA	NA	NA	CERB_SKIP
sia_csmith_056.c	oracle	0	0.05	0.04	50300	MATCH
sia_csmith_056.c	lean	0	0.08	0.08	85576	MATCH
sia_csmith_057.c	oracle	0	0.04	0.03	48824	MATCH
sia_csmith_057.c	lean	0	0.06	0.05	84076	MATCH
sia_csmith_058.c	oracle	0	0.04	0.03	49696	MATCH
sia_csmith_058.c	lean	0	0.06	0.05	84320	MATCH
sia_csmith_059.c	oracle	0	0.05	0.05	50164	MATCH
sia_csmith_059.c	lean	0	0.10	0.09	83236	MATCH
sia_csmith_060.c	oracle	0	0.04	0.04	49520	MATCH
sia_csmith_060.c	lean	0	0.07	0.06	80316	MATCH
sia_csmith_061.c	oracle	0	0.05	0.05	51344	MATCH
sia_csmith_061.c	lean	0	0.10	0.09	87124	MATCH
sia_csmith_062.c	oracle	0	0.06	0.05	52688	MATCH
sia_csmith_062.c	lean	0	0.12	0.11	88220	MATCH
sia_csmith_063.c	oracle	0	0.04	0.04	49484	MATCH
sia_csmith_063.c	lean	0	0.06	0.06	83508	MATCH
sia_csmith_064.c	oracle	0	0.05	0.05	50596	MATCH
sia_csmith_064.c	lean	0	0.08	0.07	86664	MATCH
sia_csmith_065.c	oracle	0	0.04	0.03	48960	MATCH
sia_csmith_065.c	lean	0	0.06	0.05	84028	MATCH
sia_csmith_066.c	oracle	0	0.04	0.03	49360	MATCH
sia_csmith_066.c	lean	0	0.07	0.06	85160	MATCH
sia_csmith_067.c	oracle	0	0.07	0.07	52644	MATCH
sia_csmith_067.c	lean	0	0.16	0.15	87700	MATCH
sia_csmith_068.c	oracle	0	0.04	0.03	49372	MATCH
sia_csmith_068.c	lean	0	0.07	0.07	83228	MATCH
sia_csmith_069.c	oracle	0	0.05	0.04	49796	MATCH
sia_csmith_069.c	lean	0	0.08	0.07	83552	MATCH
sia_csmith_070.c	oracle	0	0.04	0.03	49128	MATCH
sia_csmith_070.c	lean	0	0.06	0.06	83024	MATCH
sia_csmith_071.c	oracle	0	0.12	0.12	54524	MATCH
sia_csmith_071.c	lean	0	0.32	0.32	86360	MATCH
sia_csmith_072.c	oracle	0	9.33	9.32	435100	TIMEOUT
sia_csmith_072.c	lean	124	15.00	15.00	245536	TIMEOUT
sia_csmith_073.c	oracle	0	0.43	0.43	71088	MATCH
sia_csmith_073.c	lean	0	1.43	1.42	100528	MATCH
sia_csmith_074.c	oracle	124	15.04	15.04	604372	CERB_SKIP
sia_csmith_074.c	lean	NA	NA	NA	NA	CERB_SKIP
sia_csmith_075.c	oracle	0	0.04	0.04	49104	MATCH
sia_csmith_075.c	lean	0	0.06	0.06	84952	MATCH
sia_csmith_076.c	oracle	0	1.03	1.02	89636	MATCH
sia_csmith_076.c	lean	0	3.08	3.07	114912	MATCH
sia_csmith_077.c	oracle	0	0.06	0.05	49416	MATCH
sia_csmith_077.c	lean	0	0.11	0.10	85332	MATCH
sia_csmith_078.c	oracle	0	0.34	0.34	67388	MATCH
sia_csmith_078.c	lean	0	1.17	1.17	97332	MATCH
sia_csmith_079.c	oracle	124	15.05	15.04	668708	CERB_SKIP
sia_csmith_079.c	lean	NA	NA	NA	NA	CERB_SKIP
sia_csmith_080.c	oracle	0	0.04	0.03	49416	MATCH
sia_csmith_080.c	lean	0	0.07	0.06	84268	MATCH
sia_csmith_081.c	oracle	0	0.07	0.06	56092	MATCH
sia_csmith_081.c	lean	0	0.16	0.15	93872	MATCH
sia_csmith_082.c	oracle	0	0.05	0.05	50060	MATCH
sia_csmith_082.c	lean	0	0.10	0.09	80348	MATCH
sia_csmith_083.c	oracle	0	0.04	0.04	50140	MATCH
sia_csmith_083.c	lean	0	0.07	0.06	85652	MATCH
sia_csmith_084.c	oracle	0	0.04	0.04	48740	MATCH
sia_csmith_084.c	lean	0	0.07	0.06	83768	MATCH
sia_csmith_085.c	oracle	0	0.04	0.03	48828	MATCH
sia_csmith_085.c	lean	0	0.06	0.06	83256	MATCH
sia_csmith_086.c	oracle	0	0.08	0.08	52380	MATCH
sia_csmith_086.c	lean	0	0.21	0.20	83008	MATCH
sia_csmith_087.c	oracle	0	0.04	0.04	48624	MATCH
sia_csmith_087.c	lean	0	0.06	0.05	83776	MATCH
sia_csmith_088.c	oracle	0	1.36	1.35	112260	MATCH
sia_csmith_088.c	lean	0	4.33	4.32	135680	MATCH
sia_csmith_089.c	oracle	0	0.04	0.04	48888	MATCH
sia_csmith_089.c	lean	0	0.07	0.06	82968	MATCH
sia_csmith_090.c	oracle	0	0.04	0.04	51476	MATCH
sia_csmith_090.c	lean	0	0.07	0.07	86000	MATCH
sia_csmith_091.c	oracle	0	0.05	0.05	49900	MATCH
sia_csmith_091.c	lean	0	0.08	0.08	84260	MATCH
sia_csmith_092.c	oracle	124	15.05	15.04	724084	CERB_SKIP
sia_csmith_092.c	lean	NA	NA	NA	NA	CERB_SKIP
sia_csmith_093.c	oracle	0	0.04	0.03	49276	MATCH
sia_csmith_093.c	lean	0	0.06	0.06	80320	MATCH
sia_csmith_094.c	oracle	0	0.04	0.03	49496	MATCH
sia_csmith_094.c	lean	0	0.06	0.06	84436	MATCH
sia_csmith_095.c	oracle	0	0.04	0.03	49052	MATCH
sia_csmith_095.c	lean	0	0.06	0.05	83836	MATCH
sia_csmith_096.c	oracle	0	0.04	0.03	49832	MATCH
sia_csmith_096.c	lean	0	0.07	0.07	85076	MATCH
sia_csmith_097.c	oracle	0	0.05	0.04	53256	MATCH
sia_csmith_097.c	lean	0	0.10	0.09	90368	MATCH
sia_csmith_098.c	oracle	0	0.04	0.04	49764	MATCH
sia_csmith_098.c	lean	0	0.07	0.06	83356	MATCH
sia_csmith_099.c	oracle	0	0.04	0.03	48700	MATCH
sia_csmith_099.c	lean	0	0.06	0.05	84064	MATCH
sia_csmith_100.c	oracle	0	0.18	0.17	57612	MATCH
sia_csmith_100.c	lean	0	0.49	0.48	89648	MATCH
sia_csmith_1000.c	oracle	0	0.04	0.03	49704	MATCH
sia_csmith_1000.c	lean	0	0.07	0.06	86264	MATCH
sia_csmith_1001.c	oracle	124	15.05	15.04	731812	CERB_SKIP
sia_csmith_1001.c	lean	NA	NA	NA	NA	CERB_SKIP
sia_csmith_1002.c	oracle	0	0.04	0.04	49348	MATCH
sia_csmith_1002.c	lean	0	0.07	0.06	84692	MATCH
sia_csmith_1003.c	oracle	124	15.04	15.04	643324	CERB_SKIP
sia_csmith_1003.c	lean	NA	NA	NA	NA	CERB_SKIP
sia_csmith_1004.c	oracle	0	0.04	0.03	49836	MATCH
sia_csmith_1004.c	lean	0	0.06	0.06	84276	MATCH
sia_csmith_1005.c	oracle	124	15.04	15.03	600380	CERB_SKIP
sia_csmith_1005.c	lean	NA	NA	NA	NA	CERB_SKIP
sia_csmith_1006.c	oracle	124	15.05	15.04	645012	CERB_SKIP
sia_csmith_1006.c	lean	NA	NA	NA	NA	CERB_SKIP
sia_csmith_1007.c	oracle	124	15.05	15.04	650004	CERB_SKIP
sia_csmith_1007.c	lean	NA	NA	NA	NA	CERB_SKIP
sia_csmith_1008.c	oracle	124	15.02	15.00	259416	CERB_SKIP
sia_csmith_1008.c	lean	NA	NA	NA	NA	CERB_SKIP
sia_csmith_1009.c	oracle	0	0.04	0.04	49384	MATCH
sia_csmith_1009.c	lean	0	0.07	0.06	83560	MATCH
sia_csmith_101.c	oracle	0	0.05	0.04	52992	MATCH
sia_csmith_101.c	lean	0	0.09	0.09	90204	MATCH
sia_csmith_1010.c	oracle	124	15.05	15.04	658808	CERB_SKIP
sia_csmith_1010.c	lean	NA	NA	NA	NA	CERB_SKIP
sia_csmith_1011.c	oracle	0	0.04	0.04	51128	MATCH
sia_csmith_1011.c	lean	0	0.08	0.07	88164	MATCH
sia_csmith_1012.c	oracle	0	0.04	0.03	49308	MATCH
sia_csmith_1012.c	lean	0	0.06	0.05	84956	MATCH
sia_csmith_1013.c	oracle	0	0.04	0.03	48500	MATCH
sia_csmith_1013.c	lean	0	0.06	0.05	85228	MATCH
sia_csmith_1014.c	oracle	124	15.05	15.04	745192	CERB_SKIP
sia_csmith_1014.c	lean	NA	NA	NA	NA	CERB_SKIP
sia_csmith_1015.c	oracle	124	15.05	15.04	662288	CERB_SKIP
sia_csmith_1015.c	lean	NA	NA	NA	NA	CERB_SKIP
sia_csmith_1016.c	oracle	124	15.05	15.04	635776	CERB_SKIP
sia_csmith_1016.c	lean	NA	NA	NA	NA	CERB_SKIP
sia_csmith_1017.c	oracle	124	15.05	15.04	731424	CERB_SKIP
sia_csmith_1017.c	lean	NA	NA	NA	NA	CERB_SKIP
sia_csmith_1018.c	oracle	124	15.05	15.04	732608	CERB_SKIP
sia_csmith_1018.c	lean	NA	NA	NA	NA	CERB_SKIP
sia_csmith_1019.c	oracle	124	15.05	15.04	670524	CERB_SKIP
sia_csmith_1019.c	lean	NA	NA	NA	NA	CERB_SKIP
sia_csmith_102.c	oracle	0	0.04	0.03	49108	MATCH
sia_csmith_102.c	lean	0	0.06	0.05	83864	MATCH
sia_csmith_1020.c	oracle	124	15.04	15.02	494172	CERB_SKIP
sia_csmith_1020.c	lean	NA	NA	NA	NA	CERB_SKIP
sia_csmith_1021.c	oracle	124	15.05	15.05	719216	CERB_SKIP
sia_csmith_1021.c	lean	NA	NA	NA	NA	CERB_SKIP
sia_csmith_1022.c	oracle	124	15.04	15.04	659756	CERB_SKIP
sia_csmith_1022.c	lean	NA	NA	NA	NA	CERB_SKIP
sia_csmith_1023.c	oracle	124	15.04	15.03	644748	CERB_SKIP
sia_csmith_1023.c	lean	NA	NA	NA	NA	CERB_SKIP
sia_csmith_1024.c	oracle	124	15.05	15.03	633888	CERB_SKIP
sia_csmith_1024.c	lean	NA	NA	NA	NA	CERB_SKIP
sia_csmith_1025.c	oracle	124	15.04	15.04	643124	CERB_SKIP
sia_csmith_1025.c	lean	NA	NA	NA	NA	CERB_SKIP
sia_csmith_1026.c	oracle	0	0.04	0.03	48964	MATCH
sia_csmith_1026.c	lean	0	0.07	0.06	80344	MATCH
sia_csmith_1027.c	oracle	0	0.04	0.03	49340	MATCH
sia_csmith_1027.c	lean	0	0.06	0.06	83436	MATCH
sia_csmith_1028.c	oracle	124	15.04	15.04	598360	CERB_SKIP
sia_csmith_1028.c	lean	NA	NA	NA	NA	CERB_SKIP
sia_csmith_1029.c	oracle	124	15.05	15.04	689972	CERB_SKIP
sia_csmith_1029.c	lean	NA	NA	NA	NA	CERB_SKIP
sia_csmith_103.c	oracle	0	0.10	0.10	60604	MATCH
sia_csmith_103.c	lean	0	0.28	0.28	103396	MATCH
sia_csmith_1030.c	oracle	124	15.05	15.05	722248	CERB_SKIP
sia_csmith_1030.c	lean	NA	NA	NA	NA	CERB_SKIP
sia_csmith_1031.c	oracle	124	15.05	15.04	756040	CERB_SKIP
sia_csmith_1031.c	lean	NA	NA	NA	NA	CERB_SKIP
sia_csmith_1032.c	oracle	0	0.04	0.03	49176	MATCH
sia_csmith_1032.c	lean	0	0.06	0.05	85172	MATCH
sia_csmith_1033.c	oracle	0	0.06	0.06	59932	MATCH
sia_csmith_1033.c	lean	0	0.15	0.14	103724	MATCH
sia_csmith_1034.c	oracle	124	15.05	15.04	685264	CERB_SKIP
sia_csmith_1034.c	lean	NA	NA	NA	NA	CERB_SKIP
sia_csmith_1035.c	oracle	124	15.01	15.00	208436	CERB_SKIP
sia_csmith_1035.c	lean	NA	NA	NA	NA	CERB_SKIP
sia_csmith_1036.c	oracle	0	0.04	0.03	48988	MATCH
sia_csmith_1036.c	lean	0	0.06	0.06	83744	MATCH
sia_csmith_1037.c	oracle	0	0.04	0.04	48756	MATCH
sia_csmith_1037.c	lean	0	0.06	0.06	85200	MATCH
sia_csmith_1038.c	oracle	0	0.05	0.04	49880	MATCH
sia_csmith_1038.c	lean	0	0.08	0.07	86404	MATCH
sia_csmith_1039.c	oracle	0	0.04	0.04	49180	MATCH
sia_csmith_1039.c	lean	0	0.07	0.06	85208	MATCH
sia_csmith_104.c	oracle	0	0.04	0.03	49396	MATCH
sia_csmith_104.c	lean	0	0.06	0.05	84896	MATCH
sia_csmith_1040.c	oracle	0	0.04	0.04	48868	MATCH
sia_csmith_1040.c	lean	0	0.06	0.05	84028	MATCH
sia_csmith_1041.c	oracle	124	15.04	15.03	663708	CERB_SKIP
sia_csmith_1041.c	lean	NA	NA	NA	NA	CERB_SKIP
sia_csmith_1042.c	oracle	124	15.04	15.03	589344	CERB_SKIP
sia_csmith_1042.c	lean	NA	NA	NA	NA	CERB_SKIP
sia_csmith_1043.c	oracle	124	15.05	15.04	735880	CERB_SKIP
sia_csmith_1043.c	lean	NA	NA	NA	NA	CERB_SKIP
sia_csmith_1044.c	oracle	0	0.04	0.03	49360	MATCH
sia_csmith_1044.c	lean	0	0.06	0.06	83704	MATCH
sia_csmith_1045.c	oracle	0	0.04	0.04	49016	MATCH
sia_csmith_1045.c	lean	0	0.06	0.06	80052	MATCH
sia_csmith_1046.c	oracle	0	0.04	0.03	49324	MATCH
sia_csmith_1046.c	lean	0	0.06	0.05	79916	MATCH
sia_csmith_1047.c	oracle	0	0.04	0.03	48536	MATCH
sia_csmith_1047.c	lean	0	0.06	0.05	83900	MATCH
sia_csmith_1048.c	oracle	124	15.05	15.04	708540	CERB_SKIP
sia_csmith_1048.c	lean	NA	NA	NA	NA	CERB_SKIP
sia_csmith_1049.c	oracle	0	0.17	0.16	68072	MATCH
sia_csmith_1049.c	lean	0	0.54	0.53	102828	MATCH
sia_csmith_105.c	oracle	124	15.05	15.04	707504	CERB_SKIP
sia_csmith_105.c	lean	NA	NA	NA	NA	CERB_SKIP
sia_csmith_1050.c	oracle	0	0.04	0.03	48472	MATCH
sia_csmith_1050.c	lean	0	0.07	0.07	85204	MATCH
sia_csmith_1051.c	oracle	124	15.05	15.04	720796	CERB_SKIP
sia_csmith_1051.c	lean	NA	NA	NA	NA	CERB_SKIP
sia_csmith_1052.c	oracle	124	15.05	15.04	647712	CERB_SKIP
sia_csmith_1052.c	lean	NA	NA	NA	NA	CERB_SKIP
sia_csmith_1053.c	oracle	0	0.04	0.04	48956	MATCH
sia_csmith_1053.c	lean	0	0.06	0.06	83652	MATCH
sia_csmith_1054.c	oracle	0	0.04	0.04	49496	MATCH
sia_csmith_1054.c	lean	0	0.07	0.06	83324	MATCH
sia_csmith_1055.c	oracle	0	0.07	0.06	57960	MATCH
sia_csmith_1055.c	lean	0	0.13	0.12	102344	MATCH
sia_csmith_1056.c	oracle	0	0.04	0.04	48388	MATCH
sia_csmith_1056.c	lean	0	0.07	0.06	83640	MATCH
sia_csmith_1057.c	oracle	0	0.58	0.57	81708	MATCH
sia_csmith_1057.c	lean	0	2.02	2.01	112452	MATCH
sia_csmith_1058.c	oracle	124	15.01	14.97	177688	CERB_SKIP
sia_csmith_1058.c	lean	NA	NA	NA	NA	CERB_SKIP
sia_csmith_1059.c	oracle	124	15.04	15.04	637024	CERB_SKIP
sia_csmith_1059.c	lean	NA	NA	NA	NA	CERB_SKIP
sia_csmith_106.c	oracle	124	15.04	15.03	541840	CERB_SKIP
sia_csmith_106.c	lean	NA	NA	NA	NA	CERB_SKIP
sia_csmith_1060.c	oracle	124	15.05	15.04	687360	CERB_SKIP
sia_csmith_1060.c	lean	NA	NA	NA	NA	CERB_SKIP
sia_csmith_1061.c	oracle	124	15.05	15.04	716536	CERB_SKIP
sia_csmith_1061.c	lean	NA	NA	NA	NA	CERB_SKIP
sia_csmith_1062.c	oracle	124	15.05	15.05	747164	CERB_SKIP
sia_csmith_1062.c	lean	NA	NA	NA	NA	CERB_SKIP
sia_csmith_1063.c	oracle	0	0.07	0.06	59508	MATCH
sia_csmith_1063.c	lean	0	0.14	0.13	101628	MATCH
sia_csmith_1064.c	oracle	0	0.04	0.04	48936	MATCH
sia_csmith_1064.c	lean	0	0.07	0.06	84340	MATCH
sia_csmith_1065.c	oracle	124	15.05	15.04	671324	CERB_SKIP
sia_csmith_1065.c	lean	NA	NA	NA	NA	CERB_SKIP
sia_csmith_1066.c	oracle	124	15.04	15.04	700748	CERB_SKIP
sia_csmith_1066.c	lean	NA	NA	NA	NA	CERB_SKIP
sia_csmith_1067.c	oracle	124	15.05	15.04	733416	CERB_SKIP
sia_csmith_1067.c	lean	NA	NA	NA	NA	CERB_SKIP
sia_csmith_1068.c	oracle	124	15.05	15.04	727016	CERB_SKIP
sia_csmith_1068.c	lean	NA	NA	NA	NA	CERB_SKIP
sia_csmith_1069.c	oracle	0	0.04	0.03	49816	MATCH
sia_csmith_1069.c	lean	0	0.07	0.06	83168	MATCH
sia_csmith_107.c	oracle	0	0.05	0.05	49632	MATCH
sia_csmith_107.c	lean	0	0.08	0.07	86584	MATCH
sia_csmith_1070.c	oracle	124	15.05	15.04	695084	CERB_SKIP
sia_csmith_1070.c	lean	NA	NA	NA	NA	CERB_SKIP
sia_csmith_1071.c	oracle	0	0.10	0.09	72120	MATCH
sia_csmith_1071.c	lean	0	0.25	0.24	119476	MATCH
sia_csmith_1072.c	oracle	0	0.04	0.03	49244	MATCH
sia_csmith_1072.c	lean	0	0.06	0.06	84824	MATCH
sia_csmith_1073.c	oracle	124	15.05	15.03	673096	CERB_SKIP
sia_csmith_1073.c	lean	NA	NA	NA	NA	CERB_SKIP
sia_csmith_1074.c	oracle	124	15.05	15.04	728460	CERB_SKIP
sia_csmith_1074.c	lean	NA	NA	NA	NA	CERB_SKIP
sia_csmith_1075.c	oracle	0	0.04	0.03	49124	MATCH
sia_csmith_1075.c	lean	0	0.06	0.05	83288	MATCH
sia_csmith_1076.c	oracle	124	15.05	15.04	731356	CERB_SKIP
sia_csmith_1076.c	lean	NA	NA	NA	NA	CERB_SKIP
sia_csmith_1077.c	oracle	124	15.05	15.04	728272	CERB_SKIP
sia_csmith_1077.c	lean	NA	NA	NA	NA	CERB_SKIP
sia_csmith_1078.c	oracle	0	0.04	0.04	48936	MATCH
sia_csmith_1078.c	lean	0	0.07	0.06	84792	MATCH
sia_csmith_1079.c	oracle	124	15.05	15.04	677128	CERB_SKIP
sia_csmith_1079.c	lean	NA	NA	NA	NA	CERB_SKIP
sia_csmith_108.c	oracle	0	0.05	0.04	50728	MATCH
sia_csmith_108.c	lean	0	0.10	0.10	86148	MATCH
sia_csmith_1080.c	oracle	0	0.04	0.03	49060	MATCH
sia_csmith_1080.c	lean	0	0.06	0.05	85044	MATCH
sia_csmith_1081.c	oracle	124	15.05	15.03	665248	CERB_SKIP
sia_csmith_1081.c	lean	NA	NA	NA	NA	CERB_SKIP
sia_csmith_1082.c	oracle	124	15.05	15.04	700680	CERB_SKIP
sia_csmith_1082.c	lean	NA	NA	NA	NA	CERB_SKIP
sia_csmith_1083.c	oracle	124	15.05	15.04	729092	CERB_SKIP
sia_csmith_1083.c	lean	NA	NA	NA	NA	CERB_SKIP
sia_csmith_1084.c	oracle	0	0.04	0.04	48936	MATCH
sia_csmith_1084.c	lean	0	0.06	0.06	85144	MATCH
sia_csmith_1085.c	oracle	124	15.05	15.04	686832	CERB_SKIP
sia_csmith_1085.c	lean	NA	NA	NA	NA	CERB_SKIP
sia_csmith_1086.c	oracle	0	0.21	0.20	64608	MATCH
sia_csmith_1086.c	lean	0	0.67	0.66	99216	MATCH
sia_csmith_1087.c	oracle	124	15.05	15.04	649320	CERB_SKIP
sia_csmith_1087.c	lean	NA	NA	NA	NA	CERB_SKIP
sia_csmith_1088.c	oracle	124	15.05	15.04	673384	CERB_SKIP
sia_csmith_1088.c	lean	NA	NA	NA	NA	CERB_SKIP
sia_csmith_1089.c	oracle	124	15.04	15.03	696872	CERB_SKIP
sia_csmith_1089.c	lean	NA	NA	NA	NA	CERB_SKIP
sia_csmith_109.c	oracle	0	0.06	0.05	50660	MATCH
sia_csmith_109.c	lean	0	0.11	0.10	85264	MATCH
sia_csmith_1090.c	oracle	0	0.07	0.06	60212	MATCH
sia_csmith_1090.c	lean	0	0.14	0.13	98540	MATCH
sia_csmith_1091.c	oracle	0	0.04	0.03	49192	MATCH
sia_csmith_1091.c	lean	0	0.06	0.06	84380	MATCH
sia_csmith_1092.c	oracle	124	15.02	15.01	330344	CERB_SKIP
sia_csmith_1092.c	lean	NA	NA	NA	NA	CERB_SKIP
sia_csmith_1093.c	oracle	0	0.05	0.04	49744	MATCH
sia_csmith_1093.c	lean	0	0.09	0.09	84480	MATCH
sia_csmith_1094.c	oracle	124	15.05	15.04	730332	CERB_SKIP
sia_csmith_1094.c	lean	NA	NA	NA	NA	CERB_SKIP
sia_csmith_1095.c	oracle	124	15.05	15.04	728840	CERB_SKIP
sia_csmith_1095.c	lean	NA	NA	NA	NA	CERB_SKIP
sia_csmith_1096.c	oracle	0	0.07	0.07	62604	MATCH
sia_csmith_1096.c	lean	0	0.16	0.15	107564	MATCH
sia_csmith_1097.c	oracle	124	15.05	15.04	711300	CERB_SKIP
sia_csmith_1097.c	lean	NA	NA	NA	NA	CERB_SKIP
sia_csmith_1098.c	oracle	124	15.05	15.05	686156	CERB_SKIP
sia_csmith_1098.c	lean	NA	NA	NA	NA	CERB_SKIP
sia_csmith_1099.c	oracle	0	0.04	0.03	49080	MATCH
sia_csmith_1099.c	lean	0	0.06	0.06	83964	MATCH
sia_csmith_110.c	oracle	0	0.07	0.06	55172	MATCH
sia_csmith_110.c	lean	0	0.16	0.15	92552	MATCH
sia_csmith_1100.c	oracle	124	15.05	15.05	710924	CERB_SKIP
sia_csmith_1100.c	lean	NA	NA	NA	NA	CERB_SKIP
sia_csmith_1101.c	oracle	124	15.05	15.05	706636	CERB_SKIP
sia_csmith_1101.c	lean	NA	NA	NA	NA	CERB_SKIP
sia_csmith_1102.c	oracle	124	15.05	15.04	682104	CERB_SKIP
sia_csmith_1102.c	lean	NA	NA	NA	NA	CERB_SKIP
sia_csmith_1103.c	oracle	0	0.04	0.03	49284	MATCH
sia_csmith_1103.c	lean	0	0.06	0.05	84912	MATCH
sia_csmith_1104.c	oracle	0	0.04	0.04	49400	MATCH
sia_csmith_1104.c	lean	0	0.07	0.06	83384	MATCH
sia_csmith_1105.c	oracle	0	0.04	0.04	48596	MATCH
sia_csmith_1105.c	lean	0	0.06	0.06	83128	MATCH
sia_csmith_1106.c	oracle	124	15.05	15.04	674788	CERB_SKIP
sia_csmith_1106.c	lean	NA	NA	NA	NA	CERB_SKIP
sia_csmith_1107.c	oracle	124	15.04	15.04	720108	CERB_SKIP
sia_csmith_1107.c	lean	NA	NA	NA	NA	CERB_SKIP
sia_csmith_1108.c	oracle	124	15.05	15.04	651668	CERB_SKIP
sia_csmith_1108.c	lean	NA	NA	NA	NA	CERB_SKIP
sia_csmith_1109.c	oracle	124	15.05	15.04	716852	CERB_SKIP
sia_csmith_1109.c	lean	NA	NA	NA	NA	CERB_SKIP
sia_csmith_111.c	oracle	0	0.05	0.05	50680	MATCH
sia_csmith_111.c	lean	0	0.10	0.09	85460	MATCH
sia_csmith_1110.c	oracle	124	15.05	15.04	628328	CERB_SKIP
sia_csmith_1110.c	lean	NA	NA	NA	NA	CERB_SKIP
sia_csmith_1111.c	oracle	0	0.04	0.03	49396	MATCH
sia_csmith_1111.c	lean	0	0.07	0.06	85348	MATCH
sia_csmith_1112.c	oracle	0	0.04	0.03	49076	MATCH
sia_csmith_1112.c	lean	0	0.06	0.06	83688	MATCH
sia_csmith_1113.c	oracle	0	0.04	0.03	49504	MATCH
sia_csmith_1113.c	lean	0	0.07	0.06	84688	MATCH
sia_csmith_1114.c	oracle	124	15.04	15.04	608616	CERB_SKIP
sia_csmith_1114.c	lean	NA	NA	NA	NA	CERB_SKIP
sia_csmith_1115.c	oracle	0	0.11	0.11	65824	MATCH
sia_csmith_1115.c	lean	0	0.30	0.29	102908	MATCH
sia_csmith_1116.c	oracle	124	15.05	15.04	678344	CERB_SKIP
sia_csmith_1116.c	lean	NA	NA	NA	NA	CERB_SKIP
sia_csmith_1117.c	oracle	124	15.05	15.04	666244	CERB_SKIP
sia_csmith_1117.c	lean	NA	NA	NA	NA	CERB_SKIP
sia_csmith_1118.c	oracle	0	0.07	0.06	58112	MATCH
sia_csmith_1118.c	lean	0	0.15	0.15	101876	MATCH
sia_csmith_1119.c	oracle	124	15.04	15.03	673048	CERB_SKIP
sia_csmith_1119.c	lean	NA	NA	NA	NA	CERB_SKIP
sia_csmith_112.c	oracle	124	15.02	15.01	322504	CERB_SKIP
sia_csmith_112.c	lean	NA	NA	NA	NA	CERB_SKIP
sia_csmith_1120.c	oracle	0	0.04	0.04	49300	MATCH
sia_csmith_1120.c	lean	0	0.06	0.06	83484	MATCH
sia_csmith_1121.c	oracle	0	0.20	0.19	56740	MATCH
sia_csmith_1121.c	lean	0	0.52	0.51	87200	MATCH
sia_csmith_1122.c	oracle	0	0.08	0.07	52136	MATCH
sia_csmith_1122.c	lean	0	0.19	0.18	85540	MATCH
sia_csmith_1123.c	oracle	124	15.04	15.04	734448	CERB_SKIP
sia_csmith_1123.c	lean	NA	NA	NA	NA	CERB_SKIP
sia_csmith_1124.c	oracle	0	0.04	0.04	48532	MATCH
sia_csmith_1124.c	lean	0	0.06	0.06	83296	MATCH
sia_csmith_1125.c	oracle	124	15.05	15.04	664584	CERB_SKIP
sia_csmith_1125.c	lean	NA	NA	NA	NA	CERB_SKIP
sia_csmith_1126.c	oracle	124	15.05	15.04	708668	CERB_SKIP
sia_csmith_1126.c	lean	NA	NA	NA	NA	CERB_SKIP
sia_csmith_1127.c	oracle	0	0.04	0.03	49204	MATCH
sia_csmith_1127.c	lean	0	0.07	0.06	83488	MATCH
sia_csmith_1128.c	oracle	0	0.04	0.04	48804	MATCH
sia_csmith_1128.c	lean	0	0.07	0.07	85016	MATCH
sia_csmith_1129.c	oracle	124	15.05	15.04	713020	CERB_SKIP
sia_csmith_1129.c	lean	NA	NA	NA	NA	CERB_SKIP
sia_csmith_113.c	oracle	0	0.04	0.04	48608	MATCH
sia_csmith_113.c	lean	0	0.07	0.06	79768	MATCH
sia_csmith_1130.c	oracle	0	0.04	0.04	48540	MATCH
sia_csmith_1130.c	lean	0	0.07	0.06	85516	MATCH
sia_csmith_1131.c	oracle	0	0.04	0.04	49656	MATCH
sia_csmith_1131.c	lean	0	0.07	0.06	83736	MATCH
sia_csmith_1132.c	oracle	0	0.04	0.04	48288	MATCH
sia_csmith_1132.c	lean	0	0.07	0.06	84816	MATCH
sia_csmith_1133.c	oracle	0	0.04	0.04	48672	MATCH
sia_csmith_1133.c	lean	0	0.07	0.06	85024	MATCH
sia_csmith_1134.c	oracle	124	15.04	15.04	706096	CERB_SKIP
sia_csmith_1134.c	lean	NA	NA	NA	NA	CERB_SKIP
sia_csmith_1135.c	oracle	0	0.07	0.07	60296	MATCH
sia_csmith_1135.c	lean	0	0.17	0.17	102364	MATCH
sia_csmith_1136.c	oracle	124	15.04	15.04	625844	CERB_SKIP
sia_csmith_1136.c	lean	NA	NA	NA	NA	CERB_SKIP
sia_csmith_1137.c	oracle	124	15.04	15.03	676820	CERB_SKIP
sia_csmith_1137.c	lean	NA	NA	NA	NA	CERB_SKIP
sia_csmith_1138.c	oracle	0	0.05	0.04	50312	MATCH
sia_csmith_1138.c	lean	0	0.08	0.08	84196	MATCH
sia_csmith_1139.c	oracle	124	15.04	15.03	588616	CERB_SKIP
sia_csmith_1139.c	lean	NA	NA	NA	NA	CERB_SKIP
sia_csmith_114.c	oracle	0	0.06	0.06	50112	MATCH
sia_csmith_114.c	lean	0	0.12	0.12	84116	MATCH
sia_csmith_1140.c	oracle	0	0.04	0.03	49376	MATCH
sia_csmith_1140.c	lean	0	0.07	0.06	84008	MATCH
sia_csmith_1141.c	oracle	0	0.04	0.04	48972	MATCH
sia_csmith_1141.c	lean	0	0.06	0.05	83824	MATCH
sia_csmith_1142.c	oracle	0	0.04	0.03	49208	MATCH
sia_csmith_1142.c	lean	0	0.06	0.05	84964	MATCH
sia_csmith_1143.c	oracle	0	1.63	1.62	124424	MATCH
sia_csmith_1143.c	lean	0	5.64	5.64	145604	MATCH
sia_csmith_1144.c	oracle	124	15.05	15.04	732028	CERB_SKIP
sia_csmith_1144.c	lean	NA	NA	NA	NA	CERB_SKIP
sia_csmith_1145.c	oracle	124	15.05	15.04	722636	CERB_SKIP
sia_csmith_1145.c	lean	NA	NA	NA	NA	CERB_SKIP
sia_csmith_1146.c	oracle	124	15.03	15.03	514584	CERB_SKIP
sia_csmith_1146.c	lean	NA	NA	NA	NA	CERB_SKIP
sia_csmith_1147.c	oracle	124	15.04	15.03	699344	CERB_SKIP
sia_csmith_1147.c	lean	NA	NA	NA	NA	CERB_SKIP
sia_csmith_1148.c	oracle	0	0.09	0.08	65200	MATCH
sia_csmith_1148.c	lean	0	0.19	0.18	106312	MATCH
sia_csmith_1149.c	oracle	0	0.04	0.04	49224	MATCH
sia_csmith_1149.c	lean	0	0.06	0.05	84212	MATCH
sia_csmith_115.c	oracle	0	0.05	0.04	51504	MATCH
sia_csmith_115.c	lean	0	0.10	0.09	87528	MATCH
sia_csmith_1150.c	oracle	0	0.07	0.06	61604	MATCH
sia_csmith_1150.c	lean	0	0.15	0.15	104348	MATCH
sia_csmith_1151.c	oracle	124	15.05	15.04	696980	CERB_SKIP
sia_csmith_1151.c	lean	NA	NA	NA	NA	CERB_SKIP
sia_csmith_1152.c	oracle	124	15.05	15.04	713244	CERB_SKIP
sia_csmith_1152.c	lean	NA	NA	NA	NA	CERB_SKIP
sia_csmith_1153.c	oracle	124	15.05	15.04	688032	CERB_SKIP
sia_csmith_1153.c	lean	NA	NA	NA	NA	CERB_SKIP
sia_csmith_1154.c	oracle	124	15.05	15.04	659012	CERB_SKIP
sia_csmith_1154.c	lean	NA	NA	NA	NA	CERB_SKIP
sia_csmith_1155.c	oracle	0	0.04	0.03	49092	MATCH
sia_csmith_1155.c	lean	0	0.06	0.06	82924	MATCH
sia_csmith_1156.c	oracle	124	15.05	15.04	731328	CERB_SKIP
sia_csmith_1156.c	lean	NA	NA	NA	NA	CERB_SKIP
sia_csmith_1157.c	oracle	0	0.04	0.04	49232	MATCH
sia_csmith_1157.c	lean	0	0.06	0.05	83836	MATCH
sia_csmith_1158.c	oracle	124	15.04	15.04	646152	CERB_SKIP
sia_csmith_1158.c	lean	NA	NA	NA	NA	CERB_SKIP
sia_csmith_1159.c	oracle	124	15.05	15.05	697148	CERB_SKIP
sia_csmith_1159.c	lean	NA	NA	NA	NA	CERB_SKIP
sia_csmith_116.c	oracle	0	0.05	0.04	51064	MATCH
sia_csmith_116.c	lean	0	0.09	0.08	86208	MATCH
sia_csmith_1160.c	oracle	0	0.04	0.03	49104	MATCH
sia_csmith_1160.c	lean	0	0.06	0.06	83444	MATCH
sia_csmith_1161.c	oracle	124	15.05	15.04	698300	CERB_SKIP
sia_csmith_1161.c	lean	NA	NA	NA	NA	CERB_SKIP
sia_csmith_1162.c	oracle	124	15.06	15.05	716576	CERB_SKIP
sia_csmith_1162.c	lean	NA	NA	NA	NA	CERB_SKIP
sia_csmith_1163.c	oracle	124	15.03	15.02	459856	CERB_SKIP
sia_csmith_1163.c	lean	NA	NA	NA	NA	CERB_SKIP
sia_csmith_1164.c	oracle	124	15.05	15.04	659956	CERB_SKIP
sia_csmith_1164.c	lean	NA	NA	NA	NA	CERB_SKIP
sia_csmith_1165.c	oracle	124	15.05	15.04	725484	CERB_SKIP
sia_csmith_1165.c	lean	NA	NA	NA	NA	CERB_SKIP
sia_csmith_1166.c	oracle	0	0.05	0.05	48684	MATCH
sia_csmith_1166.c	lean	0	0.08	0.07	83844	MATCH
sia_csmith_1167.c	oracle	124	15.04	15.04	609492	CERB_SKIP
sia_csmith_1167.c	lean	NA	NA	NA	NA	CERB_SKIP
sia_csmith_1168.c	oracle	0	0.09	0.08	62320	MATCH
sia_csmith_1168.c	lean	0	0.21	0.20	103736	MATCH
sia_csmith_1169.c	oracle	124	15.05	15.04	722820	CERB_SKIP
sia_csmith_1169.c	lean	NA	NA	NA	NA	CERB_SKIP
sia_csmith_117.c	oracle	0	0.04	0.04	49468	MATCH
sia_csmith_117.c	lean	0	0.07	0.07	86328	MATCH
sia_csmith_1170.c	oracle	124	15.05	15.05	662048	CERB_SKIP
sia_csmith_1170.c	lean	NA	NA	NA	NA	CERB_SKIP
sia_csmith_1171.c	oracle	124	15.05	15.04	636984	CERB_SKIP
sia_csmith_1171.c	lean	NA	NA	NA	NA	CERB_SKIP
sia_csmith_1172.c	oracle	0	0.07	0.07	60216	MATCH
sia_csmith_1172.c	lean	0	0.15	0.15	98404	MATCH
sia_csmith_1173.c	oracle	0	0.04	0.04	48712	MATCH
sia_csmith_1173.c	lean	0	0.07	0.06	84080	MATCH
sia_csmith_1174.c	oracle	124	15.05	15.04	585088	CERB_SKIP
sia_csmith_1174.c	lean	NA	NA	NA	NA	CERB_SKIP
sia_csmith_1175.c	oracle	124	15.04	15.04	595040	CERB_SKIP
sia_csmith_1175.c	lean	NA	NA	NA	NA	CERB_SKIP
sia_csmith_1176.c	oracle	124	15.05	15.05	693364	CERB_SKIP
sia_csmith_1176.c	lean	NA	NA	NA	NA	CERB_SKIP
sia_csmith_1177.c	oracle	0	0.04	0.03	48944	MATCH
sia_csmith_1177.c	lean	0	0.06	0.06	84012	MATCH
sia_csmith_1178.c	oracle	124	15.05	15.04	656100	CERB_SKIP
sia_csmith_1178.c	lean	NA	NA	NA	NA	CERB_SKIP
sia_csmith_1179.c	oracle	124	15.05	15.04	680060	CERB_SKIP
sia_csmith_1179.c	lean	NA	NA	NA	NA	CERB_SKIP
sia_csmith_118.c	oracle	124	15.05	15.04	714496	CERB_SKIP
sia_csmith_118.c	lean	NA	NA	NA	NA	CERB_SKIP
sia_csmith_1180.c	oracle	124	15.04	15.04	651524	CERB_SKIP
sia_csmith_1180.c	lean	NA	NA	NA	NA	CERB_SKIP
sia_csmith_1181.c	oracle	124	15.05	15.04	725116	CERB_SKIP
sia_csmith_1181.c	lean	NA	NA	NA	NA	CERB_SKIP
sia_csmith_1182.c	oracle	0	0.04	0.04	49360	MATCH
sia_csmith_1182.c	lean	0	0.07	0.07	84980	MATCH
sia_csmith_1183.c	oracle	124	15.05	15.04	682832	CERB_SKIP
sia_csmith_1183.c	lean	NA	NA	NA	NA	CERB_SKIP
sia_csmith_1184.c	oracle	124	15.05	15.04	732708	CERB_SKIP
sia_csmith_1184.c	lean	NA	NA	NA	NA	CERB_SKIP
sia_csmith_1185.c	oracle	124	15.05	15.05	707904	CERB_SKIP
sia_csmith_1185.c	lean	NA	NA	NA	NA	CERB_SKIP
sia_csmith_1186.c	oracle	0	0.04	0.04	49248	MATCH
sia_csmith_1186.c	lean	0	0.07	0.06	83928	MATCH
sia_csmith_1187.c	oracle	124	15.05	15.04	680348	CERB_SKIP
sia_csmith_1187.c	lean	NA	NA	NA	NA	CERB_SKIP
sia_csmith_1188.c	oracle	0	0.04	0.04	48860	MATCH
sia_csmith_1188.c	lean	0	0.06	0.06	83740	MATCH
sia_csmith_1189.c	oracle	124	15.05	15.04	680336	CERB_SKIP
sia_csmith_1189.c	lean	NA	NA	NA	NA	CERB_SKIP
sia_csmith_119.c	oracle	0	0.04	0.04	49432	MATCH
sia_csmith_119.c	lean	0	0.06	0.05	83516	MATCH
sia_csmith_1190.c	oracle	124	15.04	15.03	598952	CERB_SKIP
sia_csmith_1190.c	lean	NA	NA	NA	NA	CERB_SKIP
sia_csmith_1191.c	oracle	0	0.07	0.07	59736	MATCH
sia_csmith_1191.c	lean	0	0.13	0.13	102624	MATCH
sia_csmith_1192.c	oracle	124	15.05	15.05	713852	CERB_SKIP
sia_csmith_1192.c	lean	NA	NA	NA	NA	CERB_SKIP
sia_csmith_120.c	oracle	0	1.17	1.16	96648	MATCH
sia_csmith_120.c	lean	0	3.59	3.58	115448	MATCH
sia_csmith_121.c	oracle	0	0.05	0.05	51356	MATCH
sia_csmith_121.c	lean	0	0.11	0.10	85612	MATCH
sia_csmith_122.c	oracle	0	2.52	2.51	154888	MATCH
sia_csmith_122.c	lean	0	7.46	7.45	172392	MATCH
sia_csmith_123.c	oracle	0	0.04	0.04	48352	MATCH
sia_csmith_123.c	lean	0	0.07	0.06	83480	MATCH
sia_csmith_124.c	oracle	0	0.04	0.03	49168	MATCH
sia_csmith_124.c	lean	0	0.07	0.06	83336	MATCH
sia_csmith_125.c	oracle	0	0.65	0.64	73444	MATCH
sia_csmith_125.c	lean	0	1.95	1.95	94872	MATCH
sia_csmith_126.c	oracle	0	0.04	0.04	49064	MATCH
sia_csmith_126.c	lean	0	0.07	0.06	83148	MATCH
sia_csmith_127.c	oracle	0	0.04	0.04	49132	MATCH
sia_csmith_127.c	lean	0	0.06	0.06	80348	MATCH
sia_csmith_128.c	oracle	124	15.03	15.02	508528	CERB_SKIP
sia_csmith_128.c	lean	NA	NA	NA	NA	CERB_SKIP
sia_csmith_129.c	oracle	0	0.04	0.03	49116	MATCH
sia_csmith_129.c	lean	0	0.06	0.05	84740	MATCH
sia_csmith_130.c	oracle	124	15.03	15.02	421008	CERB_SKIP
sia_csmith_130.c	lean	NA	NA	NA	NA	CERB_SKIP
sia_csmith_131.c	oracle	124	15.05	15.04	653760	CERB_SKIP
sia_csmith_131.c	lean	NA	NA	NA	NA	CERB_SKIP
sia_csmith_132.c	oracle	124	15.05	15.04	599116	CERB_SKIP
sia_csmith_132.c	lean	NA	NA	NA	NA	CERB_SKIP
sia_csmith_133.c	oracle	0	0.04	0.04	50236	MATCH
sia_csmith_133.c	lean	0	0.07	0.07	87352	MATCH
sia_csmith_134.c	oracle	0	0.04	0.04	49912	MATCH
sia_csmith_134.c	lean	0	0.06	0.05	84004	MATCH
sia_csmith_135.c	oracle	124	15.04	15.03	581780	CERB_SKIP
sia_csmith_135.c	lean	NA	NA	NA	NA	CERB_SKIP
sia_csmith_136.c	oracle	0	0.94	0.93	95344	MATCH
sia_csmith_136.c	lean	0	6.11	6.11	121516	MATCH
sia_csmith_137.c	oracle	124	15.04	15.04	593836	CERB_SKIP
sia_csmith_137.c	lean	NA	NA	NA	NA	CERB_SKIP
sia_csmith_138.c	oracle	124	15.04	15.03	558396	CERB_SKIP
sia_csmith_138.c	lean	NA	NA	NA	NA	CERB_SKIP
sia_csmith_139.c	oracle	0	4.63	4.62	241676	MATCH
sia_csmith_139.c	lean	0	14.20	14.19	237148	MATCH
sia_csmith_140.c	oracle	0	0.04	0.04	49508	MATCH
sia_csmith_140.c	lean	0	0.07	0.07	84748	MATCH
sia_csmith_141.c	oracle	0	0.04	0.04	48488	MATCH
sia_csmith_141.c	lean	0	0.06	0.06	84916	MATCH
sia_csmith_142.c	oracle	0	0.04	0.04	49120	MATCH
sia_csmith_142.c	lean	0	0.06	0.05	83436	MATCH
sia_csmith_143.c	oracle	0	0.08	0.07	53040	MATCH
sia_csmith_143.c	lean	0	0.18	0.17	87776	MATCH
sia_csmith_144.c	oracle	0	0.04	0.04	48924	MATCH
sia_csmith_144.c	lean	0	0.06	0.06	82912	MATCH
sia_csmith_145.c	oracle	0	0.05	0.04	49980	MATCH
sia_csmith_145.c	lean	0	0.09	0.09	86236	MATCH
sia_csmith_146.c	oracle	0	0.04	0.03	49192	MATCH
sia_csmith_146.c	lean	0	0.06	0.05	83664	MATCH
sia_csmith_147.c	oracle	0	0.09	0.08	51556	MATCH
sia_csmith_147.c	lean	0	0.19	0.18	85376	MATCH
sia_csmith_148.c	oracle	124	15.05	15.04	711576	CERB_SKIP
sia_csmith_148.c	lean	NA	NA	NA	NA	CERB_SKIP
sia_csmith_149.c	oracle	0	0.04	0.04	49472	MATCH
sia_csmith_149.c	lean	0	0.07	0.06	83776	MATCH
sia_csmith_150.c	oracle	0	0.04	0.04	49020	MATCH
sia_csmith_150.c	lean	0	0.06	0.05	83648	MATCH
sia_csmith_151.c	oracle	124	15.05	15.04	690428	CERB_SKIP
sia_csmith_151.c	lean	NA	NA	NA	NA	CERB_SKIP
sia_csmith_152.c	oracle	0	0.04	0.03	49000	MATCH
sia_csmith_152.c	lean	0	0.07	0.06	83876	MATCH
sia_csmith_153.c	oracle	0	0.04	0.03	48228	MATCH
sia_csmith_153.c	lean	0	0.06	0.06	85300	MATCH
sia_csmith_154.c	oracle	0	0.05	0.05	51664	MATCH
sia_csmith_154.c	lean	0	0.09	0.08	87540	MATCH
sia_csmith_155.c	oracle	124	15.05	15.05	717228	CERB_SKIP
sia_csmith_155.c	lean	NA	NA	NA	NA	CERB_SKIP
sia_csmith_156.c	oracle	0	0.04	0.03	48932	MATCH
sia_csmith_156.c	lean	0	0.07	0.06	83228	MATCH
sia_csmith_157.c	oracle	124	15.05	15.05	648608	CERB_SKIP
sia_csmith_157.c	lean	NA	NA	NA	NA	CERB_SKIP
sia_csmith_158.c	oracle	124	15.05	15.04	711684	CERB_SKIP
sia_csmith_158.c	lean	NA	NA	NA	NA	CERB_SKIP
sia_csmith_159.c	oracle	0	0.06	0.06	51112	MATCH
sia_csmith_159.c	lean	0	0.15	0.15	85760	MATCH
sia_csmith_160.c	oracle	0	0.04	0.04	49672	MATCH
sia_csmith_160.c	lean	0	0.06	0.06	83740	MATCH
sia_csmith_161.c	oracle	0	7.08	7.08	343084	TIMEOUT
sia_csmith_161.c	lean	124	15.00	14.99	248296	TIMEOUT
sia_csmith_162.c	oracle	124	15.02	15.01	296520	CERB_SKIP
sia_csmith_162.c	lean	NA	NA	NA	NA	CERB_SKIP
sia_csmith_163.c	oracle	124	15.04	15.03	507692	CERB_SKIP
sia_csmith_163.c	lean	NA	NA	NA	NA	CERB_SKIP
sia_csmith_164.c	oracle	0	0.23	0.22	57920	MATCH
sia_csmith_164.c	lean	0	0.68	0.67	86696	MATCH
sia_csmith_165.c	oracle	0	0.04	0.03	48868	MATCH
sia_csmith_165.c	lean	0	0.06	0.06	84784	MATCH
sia_csmith_166.c	oracle	0	0.05	0.04	52120	MATCH
sia_csmith_166.c	lean	0	0.08	0.08	88340	MATCH
sia_csmith_167.c	oracle	0	0.04	0.03	49360	MATCH
sia_csmith_167.c	lean	0	0.06	0.06	84092	MATCH
sia_csmith_168.c	oracle	0	0.05	0.04	50016	MATCH
sia_csmith_168.c	lean	0	0.08	0.07	79440	MATCH
sia_csmith_169.c	oracle	0	5.60	5.59	306060	TIMEOUT
sia_csmith_169.c	lean	124	15.00	14.99	289296	TIMEOUT
sia_csmith_170.c	oracle	0	0.06	0.05	50324	MATCH
sia_csmith_170.c	lean	0	0.12	0.11	84508	MATCH
sia_csmith_171.c	oracle	124	15.04	15.03	578400	CERB_SKIP
sia_csmith_171.c	lean	NA	NA	NA	NA	CERB_SKIP
sia_csmith_172.c	oracle	0	0.04	0.04	49024	MATCH
sia_csmith_172.c	lean	0	0.06	0.06	83436	MATCH
sia_csmith_173.c	oracle	0	0.04	0.03	49396	MATCH
sia_csmith_173.c	lean	0	0.06	0.05	83852	MATCH
sia_csmith_174.c	oracle	124	15.05	15.04	735396	CERB_SKIP
sia_csmith_174.c	lean	NA	NA	NA	NA	CERB_SKIP
sia_csmith_175.c	oracle	0	0.04	0.04	49020	MATCH
sia_csmith_175.c	lean	0	0.07	0.06	84684	MATCH
sia_csmith_176.c	oracle	0	0.04	0.03	48528	MATCH
sia_csmith_176.c	lean	0	0.06	0.05	83340	MATCH
sia_csmith_177.c	oracle	0	0.05	0.04	50016	MATCH
sia_csmith_177.c	lean	0	0.08	0.07	82488	MATCH
sia_csmith_178.c	oracle	0	0.13	0.12	57256	MATCH
sia_csmith_178.c	lean	0	0.35	0.35	91600	MATCH
sia_csmith_179.c	oracle	0	0.04	0.04	49008	MATCH
sia_csmith_179.c	lean	0	0.06	0.06	83744	MATCH
sia_csmith_180.c	oracle	124	15.05	15.04	684972	CERB_SKIP
sia_csmith_180.c	lean	NA	NA	NA	NA	CERB_SKIP
sia_csmith_181.c	oracle	0	1.00	0.99	94240	MATCH
sia_csmith_181.c	lean	0	3.26	3.26	119260	MATCH
sia_csmith_182.c	oracle	0	0.04	0.03	49424	MATCH
sia_csmith_182.c	lean	0	0.06	0.05	83984	MATCH
sia_csmith_183.c	oracle	124	15.04	15.04	613264	CERB_SKIP
sia_csmith_183.c	lean	NA	NA	NA	NA	CERB_SKIP
sia_csmith_184.c	oracle	0	0.07	0.06	50376	MATCH
sia_csmith_184.c	lean	0	0.14	0.13	82132	MATCH
sia_csmith_185.c	oracle	0	0.04	0.03	48692	MATCH
sia_csmith_185.c	lean	0	0.06	0.06	83992	MATCH
sia_csmith_186.c	oracle	0	0.10	0.10	54096	MATCH
sia_csmith_186.c	lean	0	0.25	0.25	87908	MATCH
sia_csmith_187.c	oracle	0	0.06	0.05	55236	MATCH
sia_csmith_187.c	lean	0	0.13	0.12	94088	MATCH
sia_csmith_188.c	oracle	124	15.04	15.03	721960	CERB_SKIP
sia_csmith_188.c	lean	NA	NA	NA	NA	CERB_SKIP
sia_csmith_189.c	oracle	124	15.03	15.02	450828	CERB_SKIP
sia_csmith_189.c	lean	NA	NA	NA	NA	CERB_SKIP
sia_csmith_190.c	oracle	124	15.04	15.04	569040	CERB_SKIP
sia_csmith_190.c	lean	NA	NA	NA	NA	CERB_SKIP
sia_csmith_191.c	oracle	124	15.05	15.04	657228	CERB_SKIP
sia_csmith_191.c	lean	NA	NA	NA	NA	CERB_SKIP
sia_csmith_192.c	oracle	0	0.06	0.06	50888	MATCH
sia_csmith_192.c	lean	0	0.09	0.08	87956	MATCH
sia_csmith_193.c	oracle	124	15.04	15.03	555220	CERB_SKIP
sia_csmith_193.c	lean	NA	NA	NA	NA	CERB_SKIP
sia_csmith_194.c	oracle	0	0.05	0.05	49656	MATCH
sia_csmith_194.c	lean	0	0.07	0.07	85828	MATCH
sia_csmith_195.c	oracle	124	15.04	15.03	650632	CERB_SKIP
sia_csmith_195.c	lean	NA	NA	NA	NA	CERB_SKIP
sia_csmith_196.c	oracle	0	0.05	0.05	51184	MATCH
sia_csmith_196.c	lean	0	0.11	0.11	86380	MATCH
sia_csmith_197.c	oracle	0	0.04	0.03	47760	MATCH
sia_csmith_197.c	lean	0	0.06	0.05	83524	MATCH
sia_csmith_198.c	oracle	0	0.07	0.07	51352	MATCH
sia_csmith_198.c	lean	0	0.17	0.17	82940	MATCH
sia_csmith_199.c	oracle	0	0.04	0.03	49556	MATCH
sia_csmith_199.c	lean	0	0.07	0.07	83996	MATCH
sia_csmith_200.c	oracle	0	0.05	0.04	49788	MATCH
sia_csmith_200.c	lean	0	0.07	0.07	85540	MATCH
sia_csmith_201.c	oracle	124	15.04	15.03	619928	CERB_SKIP
sia_csmith_201.c	lean	NA	NA	NA	NA	CERB_SKIP
sia_csmith_202.c	oracle	0	0.08	0.07	55492	MATCH
sia_csmith_202.c	lean	0	0.16	0.16	94052	MATCH
sia_csmith_203.c	oracle	124	15.04	15.04	600884	CERB_SKIP
sia_csmith_203.c	lean	NA	NA	NA	NA	CERB_SKIP
sia_csmith_204.c	oracle	124	15.05	15.04	687988	CERB_SKIP
sia_csmith_204.c	lean	NA	NA	NA	NA	CERB_SKIP
sia_csmith_205.c	oracle	0	1.03	1.03	83300	MATCH
sia_csmith_205.c	lean	0	3.28	3.27	105328	MATCH
sia_csmith_206.c	oracle	124	15.04	15.04	638740	CERB_SKIP
sia_csmith_206.c	lean	NA	NA	NA	NA	CERB_SKIP
sia_csmith_207.c	oracle	0	0.05	0.05	54524	MATCH
sia_csmith_207.c	lean	0	0.11	0.10	91584	MATCH
sia_csmith_208.c	oracle	0	0.04	0.03	49132	MATCH
sia_csmith_208.c	lean	0	0.06	0.06	85152	MATCH
sia_csmith_209.c	oracle	0	0.07	0.06	53036	MATCH
sia_csmith_209.c	lean	0	0.16	0.15	89112	MATCH
sia_csmith_210.c	oracle	0	0.04	0.03	49340	MATCH
sia_csmith_210.c	lean	0	0.07	0.06	82176	MATCH
sia_csmith_211.c	oracle	0	0.04	0.03	48452	MATCH
sia_csmith_211.c	lean	0	0.06	0.06	83328	MATCH
sia_csmith_212.c	oracle	0	0.04	0.04	48836	MATCH
sia_csmith_212.c	lean	0	0.07	0.06	83792	MATCH
sia_csmith_213.c	oracle	0	0.06	0.05	54528	MATCH
sia_csmith_213.c	lean	0	0.15	0.14	90800	MATCH
sia_csmith_214.c	oracle	124	15.04	15.04	632008	CERB_SKIP
sia_csmith_214.c	lean	NA	NA	NA	NA	CERB_SKIP
sia_csmith_215.c	oracle	0	0.11	0.10	53940	MATCH
sia_csmith_215.c	lean	0	0.30	0.29	87032	MATCH
sia_csmith_216.c	oracle	0	0.14	0.13	53536	MATCH
sia_csmith_216.c	lean	0	0.38	0.37	87788	MATCH
sia_csmith_217.c	oracle	0	0.05	0.05	50936	MATCH
sia_csmith_217.c	lean	0	0.08	0.07	87800	MATCH
sia_csmith_218.c	oracle	0	0.04	0.04	48644	MATCH
sia_csmith_218.c	lean	0	0.06	0.06	83444	MATCH
sia_csmith_219.c	oracle	0	0.04	0.04	49404	MATCH
sia_csmith_219.c	lean	0	0.06	0.06	83196	MATCH
sia_csmith_220.c	oracle	0	0.04	0.03	48216	MATCH
sia_csmith_220.c	lean	0	0.06	0.05	83360	MATCH
sia_csmith_221.c	oracle	0	0.08	0.07	50300	MATCH
sia_csmith_221.c	lean	0	0.19	0.19	82732	MATCH
sia_csmith_222.c	oracle	124	15.04	15.02	568584	CERB_SKIP
sia_csmith_222.c	lean	NA	NA	NA	NA	CERB_SKIP
sia_csmith_223.c	oracle	0	0.04	0.03	49380	MATCH
sia_csmith_223.c	lean	0	0.07	0.06	85064	MATCH
sia_csmith_224.c	oracle	0	0.62	0.62	74660	MATCH
sia_csmith_224.c	lean	0	1.88	1.88	99128	MATCH
sia_csmith_225.c	oracle	0	0.05	0.04	50864	MATCH
sia_csmith_225.c	lean	0	0.08	0.08	88996	MATCH
sia_csmith_226.c	oracle	0	0.05	0.04	50212	MATCH
sia_csmith_226.c	lean	0	0.09	0.09	85424	MATCH
sia_csmith_227.c	oracle	0	0.04	0.04	49372	MATCH
sia_csmith_227.c	lean	0	0.06	0.05	83064	MATCH
sia_csmith_228.c	oracle	124	15.04	15.04	672464	CERB_SKIP
sia_csmith_228.c	lean	NA	NA	NA	NA	CERB_SKIP
sia_csmith_229.c	oracle	124	15.05	15.03	697644	CERB_SKIP
sia_csmith_229.c	lean	NA	NA	NA	NA	CERB_SKIP
sia_csmith_230.c	oracle	0	0.04	0.04	48776	MATCH
sia_csmith_230.c	lean	0	0.07	0.06	83756	MATCH
sia_csmith_231.c	oracle	0	0.04	0.03	48288	MATCH
sia_csmith_231.c	lean	0	0.06	0.05	83732	MATCH
sia_csmith_232.c	oracle	0	0.05	0.05	53176	MATCH
sia_csmith_232.c	lean	0	0.09	0.08	89140	MATCH
sia_csmith_233.c	oracle	0	0.04	0.03	48516	MATCH
sia_csmith_233.c	lean	0	0.06	0.06	79988	MATCH
sia_csmith_234.c	oracle	0	0.04	0.04	48364	MATCH
sia_csmith_234.c	lean	0	0.06	0.05	83624	MATCH
sia_csmith_235.c	oracle	0	0.04	0.03	48928	MATCH
sia_csmith_235.c	lean	0	0.06	0.06	84116	MATCH
sia_csmith_236.c	oracle	0	0.06	0.06	54004	MATCH
sia_csmith_236.c	lean	0	0.15	0.14	89268	MATCH
sia_csmith_237.c	oracle	0	0.05	0.04	50048	MATCH
sia_csmith_237.c	lean	0	0.09	0.08	85504	MATCH
sia_csmith_238.c	oracle	124	15.04	15.03	672336	CERB_SKIP
sia_csmith_238.c	lean	NA	NA	NA	NA	CERB_SKIP
sia_csmith_239.c	oracle	0	0.04	0.04	49308	MATCH
sia_csmith_239.c	lean	0	0.06	0.06	84464	MATCH
sia_csmith_240.c	oracle	0	0.04	0.04	49044	MATCH
sia_csmith_240.c	lean	0	0.07	0.06	84740	MATCH
sia_csmith_241.c	oracle	0	0.04	0.04	48676	MATCH
sia_csmith_241.c	lean	0	0.06	0.06	83280	MATCH
sia_csmith_242.c	oracle	0	0.04	0.04	48836	MATCH
sia_csmith_242.c	lean	0	0.07	0.06	83264	MATCH
sia_csmith_243.c	oracle	0	0.04	0.04	48944	MATCH
sia_csmith_243.c	lean	0	0.07	0.06	79976	MATCH
sia_csmith_244.c	oracle	0	0.68	0.67	78012	MATCH
sia_csmith_244.c	lean	0	2.53	2.52	101120	MATCH
sia_csmith_245.c	oracle	0	0.05	0.04	49360	MATCH
sia_csmith_245.c	lean	0	0.07	0.07	84156	MATCH
sia_csmith_246.c	oracle	0	0.04	0.03	49388	MATCH
sia_csmith_246.c	lean	0	0.07	0.06	83804	MATCH
sia_csmith_247.c	oracle	0	0.04	0.03	49444	MATCH
sia_csmith_247.c	lean	0	0.06	0.06	83696	MATCH
sia_csmith_248.c	oracle	0	0.04	0.03	47960	MATCH
sia_csmith_248.c	lean	0	0.06	0.05	83948	MATCH
sia_csmith_249.c	oracle	0	0.05	0.04	50320	MATCH
sia_csmith_249.c	lean	0	0.09	0.08	82384	MATCH
sia_csmith_250.c	oracle	0	0.04	0.04	49120	MATCH
sia_csmith_250.c	lean	0	0.06	0.06	83540	MATCH
sia_csmith_251.c	oracle	0	0.04	0.03	49424	MATCH
sia_csmith_251.c	lean	0	0.07	0.06	83476	MATCH
sia_csmith_252.c	oracle	0	0.04	0.03	49752	MATCH
sia_csmith_252.c	lean	0	0.06	0.06	83316	MATCH
sia_csmith_253.c	oracle	0	0.04	0.03	49424	MATCH
sia_csmith_253.c	lean	0	0.06	0.06	83104	MATCH
sia_csmith_254.c	oracle	0	0.04	0.03	49508	MATCH
sia_csmith_254.c	lean	0	0.07	0.06	83948	MATCH
sia_csmith_255.c	oracle	0	0.04	0.03	49248	MATCH
sia_csmith_255.c	lean	0	0.06	0.06	83496	MATCH
sia_csmith_256.c	oracle	0	0.04	0.03	48800	MATCH
sia_csmith_256.c	lean	0	0.06	0.05	84852	MATCH
sia_csmith_257.c	oracle	124	15.04	15.03	630848	CERB_SKIP
sia_csmith_257.c	lean	NA	NA	NA	NA	CERB_SKIP
sia_csmith_258.c	oracle	0	0.04	0.04	48912	MATCH
sia_csmith_258.c	lean	0	0.06	0.06	83784	MATCH
sia_csmith_259.c	oracle	0	0.05	0.05	50736	MATCH
sia_csmith_259.c	lean	0	0.08	0.07	86724	MATCH
sia_csmith_260.c	oracle	0	0.06	0.05	53744	MATCH
sia_csmith_260.c	lean	0	0.14	0.13	89700	MATCH
sia_csmith_261.c	oracle	0	0.04	0.04	49288	MATCH
sia_csmith_261.c	lean	0	0.07	0.06	83728	MATCH
sia_csmith_262.c	oracle	0	0.06	0.06	49504	MATCH
sia_csmith_262.c	lean	0	0.11	0.10	84948	MATCH
sia_csmith_263.c	oracle	0	0.05	0.05	49892	MATCH
sia_csmith_263.c	lean	0	0.10	0.09	83480	MATCH
sia_csmith_264.c	oracle	0	0.08	0.07	54488	MATCH
sia_csmith_264.c	lean	0	0.17	0.17	90044	MATCH
sia_csmith_265.c	oracle	0	0.05	0.04	51116	MATCH
sia_csmith_265.c	lean	0	0.08	0.07	86660	MATCH
sia_csmith_266.c	oracle	0	0.04	0.04	49964	MATCH
sia_csmith_266.c	lean	0	0.07	0.06	84968	MATCH
sia_csmith_267.c	oracle	0	0.04	0.04	49332	MATCH
sia_csmith_267.c	lean	0	0.06	0.05	83536	MATCH
sia_csmith_268.c	oracle	0	0.04	0.03	48500	MATCH
sia_csmith_268.c	lean	0	0.07	0.06	80076	MATCH
sia_csmith_269.c	oracle	0	0.04	0.04	49368	MATCH
sia_csmith_269.c	lean	0	0.06	0.06	83032	MATCH
sia_csmith_270.c	oracle	0	0.05	0.04	49744	MATCH
sia_csmith_270.c	lean	0	0.07	0.07	84824	MATCH
sia_csmith_271.c	oracle	0	0.06	0.05	54084	MATCH
sia_csmith_271.c	lean	0	0.12	0.11	91808	MATCH
sia_csmith_272.c	oracle	0	0.13	0.13	53964	MATCH
sia_csmith_272.c	lean	0	0.33	0.32	85792	MATCH
sia_csmith_273.c	oracle	0	0.04	0.04	48588	MATCH
sia_csmith_273.c	lean	0	0.07	0.06	80204	MATCH
sia_csmith_274.c	oracle	0	0.04	0.04	48712	MATCH
sia_csmith_274.c	lean	0	0.06	0.06	84044	MATCH
sia_csmith_275.c	oracle	0	0.18	0.18	57556	MATCH
sia_csmith_275.c	lean	0	0.54	0.54	89844	MATCH
sia_csmith_276.c	oracle	0	0.23	0.23	58816	MATCH
sia_csmith_276.c	lean	0	0.66	0.66	92724	MATCH
sia_csmith_277.c	oracle	0	0.04	0.04	49452	MATCH
sia_csmith_277.c	lean	0	0.08	0.07	83316	MATCH
sia_csmith_278.c	oracle	0	0.04	0.04	48380	MATCH
sia_csmith_278.c	lean	0	0.06	0.05	84080	MATCH
sia_csmith_279.c	oracle	0	0.09	0.09	54456	MATCH
sia_csmith_279.c	lean	0	0.24	0.23	89284	MATCH
sia_csmith_280.c	oracle	124	15.02	15.02	342344	CERB_SKIP
sia_csmith_280.c	lean	NA	NA	NA	NA	CERB_SKIP
sia_csmith_281.c	oracle	0	0.06	0.05	54612	MATCH
sia_csmith_281.c	lean	0	0.12	0.12	89064	MATCH
sia_csmith_282.c	oracle	124	15.03	15.02	519432	CERB_SKIP
sia_csmith_282.c	lean	NA	NA	NA	NA	CERB_SKIP
sia_csmith_283.c	oracle	0	0.04	0.03	49296	MATCH
sia_csmith_283.c	lean	0	0.06	0.06	83244	MATCH
sia_csmith_284.c	oracle	0	0.05	0.05	50512	MATCH
sia_csmith_284.c	lean	0	0.08	0.07	85824	MATCH
sia_csmith_285.c	oracle	124	15.04	15.04	634816	CERB_SKIP
sia_csmith_285.c	lean	NA	NA	NA	NA	CERB_SKIP
sia_csmith_286.c	oracle	0	0.11	0.11	52776	MATCH
sia_csmith_286.c	lean	0	0.26	0.26	85144	MATCH
sia_csmith_287.c	oracle	124	15.04	15.03	678400	CERB_SKIP
sia_csmith_287.c	lean	NA	NA	NA	NA	CERB_SKIP
sia_csmith_288.c	oracle	0	0.15	0.15	55052	MATCH
sia_csmith_288.c	lean	0	0.38	0.37	87916	MATCH
sia_csmith_289.c	oracle	0	0.04	0.03	48968	MATCH
sia_csmith_289.c	lean	0	0.06	0.06	84580	MATCH
sia_csmith_290.c	oracle	124	15.04	15.03	604004	CERB_SKIP
sia_csmith_290.c	lean	NA	NA	NA	NA	CERB_SKIP
sia_csmith_291.c	oracle	0	0.04	0.03	49812	MATCH
sia_csmith_291.c	lean	0	0.06	0.05	85444	MATCH
sia_csmith_292.c	oracle	0	0.04	0.03	48936	MATCH
sia_csmith_292.c	lean	0	0.07	0.07	83188	MATCH
sia_csmith_293.c	oracle	0	0.04	0.03	49400	MATCH
sia_csmith_293.c	lean	0	0.06	0.06	85136	MATCH
sia_csmith_294.c	oracle	124	15.04	15.03	587360	CERB_SKIP
sia_csmith_294.c	lean	NA	NA	NA	NA	CERB_SKIP
sia_csmith_295.c	oracle	124	15.02	15.02	291848	CERB_SKIP
sia_csmith_295.c	lean	NA	NA	NA	NA	CERB_SKIP
sia_csmith_296.c	oracle	0	0.04	0.03	48652	MATCH
sia_csmith_296.c	lean	0	0.07	0.06	83552	MATCH
sia_csmith_297.c	oracle	0	0.04	0.04	48632	MATCH
sia_csmith_297.c	lean	0	0.06	0.05	83724	MATCH
sia_csmith_298.c	oracle	0	0.04	0.04	48372	MATCH
sia_csmith_298.c	lean	0	0.07	0.06	83492	MATCH
sia_csmith_299.c	oracle	0	1.81	1.80	110188	MATCH
sia_csmith_299.c	lean	0	5.51	5.50	124308	MATCH
sia_csmith_300.c	oracle	124	15.04	15.04	638256	CERB_SKIP
sia_csmith_300.c	lean	NA	NA	NA	NA	CERB_SKIP
sia_csmith_301.c	oracle	0	0.04	0.03	49608	MATCH
sia_csmith_301.c	lean	0	0.06	0.06	84184	MATCH
sia_csmith_302.c	oracle	0	0.65	0.65	71240	MATCH
sia_csmith_302.c	lean	0	2.11	2.11	89592	MATCH
sia_csmith_303.c	oracle	0	0.05	0.04	50208	MATCH
sia_csmith_303.c	lean	0	0.09	0.09	85520	MATCH
sia_csmith_304.c	oracle	0	0.05	0.04	51424	MATCH
sia_csmith_304.c	lean	0	0.10	0.09	84868	MATCH
sia_csmith_305.c	oracle	0	0.06	0.06	52712	MATCH
sia_csmith_305.c	lean	0	0.13	0.13	88656	MATCH
sia_csmith_306.c	oracle	124	15.01	15.00	148084	CERB_SKIP
sia_csmith_306.c	lean	NA	NA	NA	NA	CERB_SKIP
sia_csmith_307.c	oracle	0	0.04	0.03	49272	MATCH
sia_csmith_307.c	lean	0	0.07	0.06	83568	MATCH
sia_csmith_308.c	oracle	0	0.05	0.05	49884	MATCH
sia_csmith_308.c	lean	0	0.09	0.08	85792	MATCH
sia_csmith_309.c	oracle	124	15.04	15.03	714128	CERB_SKIP
sia_csmith_309.c	lean	NA	NA	NA	NA	CERB_SKIP
sia_csmith_310.c	oracle	0	0.07	0.06	55308	MATCH
sia_csmith_310.c	lean	0	0.17	0.16	91308	MATCH
sia_csmith_311.c	oracle	0	0.04	0.04	49624	MATCH
sia_csmith_311.c	lean	0	0.06	0.06	84740	MATCH
sia_csmith_312.c	oracle	0	0.71	0.70	78780	MATCH
sia_csmith_312.c	lean	0	2.14	2.13	104436	MATCH
sia_csmith_313.c	oracle	0	0.04	0.04	49984	MATCH
sia_csmith_313.c	lean	0	0.06	0.06	85328	MATCH
sia_csmith_314.c	oracle	0	0.04	0.03	49276	MATCH
sia_csmith_314.c	lean	0	0.06	0.05	83584	MATCH
sia_csmith_315.c	oracle	0	0.04	0.03	49404	MATCH
sia_csmith_315.c	lean	0	0.08	0.07	85980	MATCH
sia_csmith_316.c	oracle	0	1.34	1.33	104184	MATCH
sia_csmith_316.c	lean	0	4.06	4.05	126900	MATCH
sia_csmith_317.c	oracle	0	0.55	0.54	70752	MATCH
sia_csmith_317.c	lean	0	1.59	1.59	99384	MATCH
sia_csmith_318.c	oracle	0	0.05	0.04	50272	MATCH
sia_csmith_318.c	lean	0	0.09	0.09	85504	MATCH
sia_csmith_319.c	oracle	124	15.04	15.03	658004	CERB_SKIP
sia_csmith_319.c	lean	NA	NA	NA	NA	CERB_SKIP
sia_csmith_320.c	oracle	0	0.05	0.04	49592	MATCH
sia_csmith_320.c	lean	0	0.09	0.09	85832	MATCH
sia_csmith_321.c	oracle	0	0.19	0.19	58120	MATCH
sia_csmith_321.c	lean	0	0.62	0.61	89856	MATCH
sia_csmith_322.c	oracle	0	0.04	0.04	49288	MATCH
sia_csmith_322.c	lean	0	0.06	0.06	83840	MATCH
sia_csmith_323.c	oracle	0	0.04	0.04	50704	MATCH
sia_csmith_323.c	lean	0	0.07	0.06	86732	MATCH
sia_csmith_324.c	oracle	0	0.05	0.05	50796	MATCH
sia_csmith_324.c	lean	0	0.11	0.11	85952	MATCH
sia_csmith_325.c	oracle	0	0.04	0.04	49480	MATCH
sia_csmith_325.c	lean	0	0.07	0.06	83964	MATCH
sia_csmith_326.c	oracle	124	15.04	15.04	724488	CERB_SKIP
sia_csmith_326.c	lean	NA	NA	NA	NA	CERB_SKIP
sia_csmith_327.c	oracle	0	0.04	0.03	49728	MATCH
sia_csmith_327.c	lean	0	0.06	0.05	83748	MATCH
sia_csmith_328.c	oracle	0	0.05	0.04	48900	MATCH
sia_csmith_328.c	lean	0	0.07	0.06	83424	MATCH
sia_csmith_329.c	oracle	0	0.04	0.03	49532	MATCH
sia_csmith_329.c	lean	0	0.06	0.05	83256	MATCH
sia_csmith_330.c	oracle	0	0.06	0.05	49584	MATCH
sia_csmith_330.c	lean	0	0.11	0.10	82960	MATCH
sia_csmith_331.c	oracle	0	0.07	0.06	51304	MATCH
sia_csmith_331.c	lean	0	0.14	0.13	84936	MATCH
sia_csmith_332.c	oracle	0	0.07	0.07	58908	MATCH
sia_csmith_332.c	lean	0	0.15	0.14	102164	MATCH
sia_csmith_333.c	oracle	0	0.05	0.05	49648	MATCH
sia_csmith_333.c	lean	0	0.10	0.09	85120	MATCH
sia_csmith_334.c	oracle	0	0.05	0.04	50104	MATCH
sia_csmith_334.c	lean	0	0.09	0.08	84068	MATCH
sia_csmith_335.c	oracle	0	0.04	0.04	50200	MATCH
sia_csmith_335.c	lean	0	0.08	0.07	84644	MATCH
sia_csmith_336.c	oracle	0	0.50	0.50	67712	MATCH
sia_csmith_336.c	lean	0	1.54	1.53	92096	MATCH
sia_csmith_337.c	oracle	0	0.05	0.04	49584	MATCH
sia_csmith_337.c	lean	0	0.07	0.06	85112	MATCH
sia_csmith_338.c	oracle	0	0.04	0.04	49040	MATCH
sia_csmith_338.c	lean	0	0.07	0.06	84036	MATCH
sia_csmith_339.c	oracle	0	0.08	0.07	51572	MATCH
sia_csmith_339.c	lean	0	0.19	0.18	86364	MATCH
sia_csmith_340.c	oracle	0	0.05	0.04	52944	MATCH
sia_csmith_340.c	lean	0	0.09	0.08	90108	MATCH
sia_csmith_341.c	oracle	124	15.04	15.03	649964	CERB_SKIP
sia_csmith_341.c	lean	NA	NA	NA	NA	CERB_SKIP
sia_csmith_342.c	oracle	0	0.05	0.04	51876	MATCH
sia_csmith_342.c	lean	0	0.09	0.08	89840	MATCH
sia_csmith_343.c	oracle	0	0.05	0.04	48752	MATCH
sia_csmith_343.c	lean	0	0.07	0.06	84516	MATCH
sia_csmith_344.c	oracle	0	0.06	0.06	53656	MATCH
sia_csmith_344.c	lean	0	0.12	0.12	92420	MATCH
sia_csmith_345.c	oracle	124	15.05	15.03	670256	CERB_SKIP
sia_csmith_345.c	lean	NA	NA	NA	NA	CERB_SKIP
sia_csmith_346.c	oracle	0	0.06	0.06	50032	MATCH
sia_csmith_346.c	lean	0	0.13	0.12	85692	MATCH
sia_csmith_347.c	oracle	0	0.04	0.04	47924	MATCH
sia_csmith_347.c	lean	0	0.07	0.07	83204	MATCH
sia_csmith_348.c	oracle	0	0.04	0.04	48892	MATCH
sia_csmith_348.c	lean	0	0.07	0.06	83384	MATCH
sia_csmith_349.c	oracle	0	0.07	0.06	49560	MATCH
sia_csmith_349.c	lean	0	0.14	0.13	82452	MATCH
sia_csmith_350.c	oracle	0	0.05	0.04	49384	MATCH
sia_csmith_350.c	lean	0	0.09	0.08	83148	MATCH
sia_csmith_351.c	oracle	0	0.04	0.04	49032	MATCH
sia_csmith_351.c	lean	0	0.06	0.06	80188	MATCH
sia_csmith_352.c	oracle	124	15.04	15.03	552836	CERB_SKIP
sia_csmith_352.c	lean	NA	NA	NA	NA	CERB_SKIP
sia_csmith_353.c	oracle	0	0.09	0.09	51416	MATCH
sia_csmith_353.c	lean	0	0.19	0.19	87832	MATCH
sia_csmith_354.c	oracle	0	0.04	0.04	49100	MATCH
sia_csmith_354.c	lean	0	0.07	0.07	83032	MATCH
sia_csmith_355.c	oracle	0	1.21	1.20	87852	MATCH
sia_csmith_355.c	lean	0	3.94	3.93	99904	MATCH
sia_csmith_356.c	oracle	124	15.05	15.02	647128	CERB_SKIP
sia_csmith_356.c	lean	NA	NA	NA	NA	CERB_SKIP
sia_csmith_357.c	oracle	124	15.04	15.02	537676	CERB_SKIP
sia_csmith_357.c	lean	NA	NA	NA	NA	CERB_SKIP
sia_csmith_358.c	oracle	0	0.05	0.04	50212	MATCH
sia_csmith_358.c	lean	0	0.09	0.09	87288	MATCH
sia_csmith_359.c	oracle	0	0.04	0.04	48308	MATCH
sia_csmith_359.c	lean	0	0.06	0.05	83652	MATCH
sia_csmith_360.c	oracle	0	0.04	0.04	49020	MATCH
sia_csmith_360.c	lean	0	0.06	0.06	83660	MATCH
sia_csmith_361.c	oracle	0	0.04	0.04	48556	MATCH
sia_csmith_361.c	lean	0	0.07	0.06	82884	MATCH
sia_csmith_362.c	oracle	0	0.04	0.04	48304	MATCH
sia_csmith_362.c	lean	0	0.07	0.06	83560	MATCH
sia_csmith_363.c	oracle	124	15.02	15.01	376744	CERB_SKIP
sia_csmith_363.c	lean	NA	NA	NA	NA	CERB_SKIP
sia_csmith_364.c	oracle	0	0.06	0.05	51956	MATCH
sia_csmith_364.c	lean	0	0.10	0.10	88564	MATCH
sia_csmith_365.c	oracle	124	15.04	15.04	696980	CERB_SKIP
sia_csmith_365.c	lean	NA	NA	NA	NA	CERB_SKIP
sia_csmith_366.c	oracle	124	15.05	15.04	690132	CERB_SKIP
sia_csmith_366.c	lean	NA	NA	NA	NA	CERB_SKIP
sia_csmith_367.c	oracle	0	0.05	0.04	48388	MATCH
sia_csmith_367.c	lean	0	0.08	0.08	83140	MATCH
sia_csmith_368.c	oracle	0	0.04	0.03	48956	MATCH
sia_csmith_368.c	lean	0	0.07	0.06	85636	MATCH
sia_csmith_369.c	oracle	0	0.08	0.07	58144	MATCH
sia_csmith_369.c	lean	0	0.18	0.18	102080	MATCH
sia_csmith_370.c	oracle	0	0.05	0.04	49012	MATCH
sia_csmith_370.c	lean	0	0.08	0.07	82824	MATCH
sia_csmith_371.c	oracle	0	0.04	0.04	49104	MATCH
sia_csmith_371.c	lean	0	0.09	0.07	80196	MATCH
sia_csmith_372.c	oracle	0	0.48	0.47	67220	MATCH
sia_csmith_372.c	lean	0	1.51	1.51	95884	MATCH
sia_csmith_373.c	oracle	0	0.04	0.04	48564	MATCH
sia_csmith_373.c	lean	0	0.06	0.06	83564	MATCH
sia_csmith_374.c	oracle	0	0.05	0.04	50228	MATCH
sia_csmith_374.c	lean	0	0.08	0.07	85108	MATCH
sia_csmith_375.c	oracle	124	15.04	15.03	576844	CERB_SKIP
sia_csmith_375.c	lean	NA	NA	NA	NA	CERB_SKIP
sia_csmith_376.c	oracle	0	0.05	0.05	50356	MATCH
sia_csmith_376.c	lean	0	0.09	0.09	85464	MATCH
sia_csmith_377.c	oracle	0	0.06	0.06	50100	MATCH
sia_csmith_377.c	lean	0	0.12	0.12	86900	MATCH
sia_csmith_378.c	oracle	124	15.05	15.04	620868	CERB_SKIP
sia_csmith_378.c	lean	NA	NA	NA	NA	CERB_SKIP
sia_csmith_379.c	oracle	0	0.30	0.29	65620	MATCH
sia_csmith_379.c	lean	0	1.09	1.09	98380	MATCH
sia_csmith_380.c	oracle	124	15.04	15.03	675556	CERB_SKIP
sia_csmith_380.c	lean	NA	NA	NA	NA	CERB_SKIP
sia_csmith_381.c	oracle	0	0.07	0.06	50804	MATCH
sia_csmith_381.c	lean	0	0.15	0.15	82896	MATCH
sia_csmith_382.c	oracle	0	0.05	0.05	50804	MATCH
sia_csmith_382.c	lean	0	0.08	0.08	82396	MATCH
sia_csmith_383.c	oracle	0	0.21	0.21	58540	MATCH
sia_csmith_383.c	lean	0	0.64	0.64	89648	MATCH
sia_csmith_384.c	oracle	0	0.41	0.40	66028	MATCH
sia_csmith_384.c	lean	0	1.22	1.21	96904	MATCH
sia_csmith_385.c	oracle	0	0.04	0.04	49624	MATCH
sia_csmith_385.c	lean	0	0.07	0.07	85268	MATCH
sia_csmith_386.c	oracle	0	0.05	0.04	49024	MATCH
sia_csmith_386.c	lean	0	0.08	0.07	83504	MATCH
sia_csmith_387.c	oracle	0	0.07	0.07	50272	MATCH
sia_csmith_387.c	lean	0	0.16	0.15	84776	MATCH
sia_csmith_388.c	oracle	0	0.04	0.04	47936	MATCH
sia_csmith_388.c	lean	0	0.06	0.06	84708	MATCH
sia_csmith_389.c	oracle	0	0.25	0.25	57740	MATCH
sia_csmith_389.c	lean	0	0.67	0.66	88688	MATCH
sia_csmith_390.c	oracle	0	0.04	0.03	49380	MATCH
sia_csmith_390.c	lean	0	0.06	0.06	83468	MATCH
sia_csmith_391.c	oracle	0	0.04	0.04	48876	MATCH
sia_csmith_391.c	lean	0	0.07	0.06	83624	MATCH
sia_csmith_392.c	oracle	0	0.04	0.03	49588	MATCH
sia_csmith_392.c	lean	0	0.07	0.06	83152	MATCH
sia_csmith_393.c	oracle	124	15.03	15.03	636716	CERB_SKIP
sia_csmith_393.c	lean	NA	NA	NA	NA	CERB_SKIP
sia_csmith_394.c	oracle	0	0.04	0.04	48376	MATCH
sia_csmith_394.c	lean	0	0.07	0.06	83824	MATCH
sia_csmith_395.c	oracle	124	15.04	15.03	672348	CERB_SKIP
sia_csmith_395.c	lean	NA	NA	NA	NA	CERB_SKIP
sia_csmith_396.c	oracle	0	0.05	0.05	52040	MATCH
sia_csmith_396.c	lean	0	0.10	0.09	87980	MATCH
sia_csmith_397.c	oracle	0	2.26	2.25	118320	MATCH
sia_csmith_397.c	lean	0	7.32	7.31	118088	MATCH
sia_csmith_398.c	oracle	0	0.05	0.04	49616	MATCH
sia_csmith_398.c	lean	0	0.08	0.07	86000	MATCH
sia_csmith_399.c	oracle	0	1.33	1.32	113160	MATCH
sia_csmith_399.c	lean	0	4.87	4.86	140048	MATCH
sia_csmith_400.c	oracle	124	15.01	15.00	172452	CERB_SKIP
sia_csmith_400.c	lean	NA	NA	NA	NA	CERB_SKIP
sia_csmith_401.c	oracle	0	0.04	0.03	49224	MATCH
sia_csmith_401.c	lean	0	0.07	0.06	83200	MATCH
sia_csmith_402.c	oracle	0	0.04	0.04	49364	MATCH
sia_csmith_402.c	lean	0	0.08	0.07	85892	MATCH
sia_csmith_403.c	oracle	0	0.05	0.05	49200	MATCH
sia_csmith_403.c	lean	0	0.08	0.07	85100	MATCH
sia_csmith_404.c	oracle	0	0.04	0.03	49504	MATCH
sia_csmith_404.c	lean	0	0.07	0.06	83180	MATCH
sia_csmith_405.c	oracle	0	0.04	0.04	49160	MATCH
sia_csmith_405.c	lean	0	0.06	0.06	82932	MATCH
sia_csmith_406.c	oracle	0	0.04	0.04	49328	MATCH
sia_csmith_406.c	lean	0	0.06	0.06	83872	MATCH
sia_csmith_407.c	oracle	0	0.10	0.09	52556	MATCH
sia_csmith_407.c	lean	0	0.24	0.24	85372	MATCH
sia_csmith_408.c	oracle	0	0.05	0.05	49312	MATCH
sia_csmith_408.c	lean	0	0.09	0.08	80544	MATCH
sia_csmith_409.c	oracle	0	0.04	0.04	49264	MATCH
sia_csmith_409.c	lean	0	0.07	0.06	84356	MATCH
sia_csmith_410.c	oracle	0	0.04	0.03	48856	MATCH
sia_csmith_410.c	lean	0	0.07	0.06	83196	MATCH
sia_csmith_411.c	oracle	0	0.04	0.04	49204	MATCH
sia_csmith_411.c	lean	0	0.07	0.06	83788	MATCH
sia_csmith_412.c	oracle	0	0.04	0.04	49576	MATCH
sia_csmith_412.c	lean	0	0.07	0.07	84384	MATCH
sia_csmith_413.c	oracle	0	0.04	0.03	49624	MATCH
sia_csmith_413.c	lean	0	0.07	0.06	83580	MATCH
sia_csmith_414.c	oracle	0	0.04	0.03	48916	MATCH
sia_csmith_414.c	lean	0	0.07	0.06	84856	MATCH
sia_csmith_415.c	oracle	0	0.04	0.04	49960	MATCH
sia_csmith_415.c	lean	0	0.07	0.07	84312	MATCH
sia_csmith_416.c	oracle	0	0.04	0.04	49184	MATCH
sia_csmith_416.c	lean	0	0.07	0.07	83728	MATCH
sia_csmith_417.c	oracle	0	0.04	0.03	49060	MATCH
sia_csmith_417.c	lean	0	0.06	0.06	83376	MATCH
sia_csmith_418.c	oracle	0	0.04	0.03	48556	MATCH
sia_csmith_418.c	lean	0	0.07	0.06	85180	MATCH
sia_csmith_419.c	oracle	0	0.04	0.03	49012	MATCH
sia_csmith_419.c	lean	0	0.07	0.06	84732	MATCH
sia_csmith_420.c	oracle	0	0.04	0.04	49184	MATCH
sia_csmith_420.c	lean	0	0.07	0.06	82744	MATCH
sia_csmith_421.c	oracle	0	0.04	0.04	49024	MATCH
sia_csmith_421.c	lean	0	0.07	0.06	83676	MATCH
sia_csmith_422.c	oracle	0	0.04	0.04	48848	MATCH
sia_csmith_422.c	lean	0	0.07	0.07	83492	MATCH
sia_csmith_423.c	oracle	0	0.04	0.03	48896	MATCH
sia_csmith_423.c	lean	0	0.06	0.05	83376	MATCH
sia_csmith_424.c	oracle	0	0.04	0.04	49512	MATCH
sia_csmith_424.c	lean	0	0.07	0.06	84128	MATCH
sia_csmith_425.c	oracle	0	0.04	0.04	48372	MATCH
sia_csmith_425.c	lean	0	0.07	0.06	83816	MATCH
sia_csmith_426.c	oracle	0	0.04	0.03	49388	MATCH
sia_csmith_426.c	lean	0	0.07	0.06	83352	MATCH
sia_csmith_427.c	oracle	0	0.04	0.04	49400	MATCH
sia_csmith_427.c	lean	0	0.07	0.06	83060	MATCH
sia_csmith_428.c	oracle	0	0.04	0.04	49244	MATCH
sia_csmith_428.c	lean	0	0.07	0.06	83996	MATCH
sia_csmith_429.c	oracle	0	0.04	0.04	49328	MATCH
sia_csmith_429.c	lean	0	0.06	0.06	83336	MATCH
sia_csmith_430.c	oracle	0	0.04	0.03	49124	MATCH
sia_csmith_430.c	lean	0	0.07	0.06	83436	MATCH
sia_csmith_431.c	oracle	0	0.04	0.03	49140	MATCH
sia_csmith_431.c	lean	0	0.08	0.07	86388	MATCH
sia_csmith_432.c	oracle	0	0.05	0.04	49116	MATCH
sia_csmith_432.c	lean	0	0.07	0.07	84836	MATCH
sia_csmith_433.c	oracle	0	0.04	0.03	49400	MATCH
sia_csmith_433.c	lean	0	0.07	0.06	83544	MATCH
sia_csmith_434.c	oracle	0	0.06	0.06	49808	MATCH
sia_csmith_434.c	lean	0	0.14	0.13	83608	MATCH
sia_csmith_435.c	oracle	0	0.04	0.04	49636	MATCH
sia_csmith_435.c	lean	0	0.07	0.07	84476	MATCH
sia_csmith_436.c	oracle	0	0.04	0.04	49220	MATCH
sia_csmith_436.c	lean	0	0.06	0.06	83952	MATCH
sia_csmith_437.c	oracle	0	0.04	0.04	49180	MATCH
sia_csmith_437.c	lean	0	0.07	0.06	82936	MATCH
sia_csmith_438.c	oracle	0	0.04	0.04	47964	MATCH
sia_csmith_438.c	lean	0	0.06	0.06	84140	MATCH
sia_csmith_439.c	oracle	0	0.04	0.03	48864	MATCH
sia_csmith_439.c	lean	0	0.07	0.07	83060	MATCH
sia_csmith_440.c	oracle	0	0.04	0.04	49032	MATCH
sia_csmith_440.c	lean	0	0.07	0.06	84880	MATCH
sia_csmith_441.c	oracle	0	0.05	0.04	48732	MATCH
sia_csmith_441.c	lean	0	0.07	0.07	84244	MATCH
sia_csmith_442.c	oracle	0	0.04	0.04	48256	MATCH
sia_csmith_442.c	lean	0	0.07	0.06	83336	MATCH
sia_csmith_443.c	oracle	0	0.04	0.04	48948	MATCH
sia_csmith_443.c	lean	0	0.07	0.07	85656	MATCH
sia_csmith_444.c	oracle	0	0.04	0.04	49496	MATCH
sia_csmith_444.c	lean	0	0.07	0.07	83436	MATCH
sia_csmith_445.c	oracle	0	0.04	0.04	49272	MATCH
sia_csmith_445.c	lean	0	0.06	0.06	83804	MATCH
sia_csmith_446.c	oracle	124	15.04	15.03	538280	CERB_SKIP
sia_csmith_446.c	lean	NA	NA	NA	NA	CERB_SKIP
sia_csmith_447.c	oracle	0	0.04	0.04	49140	MATCH
sia_csmith_447.c	lean	0	0.07	0.07	84096	MATCH
sia_csmith_448.c	oracle	0	0.04	0.04	49168	MATCH
sia_csmith_448.c	lean	0	0.07	0.06	82880	MATCH
sia_csmith_449.c	oracle	0	0.04	0.03	48100	MATCH
sia_csmith_449.c	lean	0	0.06	0.05	85528	MATCH
sia_csmith_450.c	oracle	0	0.04	0.04	48524	MATCH
sia_csmith_450.c	lean	0	0.07	0.06	83296	MATCH
sia_csmith_451.c	oracle	0	0.04	0.04	47772	MATCH
sia_csmith_451.c	lean	0	0.07	0.06	84776	MATCH
sia_csmith_452.c	oracle	0	0.04	0.04	49308	MATCH
sia_csmith_452.c	lean	0	0.06	0.06	84688	MATCH
sia_csmith_453.c	oracle	0	0.05	0.04	49128	MATCH
sia_csmith_453.c	lean	0	0.08	0.07	83960	MATCH
sia_csmith_454.c	oracle	0	0.04	0.04	49256	MATCH
sia_csmith_454.c	lean	0	0.07	0.06	84048	MATCH
sia_csmith_455.c	oracle	0	0.04	0.04	48564	MATCH
sia_csmith_455.c	lean	0	0.07	0.06	83280	MATCH
sia_csmith_456.c	oracle	0	0.04	0.04	48976	MATCH
sia_csmith_456.c	lean	0	0.07	0.06	84912	MATCH
sia_csmith_457.c	oracle	0	0.04	0.04	48372	MATCH
sia_csmith_457.c	lean	0	0.07	0.06	84096	MATCH
sia_csmith_458.c	oracle	0	0.04	0.04	49244	MATCH
sia_csmith_458.c	lean	0	0.07	0.06	84760	MATCH
sia_csmith_459.c	oracle	0	0.04	0.04	48868	MATCH
sia_csmith_459.c	lean	0	0.08	0.07	85192	MATCH
sia_csmith_460.c	oracle	0	0.04	0.03	49152	MATCH
sia_csmith_460.c	lean	0	0.07	0.06	83940	MATCH
sia_csmith_461.c	oracle	0	0.04	0.03	49260	MATCH
sia_csmith_461.c	lean	0	0.07	0.07	85132	MATCH
sia_csmith_462.c	oracle	0	0.04	0.04	49632	MATCH
sia_csmith_462.c	lean	0	0.08	0.07	85420	MATCH
sia_csmith_463.c	oracle	0	0.04	0.03	49024	MATCH
sia_csmith_463.c	lean	0	0.06	0.06	84124	MATCH
sia_csmith_464.c	oracle	0	0.04	0.04	48964	MATCH
sia_csmith_464.c	lean	0	0.07	0.07	83312	MATCH
sia_csmith_465.c	oracle	0	0.04	0.04	48572	MATCH
sia_csmith_465.c	lean	0	0.07	0.06	83068	MATCH
sia_csmith_466.c	oracle	0	0.04	0.04	48968	MATCH
sia_csmith_466.c	lean	0	0.06	0.06	83368	MATCH
sia_csmith_467.c	oracle	0	0.04	0.04	48896	MATCH
sia_csmith_467.c	lean	0	0.07	0.06	82808	MATCH
sia_csmith_468.c	oracle	0	0.04	0.04	48928	MATCH
sia_csmith_468.c	lean	0	0.07	0.06	83092	MATCH
sia_csmith_469.c	oracle	0	0.05	0.04	48540	MATCH
sia_csmith_469.c	lean	0	0.07	0.07	83496	MATCH
sia_csmith_470.c	oracle	0	0.04	0.03	49100	MATCH
sia_csmith_470.c	lean	0	0.07	0.06	83444	MATCH
sia_csmith_471.c	oracle	0	0.04	0.04	49036	MATCH
sia_csmith_471.c	lean	0	0.07	0.06	83380	MATCH
sia_csmith_472.c	oracle	0	0.04	0.04	48872	MATCH
sia_csmith_472.c	lean	0	0.07	0.07	83728	MATCH
sia_csmith_473.c	oracle	0	0.04	0.04	48900	MATCH
sia_csmith_473.c	lean	0	0.07	0.06	83512	MATCH
sia_csmith_474.c	oracle	0	0.04	0.04	48496	MATCH
sia_csmith_474.c	lean	0	0.07	0.07	83324	MATCH
sia_csmith_475.c	oracle	0	0.04	0.04	49756	MATCH
sia_csmith_475.c	lean	0	0.07	0.07	83992	MATCH
sia_csmith_476.c	oracle	0	0.04	0.03	48416	MATCH
sia_csmith_476.c	lean	0	0.07	0.06	83364	MATCH
sia_csmith_477.c	oracle	0	6.53	6.52	218484	TIMEOUT
sia_csmith_477.c	lean	124	15.03	15.02	853636	TIMEOUT
sia_csmith_478.c	oracle	0	0.05	0.04	49492	MATCH
sia_csmith_478.c	lean	0	0.08	0.07	85320	MATCH
sia_csmith_479.c	oracle	0	0.04	0.03	49396	MATCH
sia_csmith_479.c	lean	0	0.07	0.07	82832	MATCH
sia_csmith_480.c	oracle	0	0.04	0.04	48356	MATCH
sia_csmith_480.c	lean	0	0.07	0.06	83604	MATCH
sia_csmith_481.c	oracle	0	0.04	0.04	49180	MATCH
sia_csmith_481.c	lean	0	0.06	0.06	83484	MATCH
sia_csmith_482.c	oracle	0	0.04	0.04	48756	MATCH
sia_csmith_482.c	lean	0	0.07	0.06	84688	MATCH
sia_csmith_483.c	oracle	0	0.04	0.04	49588	MATCH
sia_csmith_483.c	lean	0	0.07	0.06	82408	MATCH
sia_csmith_484.c	oracle	0	0.04	0.03	49148	MATCH
sia_csmith_484.c	lean	0	0.07	0.06	83220	MATCH
sia_csmith_485.c	oracle	0	0.05	0.04	49524	MATCH
sia_csmith_485.c	lean	0	0.08	0.07	85956	MATCH
sia_csmith_486.c	oracle	0	0.04	0.04	48272	MATCH
sia_csmith_486.c	lean	0	0.08	0.07	85156	MATCH
sia_csmith_487.c	oracle	0	0.04	0.04	48768	MATCH
sia_csmith_487.c	lean	0	0.07	0.07	84868	MATCH
sia_csmith_488.c	oracle	0	0.04	0.04	49324	MATCH
sia_csmith_488.c	lean	0	0.07	0.06	82920	MATCH
sia_csmith_489.c	oracle	0	0.04	0.04	49236	MATCH
sia_csmith_489.c	lean	0	0.07	0.06	82552	MATCH
sia_csmith_490.c	oracle	0	0.04	0.04	48544	MATCH
sia_csmith_490.c	lean	0	0.07	0.06	84064	MATCH
sia_csmith_491.c	oracle	0	0.04	0.04	48500	MATCH
sia_csmith_491.c	lean	0	0.08	0.07	83068	MATCH
sia_csmith_492.c	oracle	124	15.05	15.04	711864	CERB_SKIP
sia_csmith_492.c	lean	NA	NA	NA	NA	CERB_SKIP
sia_csmith_493.c	oracle	0	0.04	0.04	49024	MATCH
sia_csmith_493.c	lean	0	0.07	0.06	84728	MATCH
sia_csmith_494.c	oracle	0	0.05	0.05	48996	MATCH
sia_csmith_494.c	lean	0	0.09	0.08	83004	MATCH
sia_csmith_495.c	oracle	0	0.04	0.03	49260	MATCH
sia_csmith_495.c	lean	0	0.07	0.06	84028	MATCH
sia_csmith_496.c	oracle	0	0.04	0.04	48696	MATCH
sia_csmith_496.c	lean	0	0.07	0.06	83100	MATCH
sia_csmith_497.c	oracle	0	0.04	0.04	48740	MATCH
sia_csmith_497.c	lean	0	0.06	0.06	83364	MATCH
sia_csmith_498.c	oracle	0	0.04	0.04	49188	MATCH
sia_csmith_498.c	lean	0	0.07	0.06	80304	MATCH
sia_csmith_499.c	oracle	0	0.04	0.04	49464	MATCH
sia_csmith_499.c	lean	0	0.07	0.06	82852	MATCH
sia_csmith_500.c	oracle	0	0.04	0.04	49336	MATCH
sia_csmith_500.c	lean	0	0.07	0.06	83752	MATCH
sia_csmith_501.c	oracle	0	0.10	0.09	62608	MATCH
sia_csmith_501.c	lean	0	0.23	0.23	107408	MATCH
sia_csmith_502.c	oracle	0	0.04	0.04	48744	MATCH
sia_csmith_502.c	lean	0	0.07	0.06	83824	MATCH
sia_csmith_503.c	oracle	0	0.04	0.04	48376	MATCH
sia_csmith_503.c	lean	0	0.07	0.06	83736	MATCH
sia_csmith_504.c	oracle	0	0.04	0.04	49428	MATCH
sia_csmith_504.c	lean	0	0.07	0.06	85220	MATCH
sia_csmith_505.c	oracle	0	0.04	0.04	48904	MATCH
sia_csmith_505.c	lean	0	0.07	0.06	82964	MATCH
sia_csmith_506.c	oracle	0	0.06	0.05	49328	MATCH
sia_csmith_506.c	lean	0	0.10	0.09	83636	MATCH
sia_csmith_507.c	oracle	0	0.04	0.04	49356	MATCH
sia_csmith_507.c	lean	0	0.07	0.06	83652	MATCH
sia_csmith_508.c	oracle	0	0.04	0.04	48808	MATCH
sia_csmith_508.c	lean	0	0.07	0.06	85296	MATCH
sia_csmith_509.c	oracle	0	0.04	0.04	48188	MATCH
sia_csmith_509.c	lean	0	0.07	0.06	83636	MATCH
sia_csmith_510.c	oracle	0	0.04	0.03	49020	MATCH
sia_csmith_510.c	lean	0	0.07	0.06	83768	MATCH
sia_csmith_511.c	oracle	0	0.05	0.05	49736	MATCH
sia_csmith_511.c	lean	0	0.07	0.07	84344	MATCH
sia_csmith_512.c	oracle	0	0.05	0.04	49328	MATCH
sia_csmith_512.c	lean	0	0.07	0.07	85248	MATCH
sia_csmith_513.c	oracle	124	15.04	15.04	622412	CERB_SKIP
sia_csmith_513.c	lean	NA	NA	NA	NA	CERB_SKIP
sia_csmith_514.c	oracle	0	0.04	0.04	48692	MATCH
sia_csmith_514.c	lean	0	0.07	0.06	85160	MATCH
sia_csmith_515.c	oracle	0	0.04	0.04	49584	MATCH
sia_csmith_515.c	lean	0	0.06	0.06	83704	MATCH
sia_csmith_516.c	oracle	0	0.05	0.04	49656	MATCH
sia_csmith_516.c	lean	0	0.07	0.07	84456	MATCH
sia_csmith_517.c	oracle	0	0.04	0.04	49012	MATCH
sia_csmith_517.c	lean	0	0.07	0.06	84752	MATCH
sia_csmith_518.c	oracle	0	0.04	0.04	48676	MATCH
sia_csmith_518.c	lean	0	0.07	0.07	82836	MATCH
sia_csmith_519.c	oracle	124	15.03	15.02	417584	CERB_SKIP
sia_csmith_519.c	lean	NA	NA	NA	NA	CERB_SKIP
sia_csmith_520.c	oracle	0	0.04	0.04	49684	MATCH
sia_csmith_520.c	lean	0	0.07	0.06	83460	MATCH
sia_csmith_521.c	oracle	0	0.05	0.05	48520	MATCH
sia_csmith_521.c	lean	0	0.08	0.07	83764	MATCH
sia_csmith_522.c	oracle	0	0.05	0.05	49812	MATCH
sia_csmith_522.c	lean	0	0.08	0.07	87264	MATCH
sia_csmith_523.c	oracle	0	0.04	0.03	48792	MATCH
sia_csmith_523.c	lean	0	0.07	0.06	84712	MATCH
sia_csmith_524.c	oracle	0	0.04	0.04	49200	MATCH
sia_csmith_524.c	lean	0	0.07	0.06	83632	MATCH
sia_csmith_525.c	oracle	0	0.04	0.04	49008	MATCH
sia_csmith_525.c	lean	0	0.07	0.06	83620	MATCH
sia_csmith_526.c	oracle	0	0.05	0.04	49176	MATCH
sia_csmith_526.c	lean	0	0.08	0.08	86896	MATCH
sia_csmith_527.c	oracle	0	0.05	0.04	49176	MATCH
sia_csmith_527.c	lean	0	0.07	0.07	83100	MATCH
sia_csmith_528.c	oracle	0	0.04	0.04	48160	MATCH
sia_csmith_528.c	lean	0	0.07	0.06	84156	MATCH
sia_csmith_529.c	oracle	0	0.04	0.04	48668	MATCH
sia_csmith_529.c	lean	0	0.07	0.07	83228	MATCH
sia_csmith_530.c	oracle	0	0.04	0.04	49100	MATCH
sia_csmith_530.c	lean	0	0.07	0.06	83512	MATCH
sia_csmith_531.c	oracle	0	0.04	0.04	48096	MATCH
sia_csmith_531.c	lean	0	0.06	0.06	83584	MATCH
sia_csmith_532.c	oracle	124	15.04	15.04	653324	CERB_SKIP
sia_csmith_532.c	lean	NA	NA	NA	NA	CERB_SKIP
sia_csmith_533.c	oracle	0	0.04	0.04	49448	MATCH
sia_csmith_533.c	lean	0	0.06	0.06	83496	MATCH
sia_csmith_534.c	oracle	0	0.05	0.04	49052	MATCH
sia_csmith_534.c	lean	0	0.07	0.06	83600	MATCH
sia_csmith_535.c	oracle	0	0.04	0.03	49128	MATCH
sia_csmith_535.c	lean	0	0.08	0.07	83944	MATCH
sia_csmith_536.c	oracle	0	0.04	0.04	49252	MATCH
sia_csmith_536.c	lean	0	0.07	0.07	83312	MATCH
sia_csmith_537.c	oracle	0	0.04	0.04	48824	MATCH
sia_csmith_537.c	lean	0	0.08	0.07	82776	MATCH
sia_csmith_538.c	oracle	0	0.04	0.04	49264	MATCH
sia_csmith_538.c	lean	0	0.08	0.08	83636	MATCH
sia_csmith_539.c	oracle	124	15.04	15.03	600592	CERB_SKIP
sia_csmith_539.c	lean	NA	NA	NA	NA	CERB_SKIP
sia_csmith_540.c	oracle	0	0.04	0.03	49368	MATCH
sia_csmith_540.c	lean	0	0.07	0.06	84052	MATCH
sia_csmith_541.c	oracle	0	0.04	0.04	48812	MATCH
sia_csmith_541.c	lean	0	0.07	0.06	83836	MATCH
sia_csmith_542.c	oracle	0	0.04	0.04	48860	MATCH
sia_csmith_542.c	lean	0	0.07	0.06	83588	MATCH
sia_csmith_543.c	oracle	0	0.04	0.04	49504	MATCH
sia_csmith_543.c	lean	0	0.07	0.07	84692	MATCH
sia_csmith_544.c	oracle	0	0.04	0.04	48800	MATCH
sia_csmith_544.c	lean	0	0.07	0.06	83720	MATCH
sia_csmith_545.c	oracle	0	0.04	0.04	48856	MATCH
sia_csmith_545.c	lean	0	0.07	0.06	83300	MATCH
sia_csmith_546.c	oracle	0	0.04	0.04	48744	MATCH
sia_csmith_546.c	lean	0	0.07	0.06	85032	MATCH
sia_csmith_547.c	oracle	0	0.04	0.04	48600	MATCH
sia_csmith_547.c	lean	0	0.06	0.06	83380	MATCH
sia_csmith_548.c	oracle	0	0.04	0.04	49040	MATCH
sia_csmith_548.c	lean	0	0.07	0.06	83588	MATCH
sia_csmith_549.c	oracle	0	0.05	0.04	48584	MATCH
sia_csmith_549.c	lean	0	0.07	0.06	83300	MATCH
sia_csmith_550.c	oracle	0	0.04	0.04	49236	MATCH
sia_csmith_550.c	lean	0	0.07	0.06	85304	MATCH
sia_csmith_551.c	oracle	0	0.04	0.03	48944	MATCH
sia_csmith_551.c	lean	0	0.07	0.07	83876	MATCH
sia_csmith_552.c	oracle	0	0.05	0.05	48888	MATCH
sia_csmith_552.c	lean	0	0.07	0.06	83400	MATCH
sia_csmith_553.c	oracle	0	0.04	0.04	48540	MATCH
sia_csmith_553.c	lean	0	0.07	0.06	83436	MATCH
sia_csmith_554.c	oracle	0	0.05	0.04	49204	MATCH
sia_csmith_554.c	lean	0	0.07	0.06	82864	MATCH
sia_csmith_555.c	oracle	124	15.04	15.03	622044	CERB_SKIP
sia_csmith_555.c	lean	NA	NA	NA	NA	CERB_SKIP
sia_csmith_556.c	oracle	0	0.04	0.04	48972	MATCH
sia_csmith_556.c	lean	0	0.06	0.06	84440	MATCH
sia_csmith_557.c	oracle	0	0.04	0.04	48740	MATCH
sia_csmith_557.c	lean	0	0.07	0.06	83440	MATCH
sia_csmith_558.c	oracle	0	0.04	0.04	49024	MATCH
sia_csmith_558.c	lean	0	0.07	0.06	83876	MATCH
sia_csmith_559.c	oracle	0	0.05	0.04	49716	MATCH
sia_csmith_559.c	lean	0	0.07	0.07	83676	MATCH
sia_csmith_560.c	oracle	0	0.04	0.03	49052	MATCH
sia_csmith_560.c	lean	0	0.07	0.06	83512	MATCH
sia_csmith_561.c	oracle	0	0.04	0.04	48632	MATCH
sia_csmith_561.c	lean	0	0.07	0.06	79996	MATCH
sia_csmith_562.c	oracle	0	0.04	0.04	49636	MATCH
sia_csmith_562.c	lean	0	0.07	0.06	83976	MATCH
sia_csmith_563.c	oracle	0	0.04	0.04	48776	MATCH
sia_csmith_563.c	lean	0	0.06	0.06	84500	MATCH
sia_csmith_564.c	oracle	124	15.07	15.05	707428	CERB_SKIP
sia_csmith_564.c	lean	NA	NA	NA	NA	CERB_SKIP
sia_csmith_565.c	oracle	0	0.05	0.05	48724	MATCH
sia_csmith_565.c	lean	0	0.10	0.09	83540	MATCH
sia_csmith_566.c	oracle	0	0.05	0.05	48840	MATCH
sia_csmith_566.c	lean	0	0.10	0.09	83180	MATCH
sia_csmith_567.c	oracle	0	0.07	0.07	49912	MATCH
sia_csmith_567.c	lean	0	0.10	0.09	83224	MATCH
sia_csmith_568.c	oracle	0	0.05	0.05	48324	MATCH
sia_csmith_568.c	lean	0	0.09	0.08	82808	MATCH
sia_csmith_569.c	oracle	0	0.05	0.04	48960	MATCH
sia_csmith_569.c	lean	0	0.08	0.07	83368	MATCH
sia_csmith_570.c	oracle	0	0.06	0.05	48448	MATCH
sia_csmith_570.c	lean	0	0.08	0.08	84804	MATCH
sia_csmith_571.c	oracle	0	0.06	0.06	48208	MATCH
sia_csmith_571.c	lean	0	0.10	0.09	80204	MATCH
sia_csmith_572.c	oracle	0	0.06	0.06	47648	MATCH
sia_csmith_572.c	lean	0	0.14	0.12	85268	MATCH
sia_csmith_573.c	oracle	0	0.06	0.06	49344	MATCH
sia_csmith_573.c	lean	0	0.11	0.10	83280	MATCH
sia_csmith_574.c	oracle	0	0.06	0.05	49740	MATCH
sia_csmith_574.c	lean	0	0.10	0.09	83724	MATCH
sia_csmith_575.c	oracle	0	0.06	0.06	49368	MATCH
sia_csmith_575.c	lean	0	0.10	0.10	82476	MATCH
sia_csmith_576.c	oracle	0	0.06	0.06	49112	MATCH
sia_csmith_576.c	lean	0	0.09	0.08	85120	MATCH
sia_csmith_577.c	oracle	0	0.05	0.04	49144	MATCH
sia_csmith_577.c	lean	0	0.08	0.08	82332	MATCH
sia_csmith_578.c	oracle	0	0.05	0.05	48612	MATCH
sia_csmith_578.c	lean	0	0.10	0.09	83520	MATCH
sia_csmith_579.c	oracle	0	0.06	0.05	48868	MATCH
sia_csmith_579.c	lean	0	0.10	0.09	84352	MATCH
sia_csmith_580.c	oracle	0	0.05	0.04	49208	MATCH
sia_csmith_580.c	lean	0	0.10	0.09	83080	MATCH
sia_csmith_581.c	oracle	0	0.06	0.06	47248	MATCH
sia_csmith_581.c	lean	0	0.10	0.09	82860	MATCH
sia_csmith_582.c	oracle	0	0.06	0.06	48172	MATCH
sia_csmith_582.c	lean	0	0.09	0.08	83564	MATCH
sia_csmith_583.c	oracle	0	0.06	0.05	48576	MATCH
sia_csmith_583.c	lean	0	0.09	0.08	84452	MATCH
sia_csmith_584.c	oracle	0	0.06	0.06	48712	MATCH
sia_csmith_584.c	lean	0	0.09	0.08	83000	MATCH
sia_csmith_585.c	oracle	0	0.06	0.05	48568	MATCH
sia_csmith_585.c	lean	0	0.09	0.08	83104	MATCH
sia_csmith_586.c	oracle	0	0.06	0.05	47936	MATCH
sia_csmith_586.c	lean	0	0.08	0.08	83004	MATCH
sia_csmith_587.c	oracle	0	0.05	0.05	48260	MATCH
sia_csmith_587.c	lean	0	0.11	0.10	84400	MATCH
sia_csmith_588.c	oracle	0	0.06	0.06	48520	MATCH
sia_csmith_588.c	lean	0	0.10	0.09	84592	MATCH
sia_csmith_589.c	oracle	0	0.06	0.05	49164	MATCH
sia_csmith_589.c	lean	0	0.10	0.09	83884	MATCH
sia_csmith_590.c	oracle	0	0.06	0.05	49296	MATCH
sia_csmith_590.c	lean	0	0.11	0.10	82380	MATCH
sia_csmith_591.c	oracle	0	0.06	0.06	48336	MATCH
sia_csmith_591.c	lean	0	0.11	0.10	84120	MATCH
sia_csmith_592.c	oracle	0	0.06	0.06	48512	MATCH
sia_csmith_592.c	lean	0	0.10	0.09	83908	MATCH
sia_csmith_593.c	oracle	0	0.07	0.06	48220	MATCH
sia_csmith_593.c	lean	0	0.11	0.11	83468	MATCH
sia_csmith_594.c	oracle	0	0.05	0.05	49336	MATCH
sia_csmith_594.c	lean	0	0.09	0.08	83644	MATCH
sia_csmith_595.c	oracle	0	0.06	0.06	48904	MATCH
sia_csmith_595.c	lean	0	0.09	0.09	83840	MATCH
sia_csmith_596.c	oracle	0	0.06	0.06	48428	MATCH
sia_csmith_596.c	lean	0	0.09	0.08	83060	MATCH
sia_csmith_597.c	oracle	0	0.06	0.05	48204	MATCH
sia_csmith_597.c	lean	0	0.12	0.12	83452	MATCH
sia_csmith_598.c	oracle	0	0.05	0.05	47688	MATCH
sia_csmith_598.c	lean	0	0.10	0.10	84472	MATCH
sia_csmith_599.c	oracle	0	0.06	0.05	48296	MATCH
sia_csmith_599.c	lean	0	0.08	0.07	84644	MATCH
sia_csmith_600.c	oracle	0	0.05	0.04	48932	MATCH
sia_csmith_600.c	lean	0	0.10	0.10	83520	MATCH
sia_csmith_601.c	oracle	0	0.06	0.05	49692	MATCH
sia_csmith_601.c	lean	0	0.09	0.08	83312	MATCH
sia_csmith_602.c	oracle	0	0.05	0.04	49428	MATCH
sia_csmith_602.c	lean	0	0.11	0.10	83080	MATCH
sia_csmith_603.c	oracle	0	0.06	0.05	48824	MATCH
sia_csmith_603.c	lean	0	0.10	0.09	83172	MATCH
sia_csmith_604.c	oracle	0	0.07	0.06	48456	MATCH
sia_csmith_604.c	lean	0	0.12	0.12	85904	MATCH
sia_csmith_605.c	oracle	0	0.06	0.05	49040	MATCH
sia_csmith_605.c	lean	0	0.10	0.10	82800	MATCH
sia_csmith_606.c	oracle	0	0.06	0.06	48884	MATCH
sia_csmith_606.c	lean	0	0.10	0.09	84384	MATCH
sia_csmith_607.c	oracle	0	0.05	0.05	48240	MATCH
sia_csmith_607.c	lean	0	0.10	0.09	84532	MATCH
sia_csmith_608.c	oracle	0	0.08	0.07	49024	MATCH
sia_csmith_608.c	lean	0	0.14	0.14	83620	MATCH
sia_csmith_609.c	oracle	0	0.06	0.05	48448	MATCH
sia_csmith_609.c	lean	0	0.09	0.08	83192	MATCH
sia_csmith_610.c	oracle	0	0.05	0.05	48948	MATCH
sia_csmith_610.c	lean	0	0.10	0.10	84096	MATCH
sia_csmith_611.c	oracle	0	0.05	0.05	48424	MATCH
sia_csmith_611.c	lean	0	0.09	0.08	83660	MATCH
sia_csmith_612.c	oracle	0	0.05	0.04	50084	MATCH
sia_csmith_612.c	lean	0	0.09	0.09	84452	MATCH
sia_csmith_613.c	oracle	0	0.06	0.06	48956	MATCH
sia_csmith_613.c	lean	0	0.09	0.08	83356	MATCH
sia_csmith_614.c	oracle	0	0.05	0.05	48480	MATCH
sia_csmith_614.c	lean	0	0.10	0.09	83584	MATCH
sia_csmith_615.c	oracle	0	0.06	0.05	48396	MATCH
sia_csmith_615.c	lean	0	0.09	0.09	83600	MATCH
sia_csmith_616.c	oracle	0	0.06	0.06	48956	MATCH
sia_csmith_616.c	lean	0	0.09	0.08	84344	MATCH
sia_csmith_617.c	oracle	0	0.05	0.05	49628	MATCH
sia_csmith_617.c	lean	0	0.08	0.07	83972	MATCH
sia_csmith_618.c	oracle	0	0.05	0.04	48532	MATCH
sia_csmith_618.c	lean	0	0.07	0.07	83192	MATCH
sia_csmith_619.c	oracle	0	0.05	0.05	48908	MATCH
sia_csmith_619.c	lean	0	0.09	0.08	83860	MATCH
sia_csmith_620.c	oracle	0	0.06	0.05	48428	MATCH
sia_csmith_620.c	lean	0	0.08	0.07	83664	MATCH
sia_csmith_621.c	oracle	0	0.05	0.05	48944	MATCH
sia_csmith_621.c	lean	0	0.09	0.09	83664	MATCH
sia_csmith_622.c	oracle	0	0.06	0.06	48680	MATCH
sia_csmith_622.c	lean	0	0.10	0.10	83476	MATCH
sia_csmith_623.c	oracle	0	0.05	0.05	49588	MATCH
sia_csmith_623.c	lean	0	0.10	0.09	83340	MATCH
sia_csmith_624.c	oracle	0	0.05	0.05	49180	MATCH
sia_csmith_624.c	lean	0	0.09	0.08	83084	MATCH
sia_csmith_625.c	oracle	0	0.05	0.05	49164	MATCH
sia_csmith_625.c	lean	0	0.08	0.07	83528	MATCH
sia_csmith_626.c	oracle	0	0.05	0.05	48120	MATCH
sia_csmith_626.c	lean	0	0.09	0.08	84452	MATCH
sia_csmith_627.c	oracle	0	0.05	0.04	48784	MATCH
sia_csmith_627.c	lean	0	0.08	0.07	83228	MATCH
sia_csmith_628.c	oracle	0	0.06	0.05	48780	MATCH
sia_csmith_628.c	lean	0	0.09	0.09	83220	MATCH
sia_csmith_629.c	oracle	0	0.06	0.05	48652	MATCH
sia_csmith_629.c	lean	0	0.10	0.09	83044	MATCH
sia_csmith_630.c	oracle	124	15.06	15.05	553756	CERB_SKIP
sia_csmith_630.c	lean	NA	NA	NA	NA	CERB_SKIP
sia_csmith_631.c	oracle	0	0.05	0.05	48800	MATCH
sia_csmith_631.c	lean	0	0.11	0.10	81608	MATCH
sia_csmith_632.c	oracle	0	0.05	0.05	49880	MATCH
sia_csmith_632.c	lean	0	0.12	0.12	85332	MATCH
sia_csmith_633.c	oracle	0	0.05	0.04	49136	MATCH
sia_csmith_633.c	lean	0	0.09	0.08	83068	MATCH
sia_csmith_634.c	oracle	0	0.05	0.05	49724	MATCH
sia_csmith_634.c	lean	0	0.10	0.10	83368	MATCH
sia_csmith_635.c	oracle	0	0.04	0.04	48904	MATCH
sia_csmith_635.c	lean	0	0.09	0.08	82140	MATCH
sia_csmith_636.c	oracle	0	0.05	0.05	48456	MATCH
sia_csmith_636.c	lean	0	0.11	0.11	82648	MATCH
sia_csmith_637.c	oracle	0	0.06	0.05	48248	MATCH
sia_csmith_637.c	lean	0	0.11	0.11	83972	MATCH
sia_csmith_638.c	oracle	0	0.06	0.06	48616	MATCH
sia_csmith_638.c	lean	0	0.09	0.09	83336	MATCH
sia_csmith_639.c	oracle	0	0.04	0.04	49704	MATCH
sia_csmith_639.c	lean	0	0.08	0.08	83136	MATCH
sia_csmith_640.c	oracle	0	0.05	0.05	48376	MATCH
sia_csmith_640.c	lean	0	0.10	0.10	83472	MATCH
sia_csmith_641.c	oracle	0	0.05	0.05	48824	MATCH
sia_csmith_641.c	lean	0	0.11	0.10	86432	MATCH
sia_csmith_642.c	oracle	0	0.05	0.04	48476	MATCH
sia_csmith_642.c	lean	0	0.09	0.08	84444	MATCH
sia_csmith_643.c	oracle	0	0.06	0.05	48288	MATCH
sia_csmith_643.c	lean	0	0.09	0.09	83048	MATCH
sia_csmith_644.c	oracle	0	0.05	0.04	49816	MATCH
sia_csmith_644.c	lean	0	0.10	0.10	83796	MATCH
sia_csmith_645.c	oracle	0	0.04	0.04	48716	MATCH
sia_csmith_645.c	lean	0	0.10	0.09	83324	MATCH
sia_csmith_646.c	oracle	0	0.06	0.05	49004	MATCH
sia_csmith_646.c	lean	0	0.09	0.08	83312	MATCH
sia_csmith_647.c	oracle	0	0.06	0.05	49328	MATCH
sia_csmith_647.c	lean	0	0.08	0.08	84416	MATCH
sia_csmith_648.c	oracle	0	0.06	0.06	48108	MATCH
sia_csmith_648.c	lean	0	0.12	0.11	83400	MATCH
sia_csmith_649.c	oracle	0	0.05	0.04	49388	MATCH
sia_csmith_649.c	lean	0	0.10	0.10	83444	MATCH
sia_csmith_650.c	oracle	0	0.06	0.05	49108	MATCH
sia_csmith_650.c	lean	0	0.10	0.09	82348	MATCH
sia_csmith_651.c	oracle	0	0.05	0.04	49156	MATCH
sia_csmith_651.c	lean	0	0.08	0.08	83152	MATCH
sia_csmith_652.c	oracle	0	0.05	0.04	48576	MATCH
sia_csmith_652.c	lean	0	0.11	0.11	84508	MATCH
sia_csmith_653.c	oracle	0	0.06	0.06	48620	MATCH
sia_csmith_653.c	lean	0	0.12	0.12	82640	MATCH
sia_csmith_654.c	oracle	124	15.06	15.04	554356	CERB_SKIP
sia_csmith_654.c	lean	NA	NA	NA	NA	CERB_SKIP
sia_csmith_655.c	oracle	0	0.06	0.06	48812	MATCH
sia_csmith_655.c	lean	0	0.08	0.07	82896	MATCH
sia_csmith_656.c	oracle	0	0.05	0.04	49388	MATCH
sia_csmith_656.c	lean	0	0.08	0.07	83436	MATCH
sia_csmith_657.c	oracle	0	0.06	0.05	48120	MATCH
sia_csmith_657.c	lean	0	0.10	0.09	83400	MATCH
sia_csmith_658.c	oracle	0	0.05	0.04	48448	MATCH
sia_csmith_658.c	lean	0	0.08	0.07	82452	MATCH
sia_csmith_659.c	oracle	0	0.05	0.05	50016	MATCH
sia_csmith_659.c	lean	0	0.08	0.08	85092	MATCH
sia_csmith_660.c	oracle	0	0.05	0.04	49152	MATCH
sia_csmith_660.c	lean	0	0.08	0.08	84508	MATCH
sia_csmith_661.c	oracle	0	0.05	0.04	48320	MATCH
sia_csmith_661.c	lean	0	0.08	0.07	83080	MATCH
sia_csmith_662.c	oracle	0	0.05	0.05	49500	MATCH
sia_csmith_662.c	lean	0	0.08	0.07	82396	MATCH
sia_csmith_663.c	oracle	0	0.05	0.05	48744	MATCH
sia_csmith_663.c	lean	0	0.08	0.07	83404	MATCH
sia_csmith_664.c	oracle	0	0.05	0.05	48308	MATCH
sia_csmith_664.c	lean	0	0.09	0.08	81988	MATCH
sia_csmith_665.c	oracle	0	0.05	0.05	48832	MATCH
sia_csmith_665.c	lean	0	0.08	0.08	82352	MATCH
sia_csmith_666.c	oracle	0	0.05	0.05	49164	MATCH
sia_csmith_666.c	lean	0	0.09	0.09	82168	MATCH
sia_csmith_667.c	oracle	0	0.05	0.04	49124	MATCH
sia_csmith_667.c	lean	0	0.08	0.08	83440	MATCH
sia_csmith_668.c	oracle	0	0.05	0.05	48900	MATCH
sia_csmith_668.c	lean	0	0.07	0.07	80368	MATCH
sia_csmith_669.c	oracle	0	0.06	0.05	47764	MATCH
sia_csmith_669.c	lean	0	0.07	0.07	83072	MATCH
sia_csmith_670.c	oracle	0	0.06	0.05	48220	MATCH
sia_csmith_670.c	lean	0	0.10	0.10	82756	MATCH
sia_csmith_671.c	oracle	0	0.05	0.05	49252	MATCH
sia_csmith_671.c	lean	0	0.10	0.09	82644	MATCH
sia_csmith_672.c	oracle	0	0.05	0.05	48664	MATCH
sia_csmith_672.c	lean	0	0.07	0.07	82736	MATCH
sia_csmith_673.c	oracle	0	0.05	0.04	48096	MATCH
sia_csmith_673.c	lean	0	0.07	0.07	83188	MATCH
sia_csmith_674.c	oracle	0	0.05	0.04	50116	MATCH
sia_csmith_674.c	lean	0	0.10	0.09	85356	MATCH
sia_csmith_675.c	oracle	124	15.05	15.03	510492	CERB_SKIP
sia_csmith_675.c	lean	NA	NA	NA	NA	CERB_SKIP
sia_csmith_676.c	oracle	0	0.07	0.06	49084	MATCH
sia_csmith_676.c	lean	0	0.09	0.08	84548	MATCH
sia_csmith_677.c	oracle	0	0.05	0.05	49548	MATCH
sia_csmith_677.c	lean	0	0.11	0.11	85388	MATCH
sia_csmith_678.c	oracle	0	0.06	0.05	48836	MATCH
sia_csmith_678.c	lean	0	0.09	0.09	82960	MATCH
sia_csmith_679.c	oracle	0	0.06	0.06	49008	MATCH
sia_csmith_679.c	lean	0	0.10	0.09	84056	MATCH
sia_csmith_680.c	oracle	0	0.05	0.05	48328	MATCH
sia_csmith_680.c	lean	0	0.09	0.08	83900	MATCH
sia_csmith_681.c	oracle	0	0.05	0.04	47948	MATCH
sia_csmith_681.c	lean	0	0.09	0.08	83172	MATCH
sia_csmith_682.c	oracle	0	0.06	0.05	49584	MATCH
sia_csmith_682.c	lean	0	0.09	0.08	83248	MATCH
sia_csmith_683.c	oracle	0	0.06	0.05	48776	MATCH
sia_csmith_683.c	lean	0	0.10	0.09	84516	MATCH
sia_csmith_684.c	oracle	0	0.06	0.06	48364	MATCH
sia_csmith_684.c	lean	0	0.09	0.08	83008	MATCH
sia_csmith_685.c	oracle	0	0.06	0.05	48720	MATCH
sia_csmith_685.c	lean	0	0.10	0.09	83020	MATCH
sia_csmith_686.c	oracle	0	0.05	0.05	48392	MATCH
sia_csmith_686.c	lean	0	0.08	0.07	80352	MATCH
sia_csmith_687.c	oracle	0	0.05	0.04	48544	MATCH
sia_csmith_687.c	lean	0	0.08	0.07	83072	MATCH
sia_csmith_688.c	oracle	0	0.05	0.05	47892	MATCH
sia_csmith_688.c	lean	0	0.09	0.08	84556	MATCH
sia_csmith_689.c	oracle	0	0.06	0.06	47976	MATCH
sia_csmith_689.c	lean	0	0.09	0.08	83732	MATCH
sia_csmith_690.c	oracle	0	0.05	0.04	48152	MATCH
sia_csmith_690.c	lean	0	0.08	0.07	83088	MATCH
sia_csmith_691.c	oracle	0	0.05	0.05	48636	MATCH
sia_csmith_691.c	lean	0	0.09	0.09	84216	MATCH
sia_csmith_692.c	oracle	0	0.05	0.05	48024	MATCH
sia_csmith_692.c	lean	0	0.08	0.08	83776	MATCH
sia_csmith_693.c	oracle	0	0.05	0.05	49196	MATCH
sia_csmith_693.c	lean	0	0.09	0.09	83072	MATCH
sia_csmith_694.c	oracle	0	0.06	0.05	48320	MATCH
sia_csmith_694.c	lean	0	0.10	0.09	84580	MATCH
sia_csmith_695.c	oracle	0	0.05	0.04	48872	MATCH
sia_csmith_695.c	lean	0	0.08	0.08	83152	MATCH
sia_csmith_696.c	oracle	0	0.06	0.05	48052	MATCH
sia_csmith_696.c	lean	0	0.09	0.08	85040	MATCH
sia_csmith_697.c	oracle	0	0.05	0.05	47600	MATCH
sia_csmith_697.c	lean	0	0.08	0.08	83052	MATCH
sia_csmith_698.c	oracle	0	0.05	0.04	49164	MATCH
sia_csmith_698.c	lean	0	0.08	0.07	83360	MATCH
sia_csmith_699.c	oracle	0	0.05	0.05	47292	MATCH
sia_csmith_699.c	lean	0	0.08	0.08	84224	MATCH
sia_csmith_700.c	oracle	0	0.06	0.05	48660	MATCH
sia_csmith_700.c	lean	0	0.07	0.07	83240	MATCH
sia_csmith_701.c	oracle	0	0.06	0.05	48732	MATCH
sia_csmith_701.c	lean	0	0.09	0.09	83776	MATCH
sia_csmith_702.c	oracle	0	0.05	0.04	48608	MATCH
sia_csmith_702.c	lean	0	0.09	0.08	82996	MATCH
sia_csmith_703.c	oracle	0	0.05	0.04	48828	MATCH
sia_csmith_703.c	lean	0	0.08	0.07	83096	MATCH
sia_csmith_704.c	oracle	0	0.06	0.06	47596	MATCH
sia_csmith_704.c	lean	0	0.09	0.08	84824	MATCH
sia_csmith_705.c	oracle	0	0.06	0.05	49516	MATCH
sia_csmith_705.c	lean	0	0.10	0.09	79196	MATCH
sia_csmith_706.c	oracle	0	0.06	0.05	49452	MATCH
sia_csmith_706.c	lean	0	0.10	0.09	85088	MATCH
sia_csmith_707.c	oracle	0	0.05	0.04	49064	MATCH
sia_csmith_707.c	lean	0	0.09	0.09	82916	MATCH
sia_csmith_708.c	oracle	0	0.06	0.05	48616	MATCH
sia_csmith_708.c	lean	0	0.09	0.09	82600	MATCH
sia_csmith_709.c	oracle	0	0.05	0.05	48148	MATCH
sia_csmith_709.c	lean	0	0.08	0.07	79864	MATCH
sia_csmith_710.c	oracle	0	0.06	0.05	49416	MATCH
sia_csmith_710.c	lean	0	0.10	0.09	84200	MATCH
sia_csmith_711.c	oracle	0	0.06	0.06	47268	MATCH
sia_csmith_711.c	lean	0	0.08	0.08	79992	MATCH
sia_csmith_712.c	oracle	0	0.05	0.05	48924	MATCH
sia_csmith_712.c	lean	0	0.09	0.08	81720	MATCH
sia_csmith_713.c	oracle	0	0.06	0.05	48444	MATCH
sia_csmith_713.c	lean	0	0.10	0.09	79740	MATCH
sia_csmith_714.c	oracle	0	0.05	0.05	48640	MATCH
sia_csmith_714.c	lean	0	0.10	0.09	79780	MATCH
sia_csmith_715.c	oracle	0	0.06	0.06	48884	MATCH
sia_csmith_715.c	lean	0	0.09	0.09	83508	MATCH
sia_csmith_716.c	oracle	0	0.06	0.06	47264	MATCH
sia_csmith_716.c	lean	0	0.08	0.07	82048	MATCH
sia_csmith_717.c	oracle	0	0.05	0.04	49424	MATCH
sia_csmith_717.c	lean	0	0.09	0.08	83080	MATCH
sia_csmith_718.c	oracle	0	0.06	0.05	48396	MATCH
sia_csmith_718.c	lean	0	0.10	0.09	82288	MATCH
sia_csmith_719.c	oracle	0	0.05	0.05	49032	MATCH
sia_csmith_719.c	lean	0	0.08	0.08	83428	MATCH
sia_csmith_720.c	oracle	0	0.05	0.05	47488	MATCH
sia_csmith_720.c	lean	0	0.08	0.08	82788	MATCH
sia_csmith_721.c	oracle	0	0.06	0.06	47968	MATCH
sia_csmith_721.c	lean	0	0.09	0.08	82988	MATCH
sia_csmith_722.c	oracle	0	0.06	0.05	48548	MATCH
sia_csmith_722.c	lean	0	0.08	0.08	83468	MATCH
sia_csmith_723.c	oracle	0	0.05	0.05	48088	MATCH
sia_csmith_723.c	lean	0	0.09	0.08	82796	MATCH
sia_csmith_724.c	oracle	0	0.05	0.05	49148	MATCH
sia_csmith_724.c	lean	0	0.09	0.08	83376	MATCH
sia_csmith_725.c	oracle	0	0.06	0.05	48452	MATCH
sia_csmith_725.c	lean	0	0.09	0.08	82544	MATCH
sia_csmith_726.c	oracle	0	0.06	0.05	48260	MATCH
sia_csmith_726.c	lean	0	0.11	0.11	82904	MATCH
sia_csmith_727.c	oracle	0	0.06	0.05	48268	MATCH
sia_csmith_727.c	lean	0	0.09	0.08	83792	MATCH
sia_csmith_728.c	oracle	0	0.06	0.06	48964	MATCH
sia_csmith_728.c	lean	0	0.10	0.10	82852	MATCH
sia_csmith_729.c	oracle	0	0.06	0.05	49568	MATCH
sia_csmith_729.c	lean	0	0.09	0.08	82604	MATCH
sia_csmith_730.c	oracle	0	0.05	0.05	48556	MATCH
sia_csmith_730.c	lean	0	0.08	0.07	80024	MATCH
sia_csmith_731.c	oracle	0	0.06	0.05	47764	MATCH
sia_csmith_731.c	lean	0	0.08	0.08	82480	MATCH
sia_csmith_732.c	oracle	0	0.05	0.04	48352	MATCH
sia_csmith_732.c	lean	0	0.08	0.07	83088	MATCH
sia_csmith_733.c	oracle	0	0.05	0.05	49404	MATCH
sia_csmith_733.c	lean	0	0.08	0.08	83252	MATCH
sia_csmith_734.c	oracle	0	0.06	0.05	48196	MATCH
sia_csmith_734.c	lean	0	0.11	0.10	83372	MATCH
sia_csmith_735.c	oracle	0	4.12	4.11	157492	MATCH
sia_csmith_735.c	lean	0	13.17	13.15	155612	MATCH
sia_csmith_736.c	oracle	0	0.05	0.05	49028	MATCH
sia_csmith_736.c	lean	0	0.10	0.09	82176	MATCH
sia_csmith_737.c	oracle	0	0.05	0.04	49160	MATCH
sia_csmith_737.c	lean	0	0.08	0.08	83100	MATCH
sia_csmith_738.c	oracle	0	0.06	0.05	48736	MATCH
sia_csmith_738.c	lean	0	0.08	0.08	82624	MATCH
sia_csmith_739.c	oracle	0	0.06	0.05	47940	MATCH
sia_csmith_739.c	lean	0	0.08	0.07	83128	MATCH
sia_csmith_740.c	oracle	0	0.05	0.04	48848	MATCH
sia_csmith_740.c	lean	0	0.08	0.07	83824	MATCH
sia_csmith_741.c	oracle	0	0.06	0.05	49136	MATCH
sia_csmith_741.c	lean	0	0.08	0.07	83364	MATCH
sia_csmith_742.c	oracle	0	0.05	0.04	48540	MATCH
sia_csmith_742.c	lean	0	0.08	0.08	85228	MATCH
sia_csmith_743.c	oracle	0	0.05	0.04	48896	MATCH
sia_csmith_743.c	lean	0	0.08	0.07	83700	MATCH
sia_csmith_744.c	oracle	0	0.06	0.05	48332	MATCH
sia_csmith_744.c	lean	0	0.08	0.07	78980	MATCH
sia_csmith_745.c	oracle	0	0.05	0.04	48164	MATCH
sia_csmith_745.c	lean	0	0.08	0.08	83100	MATCH
sia_csmith_746.c	oracle	0	0.05	0.04	48648	MATCH
sia_csmith_746.c	lean	0	0.09	0.09	83348	MATCH
sia_csmith_747.c	oracle	0	0.06	0.05	48240	MATCH
sia_csmith_747.c	lean	0	0.09	0.09	85264	MATCH
sia_csmith_748.c	oracle	0	0.05	0.05	48340	MATCH
sia_csmith_748.c	lean	0	0.08	0.07	83596	MATCH
sia_csmith_749.c	oracle	0	0.05	0.05	48648	MATCH
sia_csmith_749.c	lean	0	0.07	0.07	83404	MATCH
sia_csmith_750.c	oracle	0	0.05	0.05	47680	MATCH
sia_csmith_750.c	lean	0	0.09	0.08	82768	MATCH
sia_csmith_751.c	oracle	0	0.05	0.04	48716	MATCH
sia_csmith_751.c	lean	0	0.08	0.07	83300	MATCH
sia_csmith_752.c	oracle	0	0.05	0.05	48872	MATCH
sia_csmith_752.c	lean	0	0.09	0.09	83416	MATCH
sia_csmith_753.c	oracle	124	15.06	15.05	550052	CERB_SKIP
sia_csmith_753.c	lean	NA	NA	NA	NA	CERB_SKIP
sia_csmith_754.c	oracle	124	15.06	15.05	544844	CERB_SKIP
sia_csmith_754.c	lean	NA	NA	NA	NA	CERB_SKIP
sia_csmith_755.c	oracle	0	0.07	0.06	48856	MATCH
sia_csmith_755.c	lean	0	0.11	0.10	83128	MATCH
sia_csmith_756.c	oracle	0	0.07	0.06	49076	MATCH
sia_csmith_756.c	lean	0	0.11	0.10	82172	MATCH
sia_csmith_757.c	oracle	0	0.07	0.07	48580	MATCH
sia_csmith_757.c	lean	0	0.10	0.09	80296	MATCH
sia_csmith_758.c	oracle	0	0.07	0.07	48728	MATCH
sia_csmith_758.c	lean	0	0.12	0.11	83224	MATCH
sia_csmith_759.c	oracle	0	0.07	0.06	48544	MATCH
sia_csmith_759.c	lean	0	0.12	0.11	83832	MATCH
sia_csmith_760.c	oracle	0	0.06	0.05	47332	MATCH
sia_csmith_760.c	lean	0	0.13	0.13	84612	MATCH
sia_csmith_761.c	oracle	124	15.07	15.05	535312	CERB_SKIP
sia_csmith_761.c	lean	NA	NA	NA	NA	CERB_SKIP
sia_csmith_762.c	oracle	0	0.07	0.06	49448	MATCH
sia_csmith_762.c	lean	0	0.12	0.11	82928	MATCH
sia_csmith_763.c	oracle	0	0.06	0.05	48556	MATCH
sia_csmith_763.c	lean	0	0.11	0.11	82696	MATCH
sia_csmith_764.c	oracle	0	0.05	0.04	49328	MATCH
sia_csmith_764.c	lean	0	0.08	0.07	84628	MATCH
sia_csmith_765.c	oracle	0	0.06	0.06	48252	MATCH
sia_csmith_765.c	lean	0	0.10	0.09	82752	MATCH
sia_csmith_766.c	oracle	0	0.07	0.07	48620	MATCH
sia_csmith_766.c	lean	0	0.10	0.09	82808	MATCH
sia_csmith_767.c	oracle	0	0.05	0.04	49500	MATCH
sia_csmith_767.c	lean	0	0.10	0.09	79468	MATCH
sia_csmith_768.c	oracle	0	0.06	0.06	49132	MATCH
sia_csmith_768.c	lean	0	0.10	0.09	83164	MATCH
sia_csmith_769.c	oracle	0	4.24	4.23	124820	MATCH
sia_csmith_769.c	lean	0	14.35	14.32	618548	MATCH
sia_csmith_770.c	oracle	0	0.06	0.05	47880	MATCH
sia_csmith_770.c	lean	0	0.11	0.10	83324	MATCH
sia_csmith_771.c	oracle	0	0.07	0.06	47248	MATCH
sia_csmith_771.c	lean	0	0.11	0.11	83892	MATCH
sia_csmith_772.c	oracle	0	0.07	0.07	48680	MATCH
sia_csmith_772.c	lean	0	0.08	0.07	82368	MATCH
sia_csmith_773.c	oracle	0	0.06	0.06	49464	MATCH
sia_csmith_773.c	lean	0	0.09	0.08	83188	MATCH
sia_csmith_774.c	oracle	0	0.06	0.06	47660	MATCH
sia_csmith_774.c	lean	0	0.10	0.09	79788	MATCH
sia_csmith_775.c	oracle	0	0.05	0.05	49168	MATCH
sia_csmith_775.c	lean	0	0.11	0.11	82804	MATCH
sia_csmith_776.c	oracle	0	0.06	0.06	48396	MATCH
sia_csmith_776.c	lean	0	0.10	0.09	83256	MATCH
sia_csmith_777.c	oracle	0	0.06	0.05	48124	MATCH
sia_csmith_777.c	lean	0	0.10	0.10	83272	MATCH
sia_csmith_778.c	oracle	0	0.07	0.07	48348	MATCH
sia_csmith_778.c	lean	0	0.14	0.14	83780	MATCH
sia_csmith_779.c	oracle	0	0.06	0.06	48540	MATCH
sia_csmith_779.c	lean	0	0.10	0.09	83272	MATCH
sia_csmith_780.c	oracle	0	0.05	0.05	49624	MATCH
sia_csmith_780.c	lean	0	0.12	0.11	83000	MATCH
sia_csmith_781.c	oracle	0	0.06	0.06	49096	MATCH
sia_csmith_781.c	lean	0	0.11	0.10	82548	MATCH
sia_csmith_782.c	oracle	0	0.06	0.05	49056	MATCH
sia_csmith_782.c	lean	0	0.09	0.08	83820	MATCH
sia_csmith_783.c	oracle	0	0.06	0.06	48444	MATCH
sia_csmith_783.c	lean	0	0.10	0.10	83048	MATCH
sia_csmith_784.c	oracle	0	0.06	0.05	48556	MATCH
sia_csmith_784.c	lean	0	0.08	0.08	83092	MATCH
sia_csmith_785.c	oracle	0	0.05	0.05	49328	MATCH
sia_csmith_785.c	lean	0	0.10	0.09	83608	MATCH
sia_csmith_786.c	oracle	0	0.06	0.06	48132	MATCH
sia_csmith_786.c	lean	0	0.10	0.10	82936	MATCH
sia_csmith_787.c	oracle	0	0.06	0.05	48456	MATCH
sia_csmith_787.c	lean	0	0.10	0.10	83264	MATCH
sia_csmith_788.c	oracle	0	0.06	0.05	49056	MATCH
sia_csmith_788.c	lean	0	0.10	0.09	83432	MATCH
sia_csmith_789.c	oracle	0	0.07	0.06	48780	MATCH
sia_csmith_789.c	lean	0	0.11	0.10	83336	MATCH
sia_csmith_790.c	oracle	0	0.06	0.06	47708	MATCH
sia_csmith_790.c	lean	0	0.09	0.08	83180	MATCH
sia_csmith_791.c	oracle	0	0.06	0.05	49256	MATCH
sia_csmith_791.c	lean	0	0.09	0.08	81772	MATCH
sia_csmith_792.c	oracle	0	0.06	0.05	48380	MATCH
sia_csmith_792.c	lean	0	0.09	0.09	84356	MATCH
sia_csmith_793.c	oracle	0	0.05	0.05	49128	MATCH
sia_csmith_793.c	lean	0	0.10	0.10	79560	MATCH
sia_csmith_794.c	oracle	0	0.06	0.06	49492	MATCH
sia_csmith_794.c	lean	0	0.10	0.10	83724	MATCH
sia_csmith_795.c	oracle	0	0.06	0.06	48976	MATCH
sia_csmith_795.c	lean	0	0.09	0.08	82412	MATCH
sia_csmith_796.c	oracle	0	0.06	0.05	47616	MATCH
sia_csmith_796.c	lean	0	0.10	0.09	84248	MATCH
sia_csmith_797.c	oracle	0	0.06	0.06	48692	MATCH
sia_csmith_797.c	lean	0	0.08	0.07	83236	MATCH
sia_csmith_798.c	oracle	0	0.06	0.05	48316	MATCH
sia_csmith_798.c	lean	0	0.10	0.09	80376	MATCH
sia_csmith_799.c	oracle	0	0.06	0.05	49556	MATCH
sia_csmith_799.c	lean	0	0.11	0.10	86212	MATCH
sia_csmith_800.c	oracle	0	0.06	0.05	49908	MATCH
sia_csmith_800.c	lean	0	0.10	0.09	85924	MATCH
sia_csmith_801.c	oracle	0	0.07	0.07	48652	MATCH
sia_csmith_801.c	lean	0	0.11	0.11	84432	MATCH
sia_csmith_802.c	oracle	0	0.07	0.06	49592	MATCH
sia_csmith_802.c	lean	0	0.12	0.12	83436	MATCH
sia_csmith_803.c	oracle	0	0.06	0.06	48996	MATCH
sia_csmith_803.c	lean	0	0.10	0.10	83068	MATCH
sia_csmith_804.c	oracle	0	0.06	0.06	49276	MATCH
sia_csmith_804.c	lean	0	0.11	0.10	82668	MATCH
sia_csmith_805.c	oracle	0	0.05	0.04	48988	MATCH
sia_csmith_805.c	lean	0	0.10	0.10	84792	MATCH
sia_csmith_806.c	oracle	0	0.06	0.05	49052	MATCH
sia_csmith_806.c	lean	0	0.10	0.09	79808	MATCH
sia_csmith_807.c	oracle	0	0.07	0.07	49124	MATCH
sia_csmith_807.c	lean	0	0.10	0.09	84756	MATCH
sia_csmith_808.c	oracle	0	0.07	0.06	48924	MATCH
sia_csmith_808.c	lean	0	0.12	0.11	83620	MATCH
sia_csmith_809.c	oracle	0	0.06	0.05	48828	MATCH
sia_csmith_809.c	lean	0	0.09	0.08	83464	MATCH
sia_csmith_810.c	oracle	0	0.06	0.06	48996	MATCH
sia_csmith_810.c	lean	0	0.09	0.08	80364	MATCH
sia_csmith_811.c	oracle	0	0.06	0.06	48096	MATCH
sia_csmith_811.c	lean	0	0.09	0.09	82976	MATCH
sia_csmith_812.c	oracle	0	0.06	0.06	49200	MATCH
sia_csmith_812.c	lean	0	0.09	0.08	83096	MATCH
sia_csmith_813.c	oracle	0	0.06	0.06	48232	MATCH
sia_csmith_813.c	lean	0	0.07	0.07	82680	MATCH
sia_csmith_814.c	oracle	0	0.05	0.05	48268	MATCH
sia_csmith_814.c	lean	0	0.08	0.08	84008	MATCH
sia_csmith_815.c	oracle	0	0.05	0.05	49220	MATCH
sia_csmith_815.c	lean	0	0.09	0.08	82736	MATCH
sia_csmith_816.c	oracle	0	0.05	0.04	49284	MATCH
sia_csmith_816.c	lean	0	0.09	0.09	82688	MATCH
sia_csmith_817.c	oracle	0	0.06	0.05	48860	MATCH
sia_csmith_817.c	lean	0	0.08	0.08	83296	MATCH
sia_csmith_818.c	oracle	0	0.05	0.04	49212	MATCH
sia_csmith_818.c	lean	0	0.09	0.08	83432	MATCH
sia_csmith_819.c	oracle	0	0.06	0.05	49584	MATCH
sia_csmith_819.c	lean	0	0.08	0.07	84960	MATCH
sia_csmith_820.c	oracle	0	0.05	0.05	49100	MATCH
sia_csmith_820.c	lean	0	0.08	0.07	83828	MATCH
sia_csmith_821.c	oracle	0	0.04	0.04	49236	MATCH
sia_csmith_821.c	lean	0	0.09	0.09	82584	MATCH
sia_csmith_822.c	oracle	124	15.05	15.04	485924	CERB_SKIP
sia_csmith_822.c	lean	NA	NA	NA	NA	CERB_SKIP
sia_csmith_823.c	oracle	0	0.06	0.06	47600	MATCH
sia_csmith_823.c	lean	0	0.09	0.08	80412	MATCH
sia_csmith_824.c	oracle	0	0.06	0.06	48784	MATCH
sia_csmith_824.c	lean	0	0.13	0.12	83204	MATCH
sia_csmith_825.c	oracle	0	0.07	0.07	48012	MATCH
sia_csmith_825.c	lean	0	0.10	0.09	79840	MATCH
sia_csmith_826.c	oracle	0	0.06	0.06	48104	MATCH
sia_csmith_826.c	lean	0	0.08	0.08	79724	MATCH
sia_csmith_827.c	oracle	0	0.07	0.07	49180	MATCH
sia_csmith_827.c	lean	0	0.10	0.10	85056	MATCH
sia_csmith_828.c	oracle	124	15.05	15.03	421328	CERB_SKIP
sia_csmith_828.c	lean	NA	NA	NA	NA	CERB_SKIP
sia_csmith_829.c	oracle	0	0.07	0.06	48436	MATCH
sia_csmith_829.c	lean	0	0.10	0.10	80304	MATCH
sia_csmith_830.c	oracle	0	0.06	0.05	48692	MATCH
sia_csmith_830.c	lean	0	0.11	0.11	84580	MATCH
sia_csmith_831.c	oracle	0	0.05	0.05	48224	MATCH
sia_csmith_831.c	lean	0	0.11	0.11	84468	MATCH
sia_csmith_832.c	oracle	0	0.05	0.04	48104	MATCH
sia_csmith_832.c	lean	0	0.10	0.09	83380	MATCH
sia_csmith_833.c	oracle	0	0.05	0.04	49604	MATCH
sia_csmith_833.c	lean	0	0.10	0.10	83064	MATCH
sia_csmith_834.c	oracle	0	0.07	0.06	48952	MATCH
sia_csmith_834.c	lean	0	0.13	0.13	83016	MATCH
sia_csmith_835.c	oracle	0	0.06	0.06	47792	MATCH
sia_csmith_835.c	lean	0	0.13	0.12	82760	MATCH
sia_csmith_836.c	oracle	0	0.07	0.06	48984	MATCH
sia_csmith_836.c	lean	0	0.15	0.14	82528	MATCH
sia_csmith_837.c	oracle	0	0.06	0.05	49092	MATCH
sia_csmith_837.c	lean	0	0.13	0.13	82148	MATCH
sia_csmith_838.c	oracle	0	0.07	0.07	47800	MATCH
sia_csmith_838.c	lean	0	0.10	0.10	82844	MATCH
sia_csmith_839.c	oracle	0	0.06	0.06	47452	MATCH
sia_csmith_839.c	lean	0	0.09	0.08	83912	MATCH
sia_csmith_840.c	oracle	0	0.06	0.06	49160	MATCH
sia_csmith_840.c	lean	0	0.11	0.10	82440	MATCH
sia_csmith_841.c	oracle	0	0.07	0.06	49104	MATCH
sia_csmith_841.c	lean	0	0.10	0.10	83180	MATCH
sia_csmith_842.c	oracle	0	0.05	0.04	48544	MATCH
sia_csmith_842.c	lean	0	0.10	0.09	82476	MATCH
sia_csmith_843.c	oracle	0	0.06	0.06	48476	MATCH
sia_csmith_843.c	lean	0	0.10	0.09	83208	MATCH
sia_csmith_844.c	oracle	0	0.06	0.06	47744	MATCH
sia_csmith_844.c	lean	0	0.11	0.11	82944	MATCH
sia_csmith_845.c	oracle	0	0.05	0.05	48104	MATCH
sia_csmith_845.c	lean	0	0.11	0.11	82916	MATCH
sia_csmith_846.c	oracle	0	0.06	0.05	48692	MATCH
sia_csmith_846.c	lean	0	0.08	0.08	79560	MATCH
sia_csmith_847.c	oracle	0	0.06	0.06	48388	MATCH
sia_csmith_847.c	lean	0	0.09	0.08	82916	MATCH
sia_csmith_848.c	oracle	0	0.06	0.05	48260	MATCH
sia_csmith_848.c	lean	0	0.10	0.09	82592	MATCH
sia_csmith_849.c	oracle	0	0.05	0.04	49044	MATCH
sia_csmith_849.c	lean	0	0.10	0.09	83860	MATCH
sia_csmith_850.c	oracle	0	0.06	0.05	48416	MATCH
sia_csmith_850.c	lean	0	0.09	0.09	83712	MATCH
sia_csmith_851.c	oracle	0	0.07	0.06	47824	MATCH
sia_csmith_851.c	lean	0	0.10	0.10	83112	MATCH
sia_csmith_852.c	oracle	0	0.07	0.06	48568	MATCH
sia_csmith_852.c	lean	0	0.14	0.14	82956	MATCH
sia_csmith_853.c	oracle	0	0.06	0.06	48304	MATCH
sia_csmith_853.c	lean	0	0.08	0.08	84152	MATCH
sia_csmith_854.c	oracle	0	0.06	0.06	48336	MATCH
sia_csmith_854.c	lean	0	0.10	0.10	82340	MATCH
sia_csmith_855.c	oracle	0	0.07	0.07	47864	MATCH
sia_csmith_855.c	lean	0	0.10	0.10	83244	MATCH
sia_csmith_856.c	oracle	0	0.06	0.06	48412	MATCH
sia_csmith_856.c	lean	0	0.10	0.09	82136	MATCH
sia_csmith_857.c	oracle	0	0.07	0.07	47864	MATCH
sia_csmith_857.c	lean	0	0.10	0.09	83408	MATCH
sia_csmith_858.c	oracle	0	0.05	0.04	47920	MATCH
sia_csmith_858.c	lean	0	0.10	0.10	82668	MATCH
sia_csmith_859.c	oracle	0	0.06	0.05	47560	MATCH
sia_csmith_859.c	lean	0	0.11	0.10	82820	MATCH
sia_csmith_860.c	oracle	0	0.07	0.06	48860	MATCH
sia_csmith_860.c	lean	0	0.09	0.08	82028	MATCH
sia_csmith_861.c	oracle	0	0.06	0.05	48232	MATCH
sia_csmith_861.c	lean	0	0.10	0.10	83096	MATCH
sia_csmith_862.c	oracle	0	0.07	0.07	47312	MATCH
sia_csmith_862.c	lean	0	0.11	0.10	84268	MATCH
sia_csmith_863.c	oracle	0	0.07	0.07	47180	MATCH
sia_csmith_863.c	lean	0	0.11	0.10	84196	MATCH
sia_csmith_864.c	oracle	0	0.06	0.05	47728	MATCH
sia_csmith_864.c	lean	0	0.10	0.09	83304	MATCH
sia_csmith_865.c	oracle	124	15.01	14.99	124704	CERB_SKIP
sia_csmith_865.c	lean	NA	NA	NA	NA	CERB_SKIP
sia_csmith_866.c	oracle	0	0.06	0.05	48748	MATCH
sia_csmith_866.c	lean	0	0.12	0.11	83072	MATCH
sia_csmith_867.c	oracle	0	0.06	0.05	49040	MATCH
sia_csmith_867.c	lean	0	0.10	0.09	83336	MATCH
sia_csmith_868.c	oracle	0	0.06	0.05	48480	MATCH
sia_csmith_868.c	lean	0	0.13	0.13	80368	MATCH
sia_csmith_869.c	oracle	0	0.06	0.05	49136	MATCH
sia_csmith_869.c	lean	0	0.10	0.10	84624	MATCH
sia_csmith_870.c	oracle	0	0.07	0.06	48076	MATCH
sia_csmith_870.c	lean	0	0.10	0.10	83872	MATCH
sia_csmith_871.c	oracle	0	0.05	0.04	48992	MATCH
sia_csmith_871.c	lean	0	0.10	0.09	82996	MATCH
sia_csmith_872.c	oracle	0	0.06	0.05	48320	MATCH
sia_csmith_872.c	lean	0	0.11	0.11	82144	MATCH
sia_csmith_873.c	oracle	0	0.06	0.05	49088	MATCH
sia_csmith_873.c	lean	0	0.13	0.13	77384	MATCH
sia_csmith_874.c	oracle	0	0.07	0.06	47164	MATCH
sia_csmith_874.c	lean	0	0.11	0.10	82636	MATCH
sia_csmith_875.c	oracle	0	0.06	0.06	48324	MATCH
sia_csmith_875.c	lean	0	0.11	0.10	83140	MATCH
sia_csmith_876.c	oracle	0	0.06	0.06	48512	MATCH
sia_csmith_876.c	lean	0	0.11	0.11	82604	MATCH
sia_csmith_877.c	oracle	0	0.06	0.06	48460	MATCH
sia_csmith_877.c	lean	0	0.11	0.10	84100	MATCH
sia_csmith_878.c	oracle	0	0.06	0.06	48868	MATCH
sia_csmith_878.c	lean	0	0.11	0.11	82832	MATCH
sia_csmith_879.c	oracle	0	0.07	0.06	48292	MATCH
sia_csmith_879.c	lean	0	0.11	0.10	82944	MATCH
sia_csmith_880.c	oracle	0	0.06	0.06	47972	MATCH
sia_csmith_880.c	lean	0	0.10	0.09	82800	MATCH
sia_csmith_881.c	oracle	0	0.06	0.06	48684	MATCH
sia_csmith_881.c	lean	0	0.10	0.10	82580	MATCH
sia_csmith_882.c	oracle	0	0.06	0.05	49164	MATCH
sia_csmith_882.c	lean	0	0.12	0.11	79948	MATCH
sia_csmith_883.c	oracle	0	0.07	0.06	48044	MATCH
sia_csmith_883.c	lean	0	0.09	0.09	82760	MATCH
sia_csmith_884.c	oracle	0	0.08	0.07	47428	MATCH
sia_csmith_884.c	lean	0	0.14	0.14	80088	MATCH
sia_csmith_885.c	oracle	0	0.08	0.07	48836	MATCH
sia_csmith_885.c	lean	0	0.11	0.11	80340	MATCH
sia_csmith_886.c	oracle	0	0.06	0.06	48304	MATCH
sia_csmith_886.c	lean	0	0.11	0.09	79768	MATCH
sia_csmith_887.c	oracle	0	0.06	0.06	48600	MATCH
sia_csmith_887.c	lean	0	0.11	0.10	83128	MATCH
sia_csmith_888.c	oracle	0	0.06	0.06	48788	MATCH
sia_csmith_888.c	lean	0	0.10	0.10	82748	MATCH
sia_csmith_889.c	oracle	0	0.06	0.05	48084	MATCH
sia_csmith_889.c	lean	0	0.11	0.10	82400	MATCH
sia_csmith_890.c	oracle	0	0.06	0.06	48028	MATCH
sia_csmith_890.c	lean	0	0.10	0.09	82980	MATCH
sia_csmith_891.c	oracle	0	0.06	0.05	48368	MATCH
sia_csmith_891.c	lean	0	0.09	0.08	82852	MATCH
sia_csmith_892.c	oracle	124	15.04	15.02	485948	CERB_SKIP
sia_csmith_892.c	lean	NA	NA	NA	NA	CERB_SKIP
sia_csmith_893.c	oracle	0	0.05	0.04	48700	MATCH
sia_csmith_893.c	lean	0	0.08	0.07	82936	MATCH
sia_csmith_894.c	oracle	0	0.05	0.04	48520	MATCH
sia_csmith_894.c	lean	0	0.08	0.08	82592	MATCH
sia_csmith_895.c	oracle	0	0.05	0.05	48444	MATCH
sia_csmith_895.c	lean	0	0.08	0.08	82820	MATCH
sia_csmith_896.c	oracle	0	0.05	0.05	48848	MATCH
sia_csmith_896.c	lean	0	0.10	0.09	83076	MATCH
sia_csmith_897.c	oracle	0	0.11	0.11	62056	MATCH
sia_csmith_897.c	lean	0	0.26	0.26	105624	MATCH
sia_csmith_898.c	oracle	0	0.06	0.05	48948	MATCH
sia_csmith_898.c	lean	0	0.09	0.08	83828	MATCH
sia_csmith_899.c	oracle	0	0.06	0.06	48632	MATCH
sia_csmith_899.c	lean	0	0.11	0.10	82800	MATCH
sia_csmith_900.c	oracle	0	0.10	0.09	60900	MATCH
sia_csmith_900.c	lean	0	0.25	0.25	103784	MATCH
sia_csmith_901.c	oracle	0	0.05	0.04	48280	MATCH
sia_csmith_901.c	lean	0	0.08	0.07	82188	MATCH
sia_csmith_902.c	oracle	0	0.04	0.04	48476	MATCH
sia_csmith_902.c	lean	0	0.07	0.06	83860	MATCH
sia_csmith_903.c	oracle	0	0.04	0.04	48872	MATCH
sia_csmith_903.c	lean	0	0.07	0.06	83564	MATCH
sia_csmith_904.c	oracle	0	0.05	0.04	48448	MATCH
sia_csmith_904.c	lean	0	0.06	0.06	82648	MATCH
sia_csmith_905.c	oracle	0	0.04	0.04	48360	MATCH
sia_csmith_905.c	lean	0	0.06	0.06	83156	MATCH
sia_csmith_906.c	oracle	0	0.04	0.04	48244	MATCH
sia_csmith_906.c	lean	0	0.07	0.06	84028	MATCH
sia_csmith_907.c	oracle	0	0.04	0.04	48168	MATCH
sia_csmith_907.c	lean	0	0.06	0.06	82556	MATCH
sia_csmith_908.c	oracle	124	15.05	15.04	706960	CERB_SKIP
sia_csmith_908.c	lean	NA	NA	NA	NA	CERB_SKIP
sia_csmith_909.c	oracle	0	0.04	0.03	48776	MATCH
sia_csmith_909.c	lean	0	0.07	0.06	84044	MATCH
sia_csmith_910.c	oracle	0	0.04	0.04	48860	MATCH
sia_csmith_910.c	lean	0	0.07	0.06	82648	MATCH
sia_csmith_911.c	oracle	0	0.04	0.03	48612	MATCH
sia_csmith_911.c	lean	0	0.07	0.07	82732	MATCH
sia_csmith_912.c	oracle	0	0.04	0.03	48644	MATCH
sia_csmith_912.c	lean	0	0.07	0.06	83304	MATCH
sia_csmith_913.c	oracle	0	0.04	0.04	48996	MATCH
sia_csmith_913.c	lean	0	0.06	0.05	83744	MATCH
sia_csmith_914.c	oracle	0	0.04	0.04	48804	MATCH
sia_csmith_914.c	lean	0	0.08	0.07	82936	MATCH
sia_csmith_915.c	oracle	0	0.04	0.03	48820	MATCH
sia_csmith_915.c	lean	0	0.06	0.06	83192	MATCH
sia_csmith_916.c	oracle	0	0.04	0.03	49392	MATCH
sia_csmith_916.c	lean	0	0.07	0.07	83256	MATCH
sia_csmith_917.c	oracle	0	0.04	0.04	48176	MATCH
sia_csmith_917.c	lean	0	0.06	0.05	82760	MATCH
sia_csmith_918.c	oracle	0	0.04	0.03	48052	MATCH
sia_csmith_918.c	lean	0	0.06	0.06	83760	MATCH
sia_csmith_919.c	oracle	0	0.04	0.03	48820	MATCH
sia_csmith_919.c	lean	0	0.06	0.05	82680	MATCH
sia_csmith_920.c	oracle	0	0.04	0.04	48488	MATCH
sia_csmith_920.c	lean	0	0.06	0.06	82844	MATCH
sia_csmith_921.c	oracle	0	0.04	0.04	48020	MATCH
sia_csmith_921.c	lean	0	0.07	0.06	80160	MATCH
sia_csmith_922.c	oracle	0	0.04	0.04	48260	MATCH
sia_csmith_922.c	lean	0	0.08	0.07	79868	MATCH
sia_csmith_923.c	oracle	0	0.04	0.04	48452	MATCH
sia_csmith_923.c	lean	0	0.07	0.06	82820	MATCH
sia_csmith_924.c	oracle	0	0.04	0.04	48028	MATCH
sia_csmith_924.c	lean	0	0.07	0.06	83100	MATCH
sia_csmith_925.c	oracle	0	0.04	0.04	48240	MATCH
sia_csmith_925.c	lean	0	0.06	0.05	84404	MATCH
sia_csmith_926.c	oracle	0	0.04	0.03	48824	MATCH
sia_csmith_926.c	lean	0	0.07	0.06	83084	MATCH
sia_csmith_927.c	oracle	0	0.04	0.03	48232	MATCH
sia_csmith_927.c	lean	0	0.07	0.06	80320	MATCH
sia_csmith_928.c	oracle	0	0.04	0.03	49152	MATCH
sia_csmith_928.c	lean	0	0.07	0.06	83272	MATCH
sia_csmith_929.c	oracle	0	0.04	0.03	49212	MATCH
sia_csmith_929.c	lean	0	0.07	0.06	84392	MATCH
sia_csmith_930.c	oracle	0	0.05	0.04	49248	MATCH
sia_csmith_930.c	lean	0	0.09	0.08	83500	MATCH
sia_csmith_931.c	oracle	0	0.04	0.03	48680	MATCH
sia_csmith_931.c	lean	0	0.07	0.06	83028	MATCH
sia_csmith_932.c	oracle	0	0.04	0.04	49068	MATCH
sia_csmith_932.c	lean	0	0.06	0.06	82624	MATCH
sia_csmith_933.c	oracle	0	0.05	0.04	49640	MATCH
sia_csmith_933.c	lean	0	0.08	0.07	85188	MATCH
sia_csmith_934.c	oracle	0	0.05	0.04	48500	MATCH
sia_csmith_934.c	lean	0	0.08	0.07	85212	MATCH
sia_csmith_935.c	oracle	0	0.04	0.04	49068	MATCH
sia_csmith_935.c	lean	0	0.07	0.06	83628	MATCH
sia_csmith_936.c	oracle	124	15.05	15.04	665248	CERB_SKIP
sia_csmith_936.c	lean	NA	NA	NA	NA	CERB_SKIP
sia_csmith_937.c	oracle	0	0.05	0.05	48996	MATCH
sia_csmith_937.c	lean	0	0.09	0.08	82936	MATCH
sia_csmith_938.c	oracle	124	15.04	15.02	533752	CERB_SKIP
sia_csmith_938.c	lean	NA	NA	NA	NA	CERB_SKIP
sia_csmith_939.c	oracle	0	0.04	0.04	49272	MATCH
sia_csmith_939.c	lean	0	0.07	0.07	85308	MATCH
sia_csmith_940.c	oracle	0	0.05	0.05	49600	MATCH
sia_csmith_940.c	lean	0	0.09	0.08	85300	MATCH
sia_csmith_941.c	oracle	124	15.05	15.04	678892	CERB_SKIP
sia_csmith_941.c	lean	NA	NA	NA	NA	CERB_SKIP
sia_csmith_942.c	oracle	0	0.05	0.04	49336	MATCH
sia_csmith_942.c	lean	0	0.08	0.07	83284	MATCH
sia_csmith_943.c	oracle	124	15.04	15.03	503860	CERB_SKIP
sia_csmith_943.c	lean	NA	NA	NA	NA	CERB_SKIP
sia_csmith_944.c	oracle	124	15.04	15.03	587036	CERB_SKIP
sia_csmith_944.c	lean	NA	NA	NA	NA	CERB_SKIP
sia_csmith_945.c	oracle	124	15.04	15.03	518856	CERB_SKIP
sia_csmith_945.c	lean	NA	NA	NA	NA	CERB_SKIP
sia_csmith_946.c	oracle	0	0.04	0.04	48948	MATCH
sia_csmith_946.c	lean	0	0.07	0.06	82992	MATCH
sia_csmith_947.c	oracle	0	1.20	1.20	92044	MATCH
sia_csmith_947.c	lean	0	3.64	3.63	108364	MATCH
sia_csmith_948.c	oracle	0	0.04	0.04	50012	MATCH
sia_csmith_948.c	lean	0	0.07	0.06	85000	MATCH
sia_csmith_949.c	oracle	0	0.04	0.04	48048	MATCH
sia_csmith_949.c	lean	0	0.06	0.06	83224	MATCH
sia_csmith_950.c	oracle	0	0.05	0.04	49080	MATCH
sia_csmith_950.c	lean	0	0.07	0.07	84272	MATCH
sia_csmith_951.c	oracle	0	0.04	0.03	48096	MATCH
sia_csmith_951.c	lean	0	0.07	0.06	82736	MATCH
sia_csmith_952.c	oracle	0	0.07	0.06	49268	MATCH
sia_csmith_952.c	lean	0	0.12	0.11	86020	MATCH
sia_csmith_953.c	oracle	0	0.04	0.04	48728	MATCH
sia_csmith_953.c	lean	0	0.06	0.06	83444	MATCH
sia_csmith_954.c	oracle	0	0.12	0.11	53664	MATCH
sia_csmith_954.c	lean	0	0.31	0.30	84684	MATCH
sia_csmith_955.c	oracle	124	15.04	14.20	601004	CERB_SKIP
sia_csmith_955.c	lean	NA	NA	NA	NA	CERB_SKIP
sia_csmith_956.c	oracle	0	0.04	0.04	48080	MATCH
sia_csmith_956.c	lean	0	0.09	0.09	83104	MATCH
sia_csmith_957.c	oracle	0	0.04	0.04	49088	MATCH
sia_csmith_957.c	lean	0	0.06	0.06	82976	MATCH
sia_csmith_958.c	oracle	0	0.05	0.04	48772	MATCH
sia_csmith_958.c	lean	0	0.07	0.06	84552	MATCH
sia_csmith_959.c	oracle	0	0.05	0.05	48368	MATCH
sia_csmith_959.c	lean	0	0.09	0.08	83660	MATCH
sia_csmith_960.c	oracle	0	0.12	0.11	53660	MATCH
sia_csmith_960.c	lean	0	0.31	0.30	87028	MATCH
sia_csmith_961.c	oracle	0	0.04	0.04	48528	MATCH
sia_csmith_961.c	lean	0	0.06	0.06	83212	MATCH
sia_csmith_962.c	oracle	0	0.04	0.04	48168	MATCH
sia_csmith_962.c	lean	0	0.07	0.07	83640	MATCH
sia_csmith_963.c	oracle	0	0.07	0.06	50876	MATCH
sia_csmith_963.c	lean	0	0.17	0.17	84844	MATCH
sia_csmith_964.c	oracle	0	1.09	1.08	103440	MATCH
sia_csmith_964.c	lean	0	3.63	3.62	132048	MATCH
sia_csmith_965.c	oracle	0	0.04	0.04	48188	MATCH
sia_csmith_965.c	lean	0	0.07	0.06	82936	MATCH
sia_csmith_966.c	oracle	124	15.04	15.04	595296	CERB_SKIP
sia_csmith_966.c	lean	NA	NA	NA	NA	CERB_SKIP
sia_csmith_967.c	oracle	124	15.04	15.03	585680	CERB_SKIP
sia_csmith_967.c	lean	NA	NA	NA	NA	CERB_SKIP
sia_csmith_968.c	oracle	124	15.05	15.04	718356	CERB_SKIP
sia_csmith_968.c	lean	NA	NA	NA	NA	CERB_SKIP
sia_csmith_969.c	oracle	0	0.04	0.04	48792	MATCH
sia_csmith_969.c	lean	0	0.06	0.05	82600	MATCH
sia_csmith_970.c	oracle	124	15.04	15.04	705972	CERB_SKIP
sia_csmith_970.c	lean	NA	NA	NA	NA	CERB_SKIP
sia_csmith_971.c	oracle	124	15.04	15.03	684244	CERB_SKIP
sia_csmith_971.c	lean	NA	NA	NA	NA	CERB_SKIP
sia_csmith_972.c	oracle	124	15.05	15.04	602044	CERB_SKIP
sia_csmith_972.c	lean	NA	NA	NA	NA	CERB_SKIP
sia_csmith_973.c	oracle	0	0.04	0.03	48056	MATCH
sia_csmith_973.c	lean	0	0.06	0.05	82696	MATCH
sia_csmith_974.c	oracle	124	15.05	15.04	684824	CERB_SKIP
sia_csmith_974.c	lean	NA	NA	NA	NA	CERB_SKIP
sia_csmith_975.c	oracle	124	15.07	15.06	712408	CERB_SKIP
sia_csmith_975.c	lean	NA	NA	NA	NA	CERB_SKIP
sia_csmith_976.c	oracle	0	7.26	7.25	365208	TIMEOUT
sia_csmith_976.c	lean	124	15.00	15.00	245128	TIMEOUT
sia_csmith_977.c	oracle	124	15.05	15.04	687952	CERB_SKIP
sia_csmith_977.c	lean	NA	NA	NA	NA	CERB_SKIP
sia_csmith_978.c	oracle	124	15.04	15.03	672940	CERB_SKIP
sia_csmith_978.c	lean	NA	NA	NA	NA	CERB_SKIP
sia_csmith_979.c	oracle	124	15.04	15.04	604668	CERB_SKIP
sia_csmith_979.c	lean	NA	NA	NA	NA	CERB_SKIP
sia_csmith_980.c	oracle	124	15.05	15.04	674348	CERB_SKIP
sia_csmith_980.c	lean	NA	NA	NA	NA	CERB_SKIP
sia_csmith_981.c	oracle	124	15.05	15.04	687736	CERB_SKIP
sia_csmith_981.c	lean	NA	NA	NA	NA	CERB_SKIP
sia_csmith_982.c	oracle	124	15.05	15.04	661232	CERB_SKIP
sia_csmith_982.c	lean	NA	NA	NA	NA	CERB_SKIP
sia_csmith_983.c	oracle	124	15.05	15.04	688984	CERB_SKIP
sia_csmith_983.c	lean	NA	NA	NA	NA	CERB_SKIP
sia_csmith_984.c	oracle	124	15.05	15.04	662992	CERB_SKIP
sia_csmith_984.c	lean	NA	NA	NA	NA	CERB_SKIP
sia_csmith_985.c	oracle	124	15.04	15.04	607592	CERB_SKIP
sia_csmith_985.c	lean	NA	NA	NA	NA	CERB_SKIP
sia_csmith_986.c	oracle	0	0.04	0.03	47960	MATCH
sia_csmith_986.c	lean	0	0.06	0.05	83916	MATCH
sia_csmith_987.c	oracle	0	0.05	0.05	49860	MATCH
sia_csmith_987.c	lean	0	0.11	0.10	80116	MATCH
sia_csmith_988.c	oracle	124	15.05	15.04	712396	CERB_SKIP
sia_csmith_988.c	lean	NA	NA	NA	NA	CERB_SKIP
sia_csmith_989.c	oracle	0	0.04	0.03	48152	MATCH
sia_csmith_989.c	lean	0	0.06	0.05	84396	MATCH
sia_csmith_990.c	oracle	124	15.05	15.04	697292	CERB_SKIP
sia_csmith_990.c	lean	NA	NA	NA	NA	CERB_SKIP
sia_csmith_991.c	oracle	0	0.05	0.05	50724	MATCH
sia_csmith_991.c	lean	0	0.09	0.08	87472	MATCH
sia_csmith_992.c	oracle	124	15.04	15.03	595524	CERB_SKIP
sia_csmith_992.c	lean	NA	NA	NA	NA	CERB_SKIP
sia_csmith_993.c	oracle	124	15.05	15.04	687604	CERB_SKIP
sia_csmith_993.c	lean	NA	NA	NA	NA	CERB_SKIP
sia_csmith_994.c	oracle	124	15.04	15.03	686348	CERB_SKIP
sia_csmith_994.c	lean	NA	NA	NA	NA	CERB_SKIP
sia_csmith_995.c	oracle	124	15.04	15.04	696820	CERB_SKIP
sia_csmith_995.c	lean	NA	NA	NA	NA	CERB_SKIP
sia_csmith_996.c	oracle	0	7.37	7.36	352756	TIMEOUT
sia_csmith_996.c	lean	124	15.00	14.99	249380	TIMEOUT
sia_csmith_997.c	oracle	124	15.04	15.04	633304	CERB_SKIP
sia_csmith_997.c	lean	NA	NA	NA	NA	CERB_SKIP
sia_csmith_998.c	oracle	124	15.07	15.05	613644	CERB_SKIP
sia_csmith_998.c	lean	NA	NA	NA	NA	CERB_SKIP
sia_csmith_999.c	oracle	124	15.03	15.02	552752	CERB_SKIP
sia_csmith_999.c	lean	NA	NA	NA	NA	CERB_SKIP
smx_csmith_1.c	oracle	0	0.09	0.09	60224	MATCH
smx_csmith_1.c	lean	0	0.21	0.21	106720	MATCH
smx_csmith_2.c	oracle	0	0.20	0.19	56408	MATCH
smx_csmith_2.c	lean	0	0.54	0.54	84648	MATCH
smx_csmith_3.c	oracle	0	0.04	0.04	48048	MATCH
smx_csmith_3.c	lean	0	0.07	0.06	82316	MATCH
smx_csmith_4.c	oracle	124	15.04	15.03	581520	CERB_SKIP
smx_csmith_4.c	lean	NA	NA	NA	NA	CERB_SKIP
smx_csmith_5.c	oracle	0	0.05	0.04	48844	MATCH
smx_csmith_5.c	lean	0	0.09	0.08	85120	MATCH
smx_csmith_6.c	oracle	1	0.04	0.03	45128	CERB_SKIP
smx_csmith_6.c	lean	NA	NA	NA	NA	CERB_SKIP
smx_csmith_7.c	oracle	0	0.13	0.12	54556	MATCH
smx_csmith_7.c	lean	0	0.36	0.35	89960	MATCH
