input	engine	exit	wall_s	cpu_s	maxrss_kb	status
sa_csmith_001.c	oracle	0	0.06	0.05	49560	MATCH
sa_csmith_001.c	lean	0	0.11	0.10	83904	MATCH
sa_csmith_002.c	oracle	125	0.05	0.04	48352	CERB_SKIP
sa_csmith_002.c	lean	NA	NA	NA	NA	CERB_SKIP
sa_csmith_003.c	oracle	125	0.04	0.03	45748	CERB_SKIP
sa_csmith_003.c	lean	NA	NA	NA	NA	CERB_SKIP
sa_csmith_004.c	oracle	0	0.06	0.05	49384	MATCH
sa_csmith_004.c	lean	0	0.11	0.10	86416	MATCH
sa_csmith_005.c	oracle	125	0.03	0.03	45104	CERB_SKIP
sa_csmith_005.c	lean	NA	NA	NA	NA	CERB_SKIP
sa_csmith_006.c	oracle	0	0.08	0.08	51160	MATCH
sa_csmith_006.c	lean	0	0.19	0.18	83524	MATCH
sa_csmith_10.c	oracle	124	15.05	15.04	643100	CERB_SKIP
sa_csmith_10.c	lean	NA	NA	NA	NA	CERB_SKIP
sa_csmith_100.c	oracle	0	0.04	0.03	48880	MATCH
sa_csmith_100.c	lean	0	0.07	0.06	84268	MATCH
sa_csmith_101.c	oracle	0	0.05	0.04	47896	MATCH
sa_csmith_101.c	lean	0	0.08	0.07	84656	MATCH
sa_csmith_102.c	oracle	0	0.04	0.03	48304	MATCH
sa_csmith_102.c	lean	0	0.06	0.06	83164	MATCH
sa_csmith_103.c	oracle	0	0.04	0.03	48476	MATCH
sa_csmith_103.c	lean	0	0.07	0.06	83756	MATCH
sa_csmith_104.c	oracle	0	0.04	0.04	48764	MATCH
sa_csmith_104.c	lean	0	0.07	0.06	83072	MATCH
sa_csmith_105.c	oracle	124	15.05	15.04	626412	CERB_SKIP
sa_csmith_105.c	lean	NA	NA	NA	NA	CERB_SKIP
sa_csmith_106.c	oracle	124	15.05	15.04	642224	CERB_SKIP
sa_csmith_106.c	lean	NA	NA	NA	NA	CERB_SKIP
sa_csmith_107.c	oracle	124	15.04	15.04	600768	CERB_SKIP
sa_csmith_107.c	lean	NA	NA	NA	NA	CERB_SKIP
sa_csmith_108.c	oracle	0	0.71	0.71	90176	MATCH
sa_csmith_108.c	lean	0	1.89	1.89	125312	MATCH
sa_csmith_109.c	oracle	124	15.07	15.06	640472	CERB_SKIP
sa_csmith_109.c	lean	NA	NA	NA	NA	CERB_SKIP
sa_csmith_11.c	oracle	124	15.05	15.03	670520	CERB_SKIP
sa_csmith_11.c	lean	NA	NA	NA	NA	CERB_SKIP
sa_csmith_110.c	oracle	124	15.05	15.05	651552	CERB_SKIP
sa_csmith_110.c	lean	NA	NA	NA	NA	CERB_SKIP
sa_csmith_111.c	oracle	124	15.05	15.04	635532	CERB_SKIP
sa_csmith_111.c	lean	NA	NA	NA	NA	CERB_SKIP
sa_csmith_112.c	oracle	124	15.05	15.04	633824	CERB_SKIP
sa_csmith_112.c	lean	NA	NA	NA	NA	CERB_SKIP
sa_csmith_113.c	oracle	124	15.03	15.02	455812	CERB_SKIP
sa_csmith_113.c	lean	NA	NA	NA	NA	CERB_SKIP
sa_csmith_114.c	oracle	124	15.04	15.03	519472	CERB_SKIP
sa_csmith_114.c	lean	NA	NA	NA	NA	CERB_SKIP
sa_csmith_115.c	oracle	124	15.04	14.93	574780	CERB_SKIP
sa_csmith_115.c	lean	NA	NA	NA	NA	CERB_SKIP
sa_csmith_116.c	oracle	124	15.04	15.03	554904	CERB_SKIP
sa_csmith_116.c	lean	NA	NA	NA	NA	CERB_SKIP
sa_csmith_117.c	oracle	0	0.06	0.05	49316	MATCH
sa_csmith_117.c	lean	0	0.13	0.12	83080	MATCH
sa_csmith_118.c	oracle	0	0.10	0.10	64456	MATCH
sa_csmith_118.c	lean	0	0.25	0.24	107940	MATCH
sa_csmith_119.c	oracle	0	0.10	0.09	63844	MATCH
sa_csmith_119.c	lean	0	0.22	0.22	105860	MATCH
sa_csmith_12.c	oracle	124	15.05	15.03	607500	CERB_SKIP
sa_csmith_12.c	lean	NA	NA	NA	NA	CERB_SKIP
sa_csmith_120.c	oracle	0	0.13	0.12	72600	MATCH
sa_csmith_120.c	lean	0	0.28	0.28	118636	MATCH
sa_csmith_121.c	oracle	0	0.10	0.10	69328	MATCH
sa_csmith_121.c	lean	0	0.25	0.24	114392	MATCH
sa_csmith_122.c	oracle	0	0.09	0.08	60508	MATCH
sa_csmith_122.c	lean	0	0.19	0.18	102544	MATCH
sa_csmith_123.c	oracle	0	0.09	0.08	60452	MATCH
sa_csmith_123.c	lean	0	0.20	0.19	102540	MATCH
sa_csmith_124.c	oracle	124	15.04	15.01	541236	CERB_SKIP
sa_csmith_124.c	lean	NA	NA	NA	NA	CERB_SKIP
sa_csmith_125.c	oracle	124	15.06	15.04	647040	CERB_SKIP
sa_csmith_125.c	lean	NA	NA	NA	NA	CERB_SKIP
sa_csmith_126.c	oracle	0	0.06	0.06	49964	MATCH
sa_csmith_126.c	lean	0	0.11	0.10	85836	MATCH
sa_csmith_127.c	oracle	124	15.04	15.03	534080	CERB_SKIP
sa_csmith_127.c	lean	NA	NA	NA	NA	CERB_SKIP
sa_csmith_128.c	oracle	124	15.05	15.05	622936	CERB_SKIP
sa_csmith_128.c	lean	NA	NA	NA	NA	CERB_SKIP
sa_csmith_129.c	oracle	124	15.04	15.04	603848	CERB_SKIP
sa_csmith_129.c	lean	NA	NA	NA	NA	CERB_SKIP
sa_csmith_13.c	oracle	0	0.09	0.08	61500	MATCH
sa_csmith_13.c	lean	0	0.22	0.21	103772	MATCH
sa_csmith_130.c	oracle	0	0.04	0.03	48148	MATCH
sa_csmith_130.c	lean	0	0.06	0.06	83492	MATCH
sa_csmith_131.c	oracle	124	15.05	15.04	608936	CERB_SKIP
sa_csmith_131.c	lean	NA	NA	NA	NA	CERB_SKIP
sa_csmith_132.c	oracle	0	0.04	0.04	48640	MATCH
sa_csmith_132.c	lean	0	0.07	0.06	82840	MATCH
sa_csmith_133.c	oracle	0	1.25	1.24	90200	MATCH
sa_csmith_133.c	lean	0	3.28	3.27	107320	MATCH
sa_csmith_134.c	oracle	0	0.04	0.04	48336	MATCH
sa_csmith_134.c	lean	0	0.07	0.06	83416	MATCH
sa_csmith_135.c	oracle	0	0.08	0.07	49412	MATCH
sa_csmith_135.c	lean	0	0.16	0.15	84048	MATCH
sa_csmith_136.c	oracle	124	15.05	15.03	590692	CERB_SKIP
sa_csmith_136.c	lean	NA	NA	NA	NA	CERB_SKIP
sa_csmith_137.c	oracle	0	0.07	0.06	59604	MATCH
sa_csmith_137.c	lean	0	0.18	0.17	103224	MATCH
sa_csmith_138.c	oracle	0	0.09	0.09	63456	MATCH
sa_csmith_138.c	lean	0	0.21	0.20	105464	MATCH
sa_csmith_139.c	oracle	0	0.04	0.04	48528	MATCH
sa_csmith_139.c	lean	0	0.07	0.06	83864	MATCH
sa_csmith_14.c	oracle	0	0.04	0.04	48900	MATCH
sa_csmith_14.c	lean	0	0.07	0.06	83228	MATCH
sa_csmith_140.c	oracle	124	15.06	15.02	454224	CERB_SKIP
sa_csmith_140.c	lean	NA	NA	NA	NA	CERB_SKIP
sa_csmith_141.c	oracle	0	0.13	0.12	63900	MATCH
sa_csmith_141.c	lean	0	0.30	0.30	105844	MATCH
sa_csmith_142.c	oracle	124	15.03	15.02	423016	CERB_SKIP
sa_csmith_142.c	lean	NA	NA	NA	NA	CERB_SKIP
sa_csmith_143.c	oracle	124	15.05	15.03	510524	CERB_SKIP
sa_csmith_143.c	lean	NA	NA	NA	NA	CERB_SKIP
sa_csmith_144.c	oracle	0	0.05	0.05	48728	MATCH
sa_csmith_144.c	lean	0	0.11	0.10	83212	MATCH
sa_csmith_145.c	oracle	0	0.06	0.06	48008	MATCH
sa_csmith_145.c	lean	0	0.10	0.09	83268	MATCH
sa_csmith_146.c	oracle	124	15.05	15.04	506600	CERB_SKIP
sa_csmith_146.c	lean	NA	NA	NA	NA	CERB_SKIP
sa_csmith_147.c	oracle	0	0.11	0.10	61284	MATCH
sa_csmith_147.c	lean	0	0.22	0.21	101316	MATCH
sa_csmith_148.c	oracle	124	15.04	15.03	414716	CERB_SKIP
sa_csmith_148.c	lean	NA	NA	NA	NA	CERB_SKIP
sa_csmith_149.c	oracle	0	0.28	0.27	72136	MATCH
sa_csmith_149.c	lean	0	0.73	0.72	109532	MATCH
sa_csmith_15.c	oracle	124	15.06	15.04	506872	CERB_SKIP
sa_csmith_15.c	lean	NA	NA	NA	NA	CERB_SKIP
sa_csmith_150.c	oracle	0	0.06	0.06	47736	MATCH
sa_csmith_150.c	lean	0	0.09	0.08	83568	MATCH
sa_csmith_151.c	oracle	124	15.02	15.01	250780	CERB_SKIP
sa_csmith_151.c	lean	NA	NA	NA	NA	CERB_SKIP
sa_csmith_152.c	oracle	124	15.03	15.02	356288	CERB_SKIP
sa_csmith_152.c	lean	NA	NA	NA	NA	CERB_SKIP
sa_csmith_153.c	oracle	0	0.06	0.06	48064	MATCH
sa_csmith_153.c	lean	0	0.07	0.07	80696	MATCH
sa_csmith_154.c	oracle	0	0.05	0.05	47868	MATCH
sa_csmith_154.c	lean	0	0.08	0.07	84428	MATCH
sa_csmith_155.c	oracle	124	15.05	15.04	485832	CERB_SKIP
sa_csmith_155.c	lean	NA	NA	NA	NA	CERB_SKIP
sa_csmith_156.c	oracle	124	15.04	15.02	461992	CERB_SKIP
sa_csmith_156.c	lean	NA	NA	NA	NA	CERB_SKIP
sa_csmith_157.c	oracle	124	15.04	14.84	424024	CERB_SKIP
sa_csmith_157.c	lean	NA	NA	NA	NA	CERB_SKIP
sa_csmith_158.c	oracle	124	15.03	15.00	372312	CERB_SKIP
sa_csmith_158.c	lean	NA	NA	NA	NA	CERB_SKIP
sa_csmith_159.c	oracle	0	0.06	0.05	48220	MATCH
sa_csmith_159.c	lean	0	0.08	0.08	82892	MATCH
sa_csmith_16.c	oracle	124	15.05	15.04	472956	CERB_SKIP
sa_csmith_16.c	lean	NA	NA	NA	NA	CERB_SKIP
sa_csmith_160.c	oracle	0	0.07	0.06	47576	MATCH
sa_csmith_160.c	lean	0	0.09	0.09	83524	MATCH
sa_csmith_161.c	oracle	124	15.04	15.02	490728	CERB_SKIP
sa_csmith_161.c	lean	NA	NA	NA	NA	CERB_SKIP
sa_csmith_162.c	oracle	0	1.89	1.88	99144	MATCH
sa_csmith_162.c	lean	0	5.26	5.25	118220	MATCH
sa_csmith_163.c	oracle	124	15.05	15.03	490588	CERB_SKIP
sa_csmith_163.c	lean	NA	NA	NA	NA	CERB_SKIP
sa_csmith_164.c	oracle	0	0.05	0.04	48284	MATCH
sa_csmith_164.c	lean	0	0.10	0.09	83836	MATCH
sa_csmith_165.c	oracle	124	15.05	15.03	499180	CERB_SKIP
sa_csmith_165.c	lean	NA	NA	NA	NA	CERB_SKIP
sa_csmith_166.c	oracle	0	0.06	0.05	48312	MATCH
sa_csmith_166.c	lean	0	0.09	0.09	83412	MATCH
sa_csmith_167.c	oracle	0	0.07	0.06	47300	MATCH
sa_csmith_167.c	lean	0	0.10	0.10	82960	MATCH
sa_csmith_168.c	oracle	0	0.14	0.14	67076	MATCH
sa_csmith_168.c	lean	0	0.29	0.29	113796	MATCH
sa_csmith_169.c	oracle	124	15.05	15.03	497664	CERB_SKIP
sa_csmith_169.c	lean	NA	NA	NA	NA	CERB_SKIP
sa_csmith_17.c	oracle	124	15.04	15.02	461532	CERB_SKIP
sa_csmith_17.c	lean	NA	NA	NA	NA	CERB_SKIP
sa_csmith_170.c	oracle	0	0.06	0.05	47848	MATCH
sa_csmith_170.c	lean	0	0.09	0.08	81540	MATCH
sa_csmith_171.c	oracle	0	0.07	0.06	48224	MATCH
sa_csmith_171.c	lean	0	0.10	0.10	83904	MATCH
sa_csmith_172.c	oracle	0	0.12	0.11	57168	MATCH
sa_csmith_172.c	lean	0	0.24	0.23	102944	MATCH
sa_csmith_173.c	oracle	0	0.16	0.16	62512	MATCH
sa_csmith_173.c	lean	0	0.32	0.32	107616	MATCH
sa_csmith_174.c	oracle	0	0.48	0.48	61756	MATCH
sa_csmith_174.c	lean	0	1.42	1.42	86832	MATCH
sa_csmith_175.c	oracle	124	15.05	15.02	433912	CERB_SKIP
sa_csmith_175.c	lean	NA	NA	NA	NA	CERB_SKIP
sa_csmith_176.c	oracle	0	0.13	0.13	62736	MATCH
sa_csmith_176.c	lean	0	0.28	0.28	105436	MATCH
sa_csmith_177.c	oracle	124	15.03	15.01	315252	CERB_SKIP
sa_csmith_177.c	lean	NA	NA	NA	NA	CERB_SKIP
sa_csmith_178.c	oracle	0	0.05	0.04	47660	MATCH
sa_csmith_178.c	lean	0	0.08	0.08	83516	MATCH
sa_csmith_179.c	oracle	124	15.04	15.04	620764	CERB_SKIP
sa_csmith_179.c	lean	NA	NA	NA	NA	CERB_SKIP
sa_csmith_18.c	oracle	124	15.04	15.04	643364	CERB_SKIP
sa_csmith_18.c	lean	NA	NA	NA	NA	CERB_SKIP
sa_csmith_180.c	oracle	0	0.48	0.47	80876	MATCH
sa_csmith_180.c	lean	0	1.25	1.25	114588	MATCH
sa_csmith_181.c	oracle	124	15.03	15.02	480632	CERB_SKIP
sa_csmith_181.c	lean	NA	NA	NA	NA	CERB_SKIP
sa_csmith_182.c	oracle	0	0.39	0.38	78224	MATCH
sa_csmith_182.c	lean	0	1.02	1.02	109900	MATCH
sa_csmith_183.c	oracle	0	0.55	0.54	88780	MATCH
sa_csmith_183.c	lean	0	1.37	1.37	124376	MATCH
sa_csmith_184.c	oracle	124	15.04	15.03	588960	CERB_SKIP
sa_csmith_184.c	lean	NA	NA	NA	NA	CERB_SKIP
sa_csmith_185.c	oracle	124	15.03	15.02	481980	CERB_SKIP
sa_csmith_185.c	lean	NA	NA	NA	NA	CERB_SKIP
sa_csmith_186.c	oracle	124	15.05	15.04	583024	CERB_SKIP
sa_csmith_186.c	lean	NA	NA	NA	NA	CERB_SKIP
sa_csmith_187.c	oracle	124	15.05	15.04	638604	CERB_SKIP
sa_csmith_187.c	lean	NA	NA	NA	NA	CERB_SKIP
sa_csmith_188.c	oracle	124	15.04	15.04	610732	CERB_SKIP
sa_csmith_188.c	lean	NA	NA	NA	NA	CERB_SKIP
sa_csmith_189.c	oracle	0	0.05	0.04	48688	MATCH
sa_csmith_189.c	lean	0	0.08	0.07	83584	MATCH
sa_csmith_19.c	oracle	0	0.09	0.09	63936	MATCH
sa_csmith_19.c	lean	0	0.21	0.20	106776	MATCH
sa_csmith_190.c	oracle	124	15.04	14.66	557036	CERB_SKIP
sa_csmith_190.c	lean	NA	NA	NA	NA	CERB_SKIP
sa_csmith_191.c	oracle	0	0.04	0.04	48424	MATCH
sa_csmith_191.c	lean	0	0.07	0.06	84264	MATCH
sa_csmith_192.c	oracle	0	0.05	0.04	49428	MATCH
sa_csmith_192.c	lean	0	0.08	0.07	85016	MATCH
sa_csmith_193.c	oracle	0	0.05	0.04	47528	MATCH
sa_csmith_193.c	lean	0	0.07	0.06	83292	MATCH
sa_csmith_194.c	oracle	124	15.04	14.99	568348	CERB_SKIP
sa_csmith_194.c	lean	NA	NA	NA	NA	CERB_SKIP
sa_csmith_195.c	oracle	0	0.10	0.09	61772	MATCH
sa_csmith_195.c	lean	0	0.21	0.20	103080	MATCH
sa_csmith_196.c	oracle	0	0.04	0.04	49476	MATCH
sa_csmith_196.c	lean	0	0.07	0.06	84520	MATCH
sa_csmith_197.c	oracle	0	6.43	6.42	295528	TIMEOUT
sa_csmith_197.c	lean	124	15.00	15.00	259396	TIMEOUT
sa_csmith_198.c	oracle	0	0.04	0.03	48992	MATCH
sa_csmith_198.c	lean	0	0.06	0.06	83528	MATCH
sa_csmith_199.c	oracle	124	15.04	15.03	598028	CERB_SKIP
sa_csmith_199.c	lean	NA	NA	NA	NA	CERB_SKIP
sa_csmith_20.c	oracle	124	15.05	15.04	655320	CERB_SKIP
sa_csmith_20.c	lean	NA	NA	NA	NA	CERB_SKIP
sa_csmith_200.c	oracle	124	15.05	15.04	619744	CERB_SKIP
sa_csmith_200.c	lean	NA	NA	NA	NA	CERB_SKIP
sa_csmith_201.c	oracle	0	0.04	0.03	48576	MATCH
sa_csmith_201.c	lean	0	0.06	0.06	84692	MATCH
sa_csmith_202.c	oracle	124	15.05	15.04	648100	CERB_SKIP
sa_csmith_202.c	lean	NA	NA	NA	NA	CERB_SKIP
sa_csmith_203.c	oracle	124	15.03	15.03	470216	CERB_SKIP
sa_csmith_203.c	lean	NA	NA	NA	NA	CERB_SKIP
sa_csmith_204.c	oracle	124	15.05	15.01	597192	CERB_SKIP
sa_csmith_204.c	lean	NA	NA	NA	NA	CERB_SKIP
sa_csmith_205.c	oracle	124	15.05	15.04	606192	CERB_SKIP
sa_csmith_205.c	lean	NA	NA	NA	NA	CERB_SKIP
sa_csmith_206.c	oracle	124	15.05	15.03	601032	CERB_SKIP
sa_csmith_206.c	lean	NA	NA	NA	NA	CERB_SKIP
sa_csmith_207.c	oracle	0	0.05	0.05	48836	MATCH
sa_csmith_207.c	lean	0	0.09	0.08	85692	MATCH
sa_csmith_208.c	oracle	124	15.04	15.03	562000	CERB_SKIP
sa_csmith_208.c	lean	NA	NA	NA	NA	CERB_SKIP
sa_csmith_209.c	oracle	0	0.04	0.04	48380	MATCH
sa_csmith_209.c	lean	0	0.07	0.07	86520	MATCH
sa_csmith_21.c	oracle	0	0.05	0.04	48344	MATCH
sa_csmith_21.c	lean	0	0.07	0.06	83356	MATCH
sa_csmith_210.c	oracle	124	15.05	15.04	642688	CERB_SKIP
sa_csmith_210.c	lean	NA	NA	NA	NA	CERB_SKIP
sa_csmith_211.c	oracle	124	15.05	15.04	649228	CERB_SKIP
sa_csmith_211.c	lean	NA	NA	NA	NA	CERB_SKIP
sa_csmith_212.c	oracle	0	0.04	0.04	48048	MATCH
sa_csmith_212.c	lean	0	0.07	0.06	83452	MATCH
sa_csmith_213.c	oracle	0	0.05	0.04	49056	MATCH
sa_csmith_213.c	lean	0	0.08	0.08	85296	MATCH
sa_csmith_214.c	oracle	124	15.05	15.04	609296	CERB_SKIP
sa_csmith_214.c	lean	NA	NA	NA	NA	CERB_SKIP
sa_csmith_215.c	oracle	0	0.04	0.04	48132	MATCH
sa_csmith_215.c	lean	0	0.07	0.06	83016	MATCH
sa_csmith_216.c	oracle	124	15.05	15.04	617452	CERB_SKIP
sa_csmith_216.c	lean	NA	NA	NA	NA	CERB_SKIP
sa_csmith_217.c	oracle	124	15.05	15.04	650240	CERB_SKIP
sa_csmith_217.c	lean	NA	NA	NA	NA	CERB_SKIP
sa_csmith_218.c	oracle	0	0.16	0.16	74128	MATCH
sa_csmith_218.c	lean	0	0.41	0.41	117616	MATCH
sa_csmith_219.c	oracle	124	15.06	15.05	595040	CERB_SKIP
sa_csmith_219.c	lean	NA	NA	NA	NA	CERB_SKIP
sa_csmith_22.c	oracle	0	0.09	0.08	60336	MATCH
sa_csmith_22.c	lean	0	0.25	0.25	101084	MATCH
sa_csmith_220.c	oracle	124	15.04	15.02	330692	CERB_SKIP
sa_csmith_220.c	lean	NA	NA	NA	NA	CERB_SKIP
sa_csmith_221.c	oracle	0	0.07	0.06	48136	MATCH
sa_csmith_221.c	lean	0	0.10	0.09	83452	MATCH
sa_csmith_222.c	oracle	124	15.04	15.02	456008	CERB_SKIP
sa_csmith_222.c	lean	NA	NA	NA	NA	CERB_SKIP
sa_csmith_223.c	oracle	0	0.11	0.10	60012	MATCH
sa_csmith_223.c	lean	0	0.18	0.18	101396	MATCH
sa_csmith_224.c	oracle	124	15.04	15.03	482048	CERB_SKIP
sa_csmith_224.c	lean	NA	NA	NA	NA	CERB_SKIP
sa_csmith_225.c	oracle	0	0.05	0.04	48332	MATCH
sa_csmith_225.c	lean	0	0.09	0.08	82292	MATCH
sa_csmith_226.c	oracle	124	15.03	15.02	343428	CERB_SKIP
sa_csmith_226.c	lean	NA	NA	NA	NA	CERB_SKIP
sa_csmith_227.c	oracle	124	15.04	15.03	447160	CERB_SKIP
sa_csmith_227.c	lean	NA	NA	NA	NA	CERB_SKIP
sa_csmith_228.c	oracle	0	0.05	0.05	49004	MATCH
sa_csmith_228.c	lean	0	0.09	0.09	83184	MATCH
sa_csmith_229.c	oracle	124	15.05	15.04	451264	CERB_SKIP
sa_csmith_229.c	lean	NA	NA	NA	NA	CERB_SKIP
sa_csmith_23.c	oracle	0	0.06	0.06	48140	MATCH
sa_csmith_23.c	lean	0	0.09	0.09	83344	MATCH
sa_csmith_230.c	oracle	0	0.06	0.06	48868	MATCH
sa_csmith_230.c	lean	0	0.10	0.09	83304	MATCH
sa_csmith_231.c	oracle	124	15.02	15.00	260748	CERB_SKIP
sa_csmith_231.c	lean	NA	NA	NA	NA	CERB_SKIP
sa_csmith_232.c	oracle	124	15.05	15.03	496564	CERB_SKIP
sa_csmith_232.c	lean	NA	NA	NA	NA	CERB_SKIP
sa_csmith_233.c	oracle	124	15.06	15.04	512924	CERB_SKIP
sa_csmith_233.c	lean	NA	NA	NA	NA	CERB_SKIP
sa_csmith_234.c	oracle	0	0.10	0.10	61160	MATCH
sa_csmith_234.c	lean	0	0.24	0.23	103896	MATCH
sa_csmith_235.c	oracle	124	15.05	15.04	529252	CERB_SKIP
sa_csmith_235.c	lean	NA	NA	NA	NA	CERB_SKIP
sa_csmith_236.c	oracle	124	15.05	15.05	504092	CERB_SKIP
sa_csmith_236.c	lean	NA	NA	NA	NA	CERB_SKIP
sa_csmith_237.c	oracle	124	15.05	15.03	471056	CERB_SKIP
sa_csmith_237.c	lean	NA	NA	NA	NA	CERB_SKIP
sa_csmith_238.c	oracle	124	15.05	15.04	488780	CERB_SKIP
sa_csmith_238.c	lean	NA	NA	NA	NA	CERB_SKIP
sa_csmith_239.c	oracle	0	0.19	0.18	65496	MATCH
sa_csmith_239.c	lean	0	0.45	0.45	105712	MATCH
sa_csmith_24.c	oracle	124	15.04	15.02	388832	CERB_SKIP
sa_csmith_24.c	lean	NA	NA	NA	NA	CERB_SKIP
sa_csmith_240.c	oracle	0	0.05	0.04	48288	MATCH
sa_csmith_240.c	lean	0	0.08	0.07	83056	MATCH
sa_csmith_241.c	oracle	0	0.05	0.04	48428	MATCH
sa_csmith_241.c	lean	0	0.09	0.08	82644	MATCH
sa_csmith_242.c	oracle	0	0.12	0.12	64016	MATCH
sa_csmith_242.c	lean	0	0.26	0.25	108068	MATCH
sa_csmith_243.c	oracle	0	0.05	0.05	48524	MATCH
sa_csmith_243.c	lean	0	0.09	0.08	82904	MATCH
sa_csmith_244.c	oracle	124	15.05	15.03	509252	CERB_SKIP
sa_csmith_244.c	lean	NA	NA	NA	NA	CERB_SKIP
sa_csmith_245.c	oracle	0	0.05	0.05	48652	MATCH
sa_csmith_245.c	lean	0	0.09	0.08	82800	MATCH
sa_csmith_246.c	oracle	124	15.04	15.04	474700	CERB_SKIP
sa_csmith_246.c	lean	NA	NA	NA	NA	CERB_SKIP
sa_csmith_247.c	oracle	0	0.14	0.13	72052	MATCH
sa_csmith_247.c	lean	0	0.37	0.36	118072	MATCH
sa_csmith_248.c	oracle	124	15.04	15.02	455284	CERB_SKIP
sa_csmith_248.c	lean	NA	NA	NA	NA	CERB_SKIP
sa_csmith_249.c	oracle	0	0.13	0.12	67120	MATCH
sa_csmith_249.c	lean	0	0.29	0.29	111668	MATCH
sa_csmith_25.c	oracle	0	0.62	0.62	80568	MATCH
sa_csmith_25.c	lean	0	1.60	1.60	114628	MATCH
sa_csmith_250.c	oracle	0	0.05	0.04	47736	MATCH
sa_csmith_250.c	lean	0	0.08	0.07	82852	MATCH
sa_csmith_251.c	oracle	124	15.06	15.04	471752	CERB_SKIP
sa_csmith_251.c	lean	NA	NA	NA	NA	CERB_SKIP
sa_csmith_252.c	oracle	124	15.05	15.03	447656	CERB_SKIP
sa_csmith_252.c	lean	NA	NA	NA	NA	CERB_SKIP
sa_csmith_253.c	oracle	124	15.05	15.04	480256	CERB_SKIP
sa_csmith_253.c	lean	NA	NA	NA	NA	CERB_SKIP
sa_csmith_254.c	oracle	0	0.06	0.05	48308	MATCH
sa_csmith_254.c	lean	0	0.09	0.09	83456	MATCH
sa_csmith_255.c	oracle	124	15.05	15.03	614140	CERB_SKIP
sa_csmith_255.c	lean	NA	NA	NA	NA	CERB_SKIP
sa_csmith_256.c	oracle	124	15.05	15.04	669580	CERB_SKIP
sa_csmith_256.c	lean	NA	NA	NA	NA	CERB_SKIP
sa_csmith_257.c	oracle	124	15.04	15.03	512208	CERB_SKIP
sa_csmith_257.c	lean	NA	NA	NA	NA	CERB_SKIP
sa_csmith_258.c	oracle	124	15.05	15.04	650408	CERB_SKIP
sa_csmith_258.c	lean	NA	NA	NA	NA	CERB_SKIP
sa_csmith_259.c	oracle	124	15.04	15.04	589740	CERB_SKIP
sa_csmith_259.c	lean	NA	NA	NA	NA	CERB_SKIP
sa_csmith_26.c	oracle	124	15.04	15.03	555676	CERB_SKIP
sa_csmith_26.c	lean	NA	NA	NA	NA	CERB_SKIP
sa_csmith_260.c	oracle	124	15.05	15.04	641472	CERB_SKIP
sa_csmith_260.c	lean	NA	NA	NA	NA	CERB_SKIP
sa_csmith_261.c	oracle	0	0.04	0.04	48844	MATCH
sa_csmith_261.c	lean	0	0.07	0.06	81176	MATCH
sa_csmith_262.c	oracle	0	0.11	0.11	65968	MATCH
sa_csmith_262.c	lean	0	0.25	0.25	110548	MATCH
sa_csmith_263.c	oracle	0	0.04	0.04	48968	MATCH
sa_csmith_263.c	lean	0	0.07	0.07	83704	MATCH
sa_csmith_264.c	oracle	124	15.05	15.04	608628	CERB_SKIP
sa_csmith_264.c	lean	NA	NA	NA	NA	CERB_SKIP
sa_csmith_265.c	oracle	124	15.05	15.04	618888	CERB_SKIP
sa_csmith_265.c	lean	NA	NA	NA	NA	CERB_SKIP
sa_csmith_266.c	oracle	0	0.05	0.04	48696	MATCH
sa_csmith_266.c	lean	0	0.08	0.08	82816	MATCH
sa_csmith_267.c	oracle	124	15.03	14.73	470904	CERB_SKIP
sa_csmith_267.c	lean	NA	NA	NA	NA	CERB_SKIP
sa_csmith_268.c	oracle	0	0.07	0.07	56728	MATCH
sa_csmith_268.c	lean	0	0.13	0.13	95164	MATCH
sa_csmith_269.c	oracle	124	15.02	15.01	278612	CERB_SKIP
sa_csmith_269.c	lean	NA	NA	NA	NA	CERB_SKIP
sa_csmith_27.c	oracle	124	15.05	15.03	666628	CERB_SKIP
sa_csmith_27.c	lean	NA	NA	NA	NA	CERB_SKIP
sa_csmith_270.c	oracle	0	0.05	0.04	50048	MATCH
sa_csmith_270.c	lean	0	0.08	0.07	86104	MATCH
sa_csmith_271.c	oracle	0	0.08	0.08	63120	MATCH
sa_csmith_271.c	lean	0	0.18	0.17	105156	MATCH
sa_csmith_272.c	oracle	0	1.86	1.85	118528	MATCH
sa_csmith_272.c	lean	0	5.41	5.40	132408	MATCH
sa_csmith_273.c	oracle	0	0.04	0.03	48168	MATCH
sa_csmith_273.c	lean	0	0.07	0.06	83308	MATCH
sa_csmith_274.c	oracle	0	0.04	0.04	48484	MATCH
sa_csmith_274.c	lean	0	0.07	0.06	84448	MATCH
sa_csmith_275.c	oracle	124	15.05	15.04	662368	CERB_SKIP
sa_csmith_275.c	lean	NA	NA	NA	NA	CERB_SKIP
sa_csmith_276.c	oracle	124	15.05	15.04	654408	CERB_SKIP
sa_csmith_276.c	lean	NA	NA	NA	NA	CERB_SKIP
sa_csmith_277.c	oracle	0	0.05	0.04	49616	MATCH
sa_csmith_277.c	lean	0	0.08	0.07	84876	MATCH
sa_csmith_278.c	oracle	0	0.04	0.04	48660	MATCH
sa_csmith_278.c	lean	0	0.07	0.06	84128	MATCH
sa_csmith_279.c	oracle	0	0.04	0.04	49208	MATCH
sa_csmith_279.c	lean	0	0.08	0.08	83132	MATCH
sa_csmith_28.c	oracle	0	0.08	0.07	60708	MATCH
sa_csmith_28.c	lean	0	0.16	0.15	101928	MATCH
sa_csmith_280.c	oracle	124	15.04	15.03	570792	CERB_SKIP
sa_csmith_280.c	lean	NA	NA	NA	NA	CERB_SKIP
sa_csmith_281.c	oracle	124	15.04	15.03	619656	CERB_SKIP
sa_csmith_281.c	lean	NA	NA	NA	NA	CERB_SKIP
sa_csmith_282.c	oracle	124	15.03	15.02	420052	CERB_SKIP
sa_csmith_282.c	lean	NA	NA	NA	NA	CERB_SKIP
sa_csmith_283.c	oracle	0	0.04	0.04	48348	MATCH
sa_csmith_283.c	lean	0	0.06	0.05	84356	MATCH
sa_csmith_284.c	oracle	124	15.03	15.03	487560	CERB_SKIP
sa_csmith_284.c	lean	NA	NA	NA	NA	CERB_SKIP
sa_csmith_285.c	oracle	0	0.04	0.03	48808	MATCH
sa_csmith_285.c	lean	0	0.06	0.05	83128	MATCH
sa_csmith_286.c	oracle	124	15.05	15.04	656736	CERB_SKIP
sa_csmith_286.c	lean	NA	NA	NA	NA	CERB_SKIP
sa_csmith_287.c	oracle	0	0.08	0.08	65216	MATCH
sa_csmith_287.c	lean	0	0.18	0.17	108408	MATCH
sa_csmith_288.c	oracle	0	0.04	0.03	48636	MATCH
sa_csmith_288.c	lean	0	0.06	0.06	83148	MATCH
sa_csmith_289.c	oracle	124	15.05	15.04	653804	CERB_SKIP
sa_csmith_289.c	lean	NA	NA	NA	NA	CERB_SKIP
sa_csmith_29.c	oracle	0	2.71	2.70	174728	MATCH
sa_csmith_29.c	lean	0	7.24	7.24	186780	MATCH
sa_csmith_290.c	oracle	124	15.05	15.04	702128	CERB_SKIP
sa_csmith_290.c	lean	NA	NA	NA	NA	CERB_SKIP
sa_csmith_291.c	oracle	124	15.04	15.04	574900	CERB_SKIP
sa_csmith_291.c	lean	NA	NA	NA	NA	CERB_SKIP
sa_csmith_292.c	oracle	124	15.04	14.92	477924	CERB_SKIP
sa_csmith_292.c	lean	NA	NA	NA	NA	CERB_SKIP
sa_csmith_293.c	oracle	0	0.10	0.09	64312	MATCH
sa_csmith_293.c	lean	0	0.22	0.21	105500	MATCH
sa_csmith_294.c	oracle	0	0.10	0.10	67512	MATCH
sa_csmith_294.c	lean	0	0.24	0.23	110060	MATCH
sa_csmith_295.c	oracle	0	0.07	0.07	59160	MATCH
sa_csmith_295.c	lean	0	0.16	0.15	100932	MATCH
sa_csmith_296.c	oracle	124	15.05	15.04	619352	CERB_SKIP
sa_csmith_296.c	lean	NA	NA	NA	NA	CERB_SKIP
sa_csmith_297.c	oracle	124	15.05	15.04	617956	CERB_SKIP
sa_csmith_297.c	lean	NA	NA	NA	NA	CERB_SKIP
sa_csmith_298.c	oracle	124	15.04	15.03	609068	CERB_SKIP
sa_csmith_298.c	lean	NA	NA	NA	NA	CERB_SKIP
sa_csmith_299.c	oracle	0	1.79	1.78	133544	MATCH
sa_csmith_299.c	lean	0	4.66	4.65	154348	MATCH
sa_csmith_30.c	oracle	124	15.04	15.04	609440	CERB_SKIP
sa_csmith_30.c	lean	NA	NA	NA	NA	CERB_SKIP
sa_csmith_300.c	oracle	124	15.05	15.02	589684	CERB_SKIP
sa_csmith_300.c	lean	NA	NA	NA	NA	CERB_SKIP
sa_csmith_301.c	oracle	124	15.04	15.04	565224	CERB_SKIP
sa_csmith_301.c	lean	NA	NA	NA	NA	CERB_SKIP
sa_csmith_302.c	oracle	124	15.04	15.03	572936	CERB_SKIP
sa_csmith_302.c	lean	NA	NA	NA	NA	CERB_SKIP
sa_csmith_303.c	oracle	124	15.06	14.96	552224	CERB_SKIP
sa_csmith_303.c	lean	NA	NA	NA	NA	CERB_SKIP
sa_csmith_304.c	oracle	0	0.06	0.06	49740	MATCH
sa_csmith_304.c	lean	0	0.10	0.09	85392	MATCH
sa_csmith_305.c	oracle	0	0.07	0.06	48996	MATCH
sa_csmith_305.c	lean	0	0.11	0.11	83616	MATCH
sa_csmith_306.c	oracle	124	15.05	15.03	551444	CERB_SKIP
sa_csmith_306.c	lean	NA	NA	NA	NA	CERB_SKIP
sa_csmith_307.c	oracle	124	15.05	15.04	610156	CERB_SKIP
sa_csmith_307.c	lean	NA	NA	NA	NA	CERB_SKIP
sa_csmith_308.c	oracle	124	15.04	15.04	589488	CERB_SKIP
sa_csmith_308.c	lean	NA	NA	NA	NA	CERB_SKIP
sa_csmith_309.c	oracle	124	15.04	15.04	622420	CERB_SKIP
sa_csmith_309.c	lean	NA	NA	NA	NA	CERB_SKIP
sa_csmith_31.c	oracle	124	15.04	15.04	585072	CERB_SKIP
sa_csmith_31.c	lean	NA	NA	NA	NA	CERB_SKIP
sa_csmith_310.c	oracle	124	15.05	15.04	623016	CERB_SKIP
sa_csmith_310.c	lean	NA	NA	NA	NA	CERB_SKIP
sa_csmith_311.c	oracle	124	15.03	15.02	421504	CERB_SKIP
sa_csmith_311.c	lean	NA	NA	NA	NA	CERB_SKIP
sa_csmith_312.c	oracle	124	15.04	15.03	582336	CERB_SKIP
sa_csmith_312.c	lean	NA	NA	NA	NA	CERB_SKIP
sa_csmith_313.c	oracle	124	15.04	15.03	597092	CERB_SKIP
sa_csmith_313.c	lean	NA	NA	NA	NA	CERB_SKIP
sa_csmith_314.c	oracle	124	15.02	15.01	287116	CERB_SKIP
sa_csmith_314.c	lean	NA	NA	NA	NA	CERB_SKIP
sa_csmith_315.c	oracle	0	0.12	0.11	67072	MATCH
sa_csmith_315.c	lean	0	0.24	0.24	109680	MATCH
sa_csmith_316.c	oracle	124	15.03	15.03	508944	CERB_SKIP
sa_csmith_316.c	lean	NA	NA	NA	NA	CERB_SKIP
sa_csmith_317.c	oracle	0	0.11	0.10	67756	MATCH
sa_csmith_317.c	lean	0	0.27	0.27	109024	MATCH
sa_csmith_318.c	oracle	124	15.04	15.04	655476	CERB_SKIP
sa_csmith_318.c	lean	NA	NA	NA	NA	CERB_SKIP
sa_csmith_319.c	oracle	124	15.04	15.03	611636	CERB_SKIP
sa_csmith_319.c	lean	NA	NA	NA	NA	CERB_SKIP
sa_csmith_32.c	oracle	0	0.08	0.07	62060	MATCH
sa_csmith_32.c	lean	0	0.15	0.14	104652	MATCH
sa_csmith_320.c	oracle	124	15.04	15.03	556412	CERB_SKIP
sa_csmith_320.c	lean	NA	NA	NA	NA	CERB_SKIP
sa_csmith_321.c	oracle	0	0.04	0.04	48368	MATCH
sa_csmith_321.c	lean	0	0.08	0.07	82420	MATCH
sa_csmith_322.c	oracle	124	15.03	15.03	531404	CERB_SKIP
sa_csmith_322.c	lean	NA	NA	NA	NA	CERB_SKIP
sa_csmith_323.c	oracle	124	15.03	15.03	571896	CERB_SKIP
sa_csmith_323.c	lean	NA	NA	NA	NA	CERB_SKIP
sa_csmith_324.c	oracle	0	0.10	0.10	66716	MATCH
sa_csmith_324.c	lean	0	0.25	0.24	109024	MATCH
sa_csmith_325.c	oracle	0	0.04	0.03	48468	MATCH
sa_csmith_325.c	lean	0	0.07	0.06	82664	MATCH
sa_csmith_326.c	oracle	0	0.04	0.03	48524	MATCH
sa_csmith_326.c	lean	0	0.07	0.06	83732	MATCH
sa_csmith_327.c	oracle	0	0.04	0.03	47644	MATCH
sa_csmith_327.c	lean	0	0.07	0.06	82632	MATCH
sa_csmith_328.c	oracle	0	0.04	0.03	47768	MATCH
sa_csmith_328.c	lean	0	0.06	0.06	82248	MATCH
sa_csmith_329.c	oracle	124	15.03	15.02	492200	CERB_SKIP
sa_csmith_329.c	lean	NA	NA	NA	NA	CERB_SKIP
sa_csmith_33.c	oracle	124	15.04	15.03	585144	CERB_SKIP
sa_csmith_33.c	lean	NA	NA	NA	NA	CERB_SKIP
sa_csmith_330.c	oracle	0	0.04	0.03	48144	MATCH
sa_csmith_330.c	lean	0	0.10	0.09	78884	MATCH
sa_csmith_331.c	oracle	124	15.05	15.04	572960	CERB_SKIP
sa_csmith_331.c	lean	NA	NA	NA	NA	CERB_SKIP
sa_csmith_332.c	oracle	124	15.05	15.04	566260	CERB_SKIP
sa_csmith_332.c	lean	NA	NA	NA	NA	CERB_SKIP
sa_csmith_333.c	oracle	124	15.04	15.03	570872	CERB_SKIP
sa_csmith_333.c	lean	NA	NA	NA	NA	CERB_SKIP
sa_csmith_334.c	oracle	124	15.02	15.01	284440	CERB_SKIP
sa_csmith_334.c	lean	NA	NA	NA	NA	CERB_SKIP
sa_csmith_335.c	oracle	124	15.05	15.05	632224	CERB_SKIP
sa_csmith_335.c	lean	NA	NA	NA	NA	CERB_SKIP
sa_csmith_336.c	oracle	0	0.09	0.08	61340	MATCH
sa_csmith_336.c	lean	0	0.20	0.20	101280	MATCH
sa_csmith_337.c	oracle	124	15.05	15.04	614640	CERB_SKIP
sa_csmith_337.c	lean	NA	NA	NA	NA	CERB_SKIP
sa_csmith_338.c	oracle	124	15.03	15.03	455832	CERB_SKIP
sa_csmith_338.c	lean	NA	NA	NA	NA	CERB_SKIP
sa_csmith_339.c	oracle	0	0.13	0.12	71124	MATCH
sa_csmith_339.c	lean	0	0.29	0.29	117264	MATCH
sa_csmith_34.c	oracle	124	15.05	15.04	640652	CERB_SKIP
sa_csmith_34.c	lean	NA	NA	NA	NA	CERB_SKIP
sa_csmith_340.c	oracle	124	15.04	15.03	544076	CERB_SKIP
sa_csmith_340.c	lean	NA	NA	NA	NA	CERB_SKIP
sa_csmith_341.c	oracle	124	15.02	15.02	285708	CERB_SKIP
sa_csmith_341.c	lean	NA	NA	NA	NA	CERB_SKIP
sa_csmith_342.c	oracle	0	2.78	2.77	161424	MATCH
sa_csmith_342.c	lean	0	7.31	7.31	173052	MATCH
sa_csmith_343.c	oracle	124	15.05	15.04	587928	CERB_SKIP
sa_csmith_343.c	lean	NA	NA	NA	NA	CERB_SKIP
sa_csmith_344.c	oracle	124	15.05	15.04	588752	CERB_SKIP
sa_csmith_344.c	lean	NA	NA	NA	NA	CERB_SKIP
sa_csmith_345.c	oracle	0	0.04	0.03	48040	MATCH
sa_csmith_345.c	lean	0	0.07	0.06	81072	MATCH
sa_csmith_346.c	oracle	124	15.05	15.04	613676	CERB_SKIP
sa_csmith_346.c	lean	NA	NA	NA	NA	CERB_SKIP
sa_csmith_347.c	oracle	0	0.05	0.04	49044	MATCH
sa_csmith_347.c	lean	0	0.07	0.07	81860	MATCH
sa_csmith_348.c	oracle	124	15.03	15.02	366124	CERB_SKIP
sa_csmith_348.c	lean	NA	NA	NA	NA	CERB_SKIP
sa_csmith_349.c	oracle	0	0.04	0.04	48516	MATCH
sa_csmith_349.c	lean	0	0.07	0.06	82084	MATCH
sa_csmith_35.c	oracle	0	0.05	0.04	48496	MATCH
sa_csmith_35.c	lean	0	0.07	0.06	83080	MATCH
sa_csmith_350.c	oracle	0	0.10	0.10	65848	MATCH
sa_csmith_350.c	lean	0	0.24	0.24	107308	MATCH
sa_csmith_351.c	oracle	124	15.05	15.04	603156	CERB_SKIP
sa_csmith_351.c	lean	NA	NA	NA	NA	CERB_SKIP
sa_csmith_352.c	oracle	0	0.08	0.08	62792	MATCH
sa_csmith_352.c	lean	0	0.18	0.18	105956	MATCH
sa_csmith_353.c	oracle	124	15.04	15.04	553520	CERB_SKIP
sa_csmith_353.c	lean	NA	NA	NA	NA	CERB_SKIP
sa_csmith_354.c	oracle	0	0.04	0.04	48384	MATCH
sa_csmith_354.c	lean	0	0.07	0.06	80904	MATCH
sa_csmith_355.c	oracle	124	15.04	15.03	538192	CERB_SKIP
sa_csmith_355.c	lean	NA	NA	NA	NA	CERB_SKIP
sa_csmith_356.c	oracle	0	0.04	0.04	48440	MATCH
sa_csmith_356.c	lean	0	0.07	0.06	83412	MATCH
sa_csmith_357.c	oracle	0	0.04	0.04	48548	MATCH
sa_csmith_357.c	lean	0	0.07	0.06	82520	MATCH
sa_csmith_358.c	oracle	0	0.10	0.09	65736	MATCH
sa_csmith_358.c	lean	0	0.24	0.23	108792	MATCH
sa_csmith_359.c	oracle	124	15.04	15.03	562792	CERB_SKIP
sa_csmith_359.c	lean	NA	NA	NA	NA	CERB_SKIP
sa_csmith_36.c	oracle	124	15.04	15.03	594576	CERB_SKIP
sa_csmith_36.c	lean	NA	NA	NA	NA	CERB_SKIP
sa_csmith_360.c	oracle	0	0.09	0.08	50272	MATCH
sa_csmith_360.c	lean	0	0.16	0.16	81648	MATCH
sa_csmith_361.c	oracle	124	15.04	15.03	582192	CERB_SKIP
sa_csmith_361.c	lean	NA	NA	NA	NA	CERB_SKIP
sa_csmith_362.c	oracle	124	15.05	15.04	662480	CERB_SKIP
sa_csmith_362.c	lean	NA	NA	NA	NA	CERB_SKIP
sa_csmith_363.c	oracle	124	15.05	15.04	660304	CERB_SKIP
sa_csmith_363.c	lean	NA	NA	NA	NA	CERB_SKIP
sa_csmith_364.c	oracle	124	15.04	15.03	600540	CERB_SKIP
sa_csmith_364.c	lean	NA	NA	NA	NA	CERB_SKIP
sa_csmith_365.c	oracle	124	15.05	15.04	637160	CERB_SKIP
sa_csmith_365.c	lean	NA	NA	NA	NA	CERB_SKIP
sa_csmith_366.c	oracle	124	15.05	15.05	642656	CERB_SKIP
sa_csmith_366.c	lean	NA	NA	NA	NA	CERB_SKIP
sa_csmith_367.c	oracle	0	0.04	0.03	48920	MATCH
sa_csmith_367.c	lean	0	0.07	0.06	82252	MATCH
sa_csmith_368.c	oracle	124	15.05	15.04	604428	CERB_SKIP
sa_csmith_368.c	lean	NA	NA	NA	NA	CERB_SKIP
sa_csmith_369.c	oracle	0	4.69	4.69	230908	MATCH
sa_csmith_369.c	lean	0	12.07	12.07	240568	MATCH
sa_csmith_37.c	oracle	124	15.05	15.05	657988	CERB_SKIP
sa_csmith_37.c	lean	NA	NA	NA	NA	CERB_SKIP
sa_csmith_370.c	oracle	124	15.05	15.05	618980	CERB_SKIP
sa_csmith_370.c	lean	NA	NA	NA	NA	CERB_SKIP
sa_csmith_371.c	oracle	0	3.80	3.79	203064	MATCH
sa_csmith_371.c	lean	0	10.06	10.06	209304	MATCH
sa_csmith_372.c	oracle	124	15.05	15.04	626480	CERB_SKIP
sa_csmith_372.c	lean	NA	NA	NA	NA	CERB_SKIP
sa_csmith_373.c	oracle	0	0.10	0.10	70004	MATCH
sa_csmith_373.c	lean	0	0.26	0.26	115420	MATCH
sa_csmith_374.c	oracle	124	15.05	15.04	660196	CERB_SKIP
sa_csmith_374.c	lean	NA	NA	NA	NA	CERB_SKIP
sa_csmith_375.c	oracle	124	15.03	15.03	431832	CERB_SKIP
sa_csmith_375.c	lean	NA	NA	NA	NA	CERB_SKIP
sa_csmith_376.c	oracle	0	0.42	0.41	79020	MATCH
sa_csmith_376.c	lean	0	1.08	1.07	114908	MATCH
sa_csmith_377.c	oracle	0	0.04	0.04	48040	MATCH
sa_csmith_377.c	lean	0	0.07	0.06	81672	MATCH
sa_csmith_378.c	oracle	124	15.05	15.04	617120	CERB_SKIP
sa_csmith_378.c	lean	NA	NA	NA	NA	CERB_SKIP
sa_csmith_379.c	oracle	124	15.02	15.02	320512	CERB_SKIP
sa_csmith_379.c	lean	NA	NA	NA	NA	CERB_SKIP
sa_csmith_38.c	oracle	124	15.05	15.04	629236	CERB_SKIP
sa_csmith_38.c	lean	NA	NA	NA	NA	CERB_SKIP
sa_csmith_380.c	oracle	0	0.04	0.04	48160	MATCH
sa_csmith_380.c	lean	0	0.08	0.07	82948	MATCH
sa_csmith_381.c	oracle	124	15.04	15.02	516756	CERB_SKIP
sa_csmith_381.c	lean	NA	NA	NA	NA	CERB_SKIP
sa_csmith_382.c	oracle	0	0.04	0.04	48680	MATCH
sa_csmith_382.c	lean	0	0.07	0.07	82300	MATCH
sa_csmith_383.c	oracle	124	15.05	15.04	598416	CERB_SKIP
sa_csmith_383.c	lean	NA	NA	NA	NA	CERB_SKIP
sa_csmith_384.c	oracle	124	15.05	15.04	597292	CERB_SKIP
sa_csmith_384.c	lean	NA	NA	NA	NA	CERB_SKIP
sa_csmith_385.c	oracle	0	0.04	0.04	48148	MATCH
sa_csmith_385.c	lean	0	0.07	0.06	82264	MATCH
sa_csmith_386.c	oracle	0	0.08	0.07	60728	MATCH
sa_csmith_386.c	lean	0	0.17	0.17	102432	MATCH
sa_csmith_387.c	oracle	0	0.10	0.09	67468	MATCH
sa_csmith_387.c	lean	0	0.24	0.23	110388	MATCH
sa_csmith_388.c	oracle	0	0.05	0.04	47848	MATCH
sa_csmith_388.c	lean	0	0.07	0.06	83400	MATCH
sa_csmith_389.c	oracle	124	15.04	15.04	580168	CERB_SKIP
sa_csmith_389.c	lean	NA	NA	NA	NA	CERB_SKIP
sa_csmith_39.c	oracle	124	15.05	15.04	616384	CERB_SKIP
sa_csmith_39.c	lean	NA	NA	NA	NA	CERB_SKIP
sa_csmith_390.c	oracle	0	0.04	0.04	48436	MATCH
sa_csmith_390.c	lean	0	0.07	0.06	82128	MATCH
sa_csmith_391.c	oracle	124	15.04	15.04	581820	CERB_SKIP
sa_csmith_391.c	lean	NA	NA	NA	NA	CERB_SKIP
sa_csmith_392.c	oracle	0	0.04	0.04	48532	MATCH
sa_csmith_392.c	lean	0	0.07	0.06	82416	MATCH
sa_csmith_393.c	oracle	124	15.04	15.04	599284	CERB_SKIP
sa_csmith_393.c	lean	NA	NA	NA	NA	CERB_SKIP
sa_csmith_394.c	oracle	0	0.04	0.03	48496	MATCH
sa_csmith_394.c	lean	0	0.07	0.06	82372	MATCH
sa_csmith_395.c	oracle	124	15.05	15.04	611520	CERB_SKIP
sa_csmith_395.c	lean	NA	NA	NA	NA	CERB_SKIP
sa_csmith_396.c	oracle	0	0.08	0.08	59500	MATCH
sa_csmith_396.c	lean	0	0.19	0.18	100416	MATCH
sa_csmith_397.c	oracle	0	0.09	0.09	63948	MATCH
sa_csmith_397.c	lean	0	0.21	0.20	104612	MATCH
sa_csmith_398.c	oracle	0	0.04	0.04	48748	MATCH
sa_csmith_398.c	lean	0	0.07	0.07	82476	MATCH
sa_csmith_399.c	oracle	124	15.05	15.04	624164	CERB_SKIP
sa_csmith_399.c	lean	NA	NA	NA	NA	CERB_SKIP
sa_csmith_40.c	oracle	0	0.04	0.04	48416	MATCH
sa_csmith_40.c	lean	0	0.07	0.06	82392	MATCH
sa_csmith_400.c	oracle	124	15.05	15.04	625828	CERB_SKIP
sa_csmith_400.c	lean	NA	NA	NA	NA	CERB_SKIP
sa_csmith_401.c	oracle	124	15.05	15.03	501784	CERB_SKIP
sa_csmith_401.c	lean	NA	NA	NA	NA	CERB_SKIP
sa_csmith_402.c	oracle	124	15.05	15.03	489048	CERB_SKIP
sa_csmith_402.c	lean	NA	NA	NA	NA	CERB_SKIP
sa_csmith_403.c	oracle	0	0.08	0.08	49644	MATCH
sa_csmith_403.c	lean	0	0.16	0.15	84104	MATCH
sa_csmith_404.c	oracle	124	15.04	15.04	504700	CERB_SKIP
sa_csmith_404.c	lean	NA	NA	NA	NA	CERB_SKIP
sa_csmith_405.c	oracle	124	15.04	15.03	524152	CERB_SKIP
sa_csmith_405.c	lean	NA	NA	NA	NA	CERB_SKIP
sa_csmith_406.c	oracle	0	0.05	0.04	48664	MATCH
sa_csmith_406.c	lean	0	0.09	0.08	82224	MATCH
sa_csmith_407.c	oracle	0	0.05	0.04	48160	MATCH
sa_csmith_407.c	lean	0	0.09	0.08	82684	MATCH
sa_csmith_408.c	oracle	0	0.05	0.05	47920	MATCH
sa_csmith_408.c	lean	0	0.10	0.09	80220	MATCH
sa_csmith_409.c	oracle	0	0.10	0.10	62532	MATCH
sa_csmith_409.c	lean	0	0.26	0.25	105132	MATCH
sa_csmith_41.c	oracle	124	15.05	15.04	506284	CERB_SKIP
sa_csmith_41.c	lean	NA	NA	NA	NA	CERB_SKIP
sa_csmith_410.c	oracle	124	15.05	15.04	497148	CERB_SKIP
sa_csmith_410.c	lean	NA	NA	NA	NA	CERB_SKIP
sa_csmith_411.c	oracle	124	15.04	15.04	521668	CERB_SKIP
sa_csmith_411.c	lean	NA	NA	NA	NA	CERB_SKIP
sa_csmith_412.c	oracle	124	15.04	15.02	462648	CERB_SKIP
sa_csmith_412.c	lean	NA	NA	NA	NA	CERB_SKIP
sa_csmith_413.c	oracle	124	15.05	15.04	508668	CERB_SKIP
sa_csmith_413.c	lean	NA	NA	NA	NA	CERB_SKIP
sa_csmith_414.c	oracle	124	15.02	15.02	297336	CERB_SKIP
sa_csmith_414.c	lean	NA	NA	NA	NA	CERB_SKIP
sa_csmith_415.c	oracle	124	15.05	15.03	485188	CERB_SKIP
sa_csmith_415.c	lean	NA	NA	NA	NA	CERB_SKIP
sa_csmith_416.c	oracle	124	15.04	15.03	437280	CERB_SKIP
sa_csmith_416.c	lean	NA	NA	NA	NA	CERB_SKIP
sa_csmith_417.c	oracle	0	0.10	0.09	58460	MATCH
sa_csmith_417.c	lean	0	0.20	0.20	100928	MATCH
sa_csmith_418.c	oracle	124	15.05	15.03	464520	CERB_SKIP
sa_csmith_418.c	lean	NA	NA	NA	NA	CERB_SKIP
sa_csmith_419.c	oracle	0	7.72	7.72	281880	TIMEOUT
sa_csmith_419.c	lean	124	15.01	15.00	221064	TIMEOUT
sa_csmith_42.c	oracle	0	0.10	0.10	61648	MATCH
sa_csmith_42.c	lean	0	0.19	0.19	102936	MATCH
sa_csmith_420.c	oracle	124	15.07	14.99	497860	CERB_SKIP
sa_csmith_420.c	lean	NA	NA	NA	NA	CERB_SKIP
sa_csmith_421.c	oracle	124	15.04	14.96	394140	CERB_SKIP
sa_csmith_421.c	lean	NA	NA	NA	NA	CERB_SKIP
sa_csmith_422.c	oracle	0	0.05	0.05	48332	MATCH
sa_csmith_422.c	lean	0	0.08	0.08	83268	MATCH
sa_csmith_423.c	oracle	124	15.05	15.04	476468	CERB_SKIP
sa_csmith_423.c	lean	NA	NA	NA	NA	CERB_SKIP
sa_csmith_424.c	oracle	0	0.06	0.05	48824	MATCH
sa_csmith_424.c	lean	0	0.11	0.10	83280	MATCH
sa_csmith_425.c	oracle	124	15.05	15.04	475012	CERB_SKIP
sa_csmith_425.c	lean	NA	NA	NA	NA	CERB_SKIP
sa_csmith_426.c	oracle	0	0.12	0.11	60964	MATCH
sa_csmith_426.c	lean	0	0.27	0.27	103304	MATCH
sa_csmith_427.c	oracle	124	15.05	15.04	489040	CERB_SKIP
sa_csmith_427.c	lean	NA	NA	NA	NA	CERB_SKIP
sa_csmith_428.c	oracle	124	15.04	15.03	519748	CERB_SKIP
sa_csmith_428.c	lean	NA	NA	NA	NA	CERB_SKIP
sa_csmith_429.c	oracle	124	15.05	15.04	668188	CERB_SKIP
sa_csmith_429.c	lean	NA	NA	NA	NA	CERB_SKIP
sa_csmith_43.c	oracle	124	15.03	15.02	355592	CERB_SKIP
sa_csmith_43.c	lean	NA	NA	NA	NA	CERB_SKIP
sa_csmith_430.c	oracle	0	0.04	0.04	48080	MATCH
sa_csmith_430.c	lean	0	0.07	0.07	82784	MATCH
sa_csmith_431.c	oracle	0	0.07	0.06	55708	MATCH
sa_csmith_431.c	lean	0	0.12	0.11	100744	MATCH
sa_csmith_432.c	oracle	124	15.04	15.03	571988	CERB_SKIP
sa_csmith_432.c	lean	NA	NA	NA	NA	CERB_SKIP
sa_csmith_433.c	oracle	124	15.04	15.03	578424	CERB_SKIP
sa_csmith_433.c	lean	NA	NA	NA	NA	CERB_SKIP
sa_csmith_434.c	oracle	0	0.04	0.03	48764	MATCH
sa_csmith_434.c	lean	0	0.07	0.06	83268	MATCH
sa_csmith_435.c	oracle	0	6.74	6.73	258012	TIMEOUT
sa_csmith_435.c	lean	124	15.01	15.00	179892	TIMEOUT
sa_csmith_436.c	oracle	124	15.04	15.03	586224	CERB_SKIP
sa_csmith_436.c	lean	NA	NA	NA	NA	CERB_SKIP
sa_csmith_437.c	oracle	124	15.04	15.04	579520	CERB_SKIP
sa_csmith_437.c	lean	NA	NA	NA	NA	CERB_SKIP
sa_csmith_438.c	oracle	124	15.05	15.03	591376	CERB_SKIP
sa_csmith_438.c	lean	NA	NA	NA	NA	CERB_SKIP
sa_csmith_439.c	oracle	0	0.10	0.10	61344	MATCH
sa_csmith_439.c	lean	0	0.25	0.24	100352	MATCH
sa_csmith_44.c	oracle	0	0.05	0.05	51824	MATCH
sa_csmith_44.c	lean	0	0.11	0.11	87216	MATCH
sa_csmith_440.c	oracle	0	0.04	0.04	48336	MATCH
sa_csmith_440.c	lean	0	0.08	0.07	81688	MATCH
sa_csmith_441.c	oracle	0	0.04	0.04	48584	MATCH
sa_csmith_441.c	lean	0	0.07	0.06	81532	MATCH
sa_csmith_442.c	oracle	124	15.04	14.78	595976	CERB_SKIP
sa_csmith_442.c	lean	NA	NA	NA	NA	CERB_SKIP
sa_csmith_443.c	oracle	124	15.04	15.04	606724	CERB_SKIP
sa_csmith_443.c	lean	NA	NA	NA	NA	CERB_SKIP
sa_csmith_444.c	oracle	0	0.04	0.04	48400	MATCH
sa_csmith_444.c	lean	0	0.07	0.06	82936	MATCH
sa_csmith_445.c	oracle	124	15.05	15.04	622792	CERB_SKIP
sa_csmith_445.c	lean	NA	NA	NA	NA	CERB_SKIP
sa_csmith_446.c	oracle	124	15.04	15.03	624336	CERB_SKIP
sa_csmith_446.c	lean	NA	NA	NA	NA	CERB_SKIP
sa_csmith_447.c	oracle	0	0.04	0.03	49636	MATCH
sa_csmith_447.c	lean	0	0.07	0.06	82136	MATCH
sa_csmith_448.c	oracle	124	15.04	15.03	646168	CERB_SKIP
sa_csmith_448.c	lean	NA	NA	NA	NA	CERB_SKIP
sa_csmith_449.c	oracle	124	15.05	15.04	640596	CERB_SKIP
sa_csmith_449.c	lean	NA	NA	NA	NA	CERB_SKIP
sa_csmith_45.c	oracle	0	0.04	0.03	48940	MATCH
sa_csmith_45.c	lean	0	0.07	0.06	82276	MATCH
sa_csmith_450.c	oracle	0	0.10	0.10	69356	MATCH
sa_csmith_450.c	lean	0	0.26	0.25	112904	MATCH
sa_csmith_451.c	oracle	0	0.04	0.04	48380	MATCH
sa_csmith_451.c	lean	0	0.06	0.06	82860	MATCH
sa_csmith_452.c	oracle	0	0.10	0.09	68176	MATCH
sa_csmith_452.c	lean	0	0.22	0.21	110544	MATCH
sa_csmith_453.c	oracle	124	15.04	15.04	614896	CERB_SKIP
sa_csmith_453.c	lean	NA	NA	NA	NA	CERB_SKIP
sa_csmith_454.c	oracle	124	15.05	15.04	680480	CERB_SKIP
sa_csmith_454.c	lean	NA	NA	NA	NA	CERB_SKIP
sa_csmith_455.c	oracle	124	15.04	15.04	643400	CERB_SKIP
sa_csmith_455.c	lean	NA	NA	NA	NA	CERB_SKIP
sa_csmith_456.c	oracle	124	15.05	15.05	677748	CERB_SKIP
sa_csmith_456.c	lean	NA	NA	NA	NA	CERB_SKIP
sa_csmith_457.c	oracle	124	15.05	15.04	637516	CERB_SKIP
sa_csmith_457.c	lean	NA	NA	NA	NA	CERB_SKIP
sa_csmith_458.c	oracle	124	15.04	15.04	637780	CERB_SKIP
sa_csmith_458.c	lean	NA	NA	NA	NA	CERB_SKIP
sa_csmith_459.c	oracle	124	15.04	15.04	591016	CERB_SKIP
sa_csmith_459.c	lean	NA	NA	NA	NA	CERB_SKIP
sa_csmith_46.c	oracle	124	15.04	15.03	625032	CERB_SKIP
sa_csmith_46.c	lean	NA	NA	NA	NA	CERB_SKIP
sa_csmith_460.c	oracle	0	0.04	0.03	48748	MATCH
sa_csmith_460.c	lean	0	0.06	0.06	82112	MATCH
sa_csmith_461.c	oracle	124	15.05	15.04	659120	CERB_SKIP
sa_csmith_461.c	lean	NA	NA	NA	NA	CERB_SKIP
sa_csmith_462.c	oracle	124	15.05	15.04	657292	CERB_SKIP
sa_csmith_462.c	lean	NA	NA	NA	NA	CERB_SKIP
sa_csmith_463.c	oracle	124	15.04	15.04	642620	CERB_SKIP
sa_csmith_463.c	lean	NA	NA	NA	NA	CERB_SKIP
sa_csmith_464.c	oracle	124	15.05	15.05	685680	CERB_SKIP
sa_csmith_464.c	lean	NA	NA	NA	NA	CERB_SKIP
sa_csmith_465.c	oracle	124	15.05	15.04	665540	CERB_SKIP
sa_csmith_465.c	lean	NA	NA	NA	NA	CERB_SKIP
sa_csmith_466.c	oracle	124	15.05	15.04	651480	CERB_SKIP
sa_csmith_466.c	lean	NA	NA	NA	NA	CERB_SKIP
sa_csmith_467.c	oracle	124	15.05	15.04	668328	CERB_SKIP
sa_csmith_467.c	lean	NA	NA	NA	NA	CERB_SKIP
sa_csmith_468.c	oracle	0	0.04	0.03	48596	MATCH
sa_csmith_468.c	lean	0	0.06	0.06	80644	MATCH
sa_csmith_469.c	oracle	0	0.11	0.10	71304	MATCH
sa_csmith_469.c	lean	0	0.24	0.24	117588	MATCH
sa_csmith_47.c	oracle	124	15.05	15.04	680172	CERB_SKIP
sa_csmith_47.c	lean	NA	NA	NA	NA	CERB_SKIP
sa_csmith_470.c	oracle	0	0.11	0.11	66652	MATCH
sa_csmith_470.c	lean	0	0.24	0.24	107300	MATCH
sa_csmith_48.c	oracle	124	15.04	15.04	622088	CERB_SKIP
sa_csmith_48.c	lean	NA	NA	NA	NA	CERB_SKIP
sa_csmith_49.c	oracle	124	15.04	15.03	607252	CERB_SKIP
sa_csmith_49.c	lean	NA	NA	NA	NA	CERB_SKIP
sa_csmith_50.c	oracle	124	15.04	15.04	589920	CERB_SKIP
sa_csmith_50.c	lean	NA	NA	NA	NA	CERB_SKIP
sa_csmith_51.c	oracle	0	0.04	0.04	48960	MATCH
sa_csmith_51.c	lean	0	0.07	0.06	81948	MATCH
sa_csmith_52.c	oracle	0	0.10	0.09	68152	MATCH
sa_csmith_52.c	lean	0	0.23	0.22	113556	MATCH
sa_csmith_53.c	oracle	124	15.04	15.03	513764	CERB_SKIP
sa_csmith_53.c	lean	NA	NA	NA	NA	CERB_SKIP
sa_csmith_54.c	oracle	124	15.04	15.04	672568	CERB_SKIP
sa_csmith_54.c	lean	NA	NA	NA	NA	CERB_SKIP
sa_csmith_55.c	oracle	124	15.05	15.04	645004	CERB_SKIP
sa_csmith_55.c	lean	NA	NA	NA	NA	CERB_SKIP
sa_csmith_56.c	oracle	0	0.04	0.03	48844	MATCH
sa_csmith_56.c	lean	0	0.07	0.06	82644	MATCH
sa_csmith_57.c	oracle	124	15.05	15.04	707348	CERB_SKIP
sa_csmith_57.c	lean	NA	NA	NA	NA	CERB_SKIP
sa_csmith_58.c	oracle	124	15.05	15.04	650116	CERB_SKIP
sa_csmith_58.c	lean	NA	NA	NA	NA	CERB_SKIP
sa_csmith_59.c	oracle	124	15.01	15.01	248620	CERB_SKIP
sa_csmith_59.c	lean	NA	NA	NA	NA	CERB_SKIP
sa_csmith_60.c	oracle	0	0.04	0.04	48320	MATCH
sa_csmith_60.c	lean	0	0.06	0.06	83276	MATCH
sa_csmith_61.c	oracle	0	0.09	0.09	67560	MATCH
sa_csmith_61.c	lean	0	0.23	0.22	110756	MATCH
sa_csmith_62.c	oracle	124	15.05	15.04	694244	CERB_SKIP
sa_csmith_62.c	lean	NA	NA	NA	NA	CERB_SKIP
sa_csmith_63.c	oracle	0	0.17	0.16	68016	MATCH
sa_csmith_63.c	lean	0	0.42	0.41	104800	MATCH
sa_csmith_64.c	oracle	0	0.08	0.08	62020	MATCH
sa_csmith_64.c	lean	0	0.16	0.16	102492	MATCH
sa_csmith_65.c	oracle	124	15.04	15.04	607656	CERB_SKIP
sa_csmith_65.c	lean	NA	NA	NA	NA	CERB_SKIP
sa_csmith_66.c	oracle	0	0.10	0.09	64324	MATCH
sa_csmith_66.c	lean	0	0.20	0.19	104556	MATCH
sa_csmith_67.c	oracle	0	0.04	0.03	48340	MATCH
sa_csmith_67.c	lean	0	0.06	0.06	82508	MATCH
sa_csmith_68.c	oracle	0	0.04	0.04	48208	MATCH
sa_csmith_68.c	lean	0	0.06	0.05	83360	MATCH
sa_csmith_69.c	oracle	124	15.05	15.04	630220	CERB_SKIP
sa_csmith_69.c	lean	NA	NA	NA	NA	CERB_SKIP
sa_csmith_7.c	oracle	0	0.04	0.04	48964	MATCH
sa_csmith_7.c	lean	0	0.06	0.06	81984	MATCH
sa_csmith_70.c	oracle	124	15.02	15.01	301132	CERB_SKIP
sa_csmith_70.c	lean	NA	NA	NA	NA	CERB_SKIP
sa_csmith_71.c	oracle	124	15.04	15.04	650952	CERB_SKIP
sa_csmith_71.c	lean	NA	NA	NA	NA	CERB_SKIP
sa_csmith_72.c	oracle	124	15.03	15.02	479140	CERB_SKIP
sa_csmith_72.c	lean	NA	NA	NA	NA	CERB_SKIP
sa_csmith_73.c	oracle	124	15.04	15.03	534356	CERB_SKIP
sa_csmith_73.c	lean	NA	NA	NA	NA	CERB_SKIP
sa_csmith_74.c	oracle	124	15.03	15.02	435772	CERB_SKIP
sa_csmith_74.c	lean	NA	NA	NA	NA	CERB_SKIP
sa_csmith_75.c	oracle	0	1.42	1.41	122420	MATCH
sa_csmith_75.c	lean	0	3.83	3.82	141436	MATCH
sa_csmith_76.c	oracle	0	0.09	0.09	64368	MATCH
sa_csmith_76.c	lean	0	0.19	0.18	107744	MATCH
sa_csmith_77.c	oracle	124	15.05	15.04	636724	CERB_SKIP
sa_csmith_77.c	lean	NA	NA	NA	NA	CERB_SKIP
sa_csmith_78.c	oracle	124	15.04	15.04	643592	CERB_SKIP
sa_csmith_78.c	lean	NA	NA	NA	NA	CERB_SKIP
sa_csmith_79.c	oracle	0	0.04	0.04	48076	MATCH
sa_csmith_79.c	lean	0	0.06	0.05	81948	MATCH
sa_csmith_8.c	oracle	124	15.04	15.04	529052	CERB_SKIP
sa_csmith_8.c	lean	NA	NA	NA	NA	CERB_SKIP
sa_csmith_80.c	oracle	124	15.04	15.04	584112	CERB_SKIP
sa_csmith_80.c	lean	NA	NA	NA	NA	CERB_SKIP
sa_csmith_81.c	oracle	0	0.04	0.04	47428	MATCH
sa_csmith_81.c	lean	0	0.06	0.06	82832	MATCH
sa_csmith_82.c	oracle	0	0.16	0.15	54608	MATCH
sa_csmith_82.c	lean	0	0.37	0.37	84144	MATCH
sa_csmith_83.c	oracle	0	0.04	0.04	48148	MATCH
sa_csmith_83.c	lean	0	0.06	0.06	82572	MATCH
sa_csmith_84.c	oracle	0	0.04	0.04	48092	MATCH
sa_csmith_84.c	lean	0	0.06	0.06	82948	MATCH
sa_csmith_85.c	oracle	124	15.02	15.01	339172	CERB_SKIP
sa_csmith_85.c	lean	NA	NA	NA	NA	CERB_SKIP
sa_csmith_86.c	oracle	124	15.05	15.04	643468	CERB_SKIP
sa_csmith_86.c	lean	NA	NA	NA	NA	CERB_SKIP
sa_csmith_87.c	oracle	0	0.04	0.04	48656	MATCH
sa_csmith_87.c	lean	0	0.07	0.07	82540	MATCH
sa_csmith_88.c	oracle	124	15.04	15.03	612656	CERB_SKIP
sa_csmith_88.c	lean	NA	NA	NA	NA	CERB_SKIP
sa_csmith_89.c	oracle	0	0.20	0.19	56748	MATCH
sa_csmith_89.c	lean	0	0.49	0.49	86624	MATCH
sa_csmith_9.c	oracle	124	15.04	15.03	623968	CERB_SKIP
sa_csmith_9.c	lean	NA	NA	NA	NA	CERB_SKIP
sa_csmith_90.c	oracle	0	0.09	0.09	64420	MATCH
sa_csmith_90.c	lean	0	0.20	0.20	106632	MATCH
sa_csmith_91.c	oracle	0	0.05	0.04	48404	MATCH
sa_csmith_91.c	lean	0	0.07	0.06	82908	MATCH
sa_csmith_92.c	oracle	0	0.23	0.22	66320	MATCH
sa_csmith_92.c	lean	0	0.54	0.54	101688	MATCH
sa_csmith_93.c	oracle	124	15.04	15.04	568348	CERB_SKIP
sa_csmith_93.c	lean	NA	NA	NA	NA	CERB_SKIP
sa_csmith_94.c	oracle	124	15.04	15.03	505236	CERB_SKIP
sa_csmith_94.c	lean	NA	NA	NA	NA	CERB_SKIP
sa_csmith_95.c	oracle	0	0.10	0.10	67988	MATCH
sa_csmith_95.c	lean	0	0.21	0.20	109476	MATCH
sa_csmith_96.c	oracle	0	0.05	0.04	48592	MATCH
sa_csmith_96.c	lean	0	0.06	0.06	82496	MATCH
sa_csmith_97.c	oracle	124	15.05	15.04	653672	CERB_SKIP
sa_csmith_97.c	lean	NA	NA	NA	NA	CERB_SKIP
sa_csmith_98.c	oracle	124	15.04	15.03	629204	CERB_SKIP
sa_csmith_98.c	lean	NA	NA	NA	NA	CERB_SKIP
sa_csmith_99.c	oracle	124	15.04	15.03	610500	CERB_SKIP
sa_csmith_99.c	lean	NA	NA	NA	NA	CERB_SKIP
sia_csmith_001.c	oracle	124	15.03	15.03	516292	CERB_SKIP
sia_csmith_001.c	lean	NA	NA	NA	NA	CERB_SKIP
sia_csmith_002.c	oracle	0	0.04	0.04	49432	MATCH
sia_csmith_002.c	lean	0	0.07	0.07	83560	MATCH
sia_csmith_003.c	oracle	0	0.04	0.03	48668	MATCH
sia_csmith_003.c	lean	0	0.07	0.06	81992	MATCH
sia_csmith_004.c	oracle	0	0.04	0.03	47888	MATCH
sia_csmith_004.c	lean	0	0.06	0.05	82412	MATCH
sia_csmith_005.c	oracle	0	0.04	0.03	48844	MATCH
sia_csmith_005.c	lean	0	0.06	0.05	82944	MATCH
sia_csmith_006.c	oracle	0	0.19	0.19	56616	MATCH
sia_csmith_006.c	lean	0	0.51	0.50	85392	MATCH
sia_csmith_007.c	oracle	0	0.04	0.03	48756	MATCH
sia_csmith_007.c	lean	0	0.06	0.05	82788	MATCH
sia_csmith_008.c	oracle	0	0.05	0.04	51240	MATCH
sia_csmith_008.c	lean	0	0.08	0.07	87156	MATCH
sia_csmith_009.c	oracle	0	0.04	0.04	48580	MATCH
sia_csmith_009.c	lean	0	0.07	0.06	82220	MATCH
sia_csmith_010.c	oracle	0	0.04	0.03	49312	MATCH
sia_csmith_010.c	lean	0	0.07	0.06	82132	MATCH
sia_csmith_011.c	oracle	0	0.04	0.03	49168	MATCH
sia_csmith_011.c	lean	0	0.06	0.05	83024	MATCH
sia_csmith_012.c	oracle	0	0.04	0.03	48492	MATCH
sia_csmith_012.c	lean	0	0.06	0.06	82980	MATCH
sia_csmith_013.c	oracle	0	0.04	0.04	48884	MATCH
sia_csmith_013.c	lean	0	0.07	0.06	83024	MATCH
sia_csmith_014.c	oracle	0	0.05	0.04	51164	MATCH
sia_csmith_014.c	lean	0	0.09	0.08	84548	MATCH
sia_csmith_015.c	oracle	0	0.04	0.03	48064	MATCH
sia_csmith_015.c	lean	0	0.06	0.06	82476	MATCH
sia_csmith_016.c	oracle	0	3.04	3.04	173584	MATCH
sia_csmith_016.c	lean	0	8.99	8.99	183472	MATCH
sia_csmith_017.c	oracle	0	0.04	0.04	47992	MATCH
sia_csmith_017.c	lean	0	0.06	0.06	83104	MATCH
sia_csmith_018.c	oracle	0	0.09	0.09	50668	MATCH
sia_csmith_018.c	lean	0	0.21	0.21	83696	MATCH
sia_csmith_019.c	oracle	0	0.06	0.06	48800	MATCH
sia_csmith_019.c	lean	0	0.12	0.11	82304	MATCH
sia_csmith_020.c	oracle	0	0.04	0.04	48208	MATCH
sia_csmith_020.c	lean	0	0.06	0.06	82260	MATCH
sia_csmith_021.c	oracle	0	0.13	0.12	56428	MATCH
sia_csmith_021.c	lean	0	0.31	0.30	90480	MATCH
sia_csmith_022.c	oracle	0	0.05	0.04	49364	MATCH
sia_csmith_022.c	lean	0	0.09	0.09	83532	MATCH
sia_csmith_023.c	oracle	0	0.04	0.04	48360	MATCH
sia_csmith_023.c	lean	0	0.07	0.06	82508	MATCH
sia_csmith_024.c	oracle	0	0.04	0.04	48056	MATCH
sia_csmith_024.c	lean	0	0.07	0.06	82308	MATCH
sia_csmith_025.c	oracle	0	0.04	0.03	48300	MATCH
sia_csmith_025.c	lean	0	0.06	0.06	82312	MATCH
sia_csmith_026.c	oracle	0	0.04	0.04	48448	MATCH
sia_csmith_026.c	lean	0	0.07	0.06	81844	MATCH
sia_csmith_027.c	oracle	0	0.05	0.04	48160	MATCH
sia_csmith_027.c	lean	0	0.07	0.06	83516	MATCH
sia_csmith_028.c	oracle	0	0.06	0.06	50008	MATCH
sia_csmith_028.c	lean	0	0.12	0.11	84128	MATCH
sia_csmith_029.c	oracle	0	0.04	0.04	48164	MATCH
sia_csmith_029.c	lean	0	0.06	0.06	82072	MATCH
sia_csmith_030.c	oracle	0	0.21	0.20	56716	MATCH
sia_csmith_030.c	lean	0	0.53	0.52	84856	MATCH
sia_csmith_031.c	oracle	124	15.05	15.05	728496	CERB_SKIP
sia_csmith_031.c	lean	NA	NA	NA	NA	CERB_SKIP
sia_csmith_032.c	oracle	124	15.01	15.00	141212	CERB_SKIP
sia_csmith_032.c	lean	NA	NA	NA	NA	CERB_SKIP
sia_csmith_033.c	oracle	0	0.06	0.05	48640	MATCH
sia_csmith_033.c	lean	0	0.11	0.11	80752	MATCH
sia_csmith_034.c	oracle	0	0.05	0.04	48140	MATCH
sia_csmith_034.c	lean	0	0.08	0.07	82668	MATCH
sia_csmith_035.c	oracle	0	0.07	0.07	60108	MATCH
sia_csmith_035.c	lean	0	0.15	0.14	101668	MATCH
sia_csmith_036.c	oracle	0	0.06	0.05	48760	MATCH
sia_csmith_036.c	lean	0	0.10	0.09	82720	MATCH
sia_csmith_037.c	oracle	124	15.05	15.04	688336	CERB_SKIP
sia_csmith_037.c	lean	NA	NA	NA	NA	CERB_SKIP
sia_csmith_038.c	oracle	0	0.04	0.03	48780	MATCH
sia_csmith_038.c	lean	0	0.06	0.06	82336	MATCH
sia_csmith_039.c	oracle	0	0.04	0.04	48944	MATCH
sia_csmith_039.c	lean	0	0.06	0.06	82436	MATCH
sia_csmith_040.c	oracle	0	0.05	0.04	50240	MATCH
sia_csmith_040.c	lean	0	0.08	0.07	86120	MATCH
sia_csmith_041.c	oracle	0	3.89	3.89	210164	MATCH
sia_csmith_041.c	lean	0	10.39	10.38	227912	MATCH
sia_csmith_042.c	oracle	0	0.04	0.03	48840	MATCH
sia_csmith_042.c	lean	0	0.06	0.06	82648	MATCH
sia_csmith_043.c	oracle	0	0.08	0.07	51144	MATCH
sia_csmith_043.c	lean	0	0.18	0.18	85460	MATCH
sia_csmith_044.c	oracle	0	0.05	0.05	53028	MATCH
sia_csmith_044.c	lean	0	0.11	0.11	89336	MATCH
sia_csmith_045.c	oracle	0	0.04	0.03	48180	MATCH
sia_csmith_045.c	lean	0	0.06	0.05	82644	MATCH
sia_csmith_046.c	oracle	0	0.04	0.03	48528	MATCH
sia_csmith_046.c	lean	0	0.06	0.05	82644	MATCH
sia_csmith_047.c	oracle	124	15.04	15.04	589236	CERB_SKIP
sia_csmith_047.c	lean	NA	NA	NA	NA	CERB_SKIP
sia_csmith_048.c	oracle	0	0.04	0.03	48904	MATCH
sia_csmith_048.c	lean	0	0.07	0.06	84276	MATCH
sia_csmith_049.c	oracle	0	0.04	0.03	48452	MATCH
sia_csmith_049.c	lean	0	0.07	0.06	82868	MATCH
sia_csmith_050.c	oracle	0	0.04	0.03	47680	MATCH
sia_csmith_050.c	lean	0	0.06	0.06	82464	MATCH
sia_csmith_051.c	oracle	0	0.04	0.03	47988	MATCH
sia_csmith_051.c	lean	0	0.07	0.06	82100	MATCH
sia_csmith_052.c	oracle	0	0.04	0.04	50924	MATCH
sia_csmith_052.c	lean	0	0.07	0.06	84052	MATCH
sia_csmith_053.c	oracle	0	0.04	0.03	48316	MATCH
sia_csmith_053.c	lean	0	0.07	0.06	82088	MATCH
sia_csmith_054.c	oracle	0	0.04	0.03	48976	MATCH
sia_csmith_054.c	lean	0	0.06	0.06	83400	MATCH
sia_csmith_055.c	oracle	124	15.04	15.04	551512	CERB_SKIP
sia_csmith_055.c	lean	NA	NA	NA	NA	CERB_SKIP
sia_csmith_056.c	oracle	0	0.05	0.04	49464	MATCH
sia_csmith_056.c	lean	0	0.09	0.08	84464	MATCH
sia_csmith_057.c	oracle	0	0.04	0.04	48440	MATCH
sia_csmith_057.c	lean	0	0.06	0.05	83368	MATCH
sia_csmith_058.c	oracle	0	0.04	0.03	49052	MATCH
sia_csmith_058.c	lean	0	0.06	0.06	82120	MATCH
sia_csmith_059.c	oracle	0	0.05	0.04	49484	MATCH
sia_csmith_059.c	lean	0	0.10	0.09	81924	MATCH
sia_csmith_060.c	oracle	0	0.04	0.03	48068	MATCH
sia_csmith_060.c	lean	0	0.06	0.06	83140	MATCH
sia_csmith_061.c	oracle	0	0.05	0.05	51148	MATCH
sia_csmith_061.c	lean	0	0.10	0.09	86744	MATCH
sia_csmith_062.c	oracle	0	0.06	0.05	52292	MATCH
sia_csmith_062.c	lean	0	0.11	0.11	86560	MATCH
sia_csmith_063.c	oracle	0	0.04	0.04	48648	MATCH
sia_csmith_063.c	lean	0	0.06	0.06	82784	MATCH
sia_csmith_064.c	oracle	0	0.04	0.04	50204	MATCH
sia_csmith_064.c	lean	0	0.07	0.07	84668	MATCH
sia_csmith_065.c	oracle	0	0.04	0.03	48412	MATCH
sia_csmith_065.c	lean	0	0.06	0.05	82560	MATCH
sia_csmith_066.c	oracle	0	0.05	0.04	48908	MATCH
sia_csmith_066.c	lean	0	0.07	0.06	82180	MATCH
sia_csmith_067.c	oracle	0	0.07	0.07	52152	MATCH
sia_csmith_067.c	lean	0	0.15	0.14	87716	MATCH
sia_csmith_068.c	oracle	0	0.04	0.04	49688	MATCH
sia_csmith_068.c	lean	0	0.07	0.06	82592	MATCH
sia_csmith_069.c	oracle	0	0.05	0.05	48764	MATCH
sia_csmith_069.c	lean	0	0.08	0.07	83532	MATCH
sia_csmith_070.c	oracle	0	0.04	0.04	48968	MATCH
sia_csmith_070.c	lean	0	0.06	0.05	82076	MATCH
sia_csmith_071.c	oracle	0	0.14	0.13	52592	MATCH
sia_csmith_071.c	lean	0	0.32	0.32	82416	MATCH
sia_csmith_072.c	oracle	0	9.37	9.37	434400	TIMEOUT
sia_csmith_072.c	lean	124	15.00	14.99	291492	TIMEOUT
sia_csmith_073.c	oracle	0	0.44	0.44	70448	MATCH
sia_csmith_073.c	lean	0	1.14	1.14	98224	MATCH
sia_csmith_074.c	oracle	124	15.04	15.03	606868	CERB_SKIP
sia_csmith_074.c	lean	NA	NA	NA	NA	CERB_SKIP
sia_csmith_075.c	oracle	0	0.04	0.03	48460	MATCH
sia_csmith_075.c	lean	0	0.06	0.05	82940	MATCH
sia_csmith_076.c	oracle	0	1.03	1.03	89488	MATCH
sia_csmith_076.c	lean	0	2.75	2.74	111628	MATCH
sia_csmith_077.c	oracle	0	0.05	0.05	49920	MATCH
sia_csmith_077.c	lean	0	0.11	0.10	82288	MATCH
sia_csmith_078.c	oracle	0	0.34	0.34	66760	MATCH
sia_csmith_078.c	lean	0	0.88	0.87	95388	MATCH
sia_csmith_079.c	oracle	124	15.04	15.04	658596	CERB_SKIP
sia_csmith_079.c	lean	NA	NA	NA	NA	CERB_SKIP
sia_csmith_080.c	oracle	0	0.04	0.03	48700	MATCH
sia_csmith_080.c	lean	0	0.07	0.07	82472	MATCH
sia_csmith_081.c	oracle	0	0.07	0.06	56012	MATCH
sia_csmith_081.c	lean	0	0.13	0.13	92836	MATCH
sia_csmith_082.c	oracle	0	0.05	0.04	49492	MATCH
sia_csmith_082.c	lean	0	0.09	0.09	82460	MATCH
sia_csmith_083.c	oracle	0	0.05	0.04	50264	MATCH
sia_csmith_083.c	lean	0	0.07	0.06	84772	MATCH
sia_csmith_084.c	oracle	0	0.04	0.04	48608	MATCH
sia_csmith_084.c	lean	0	0.06	0.05	82920	MATCH
sia_csmith_085.c	oracle	0	0.04	0.03	48648	MATCH
sia_csmith_085.c	lean	0	0.07	0.06	82356	MATCH
sia_csmith_086.c	oracle	0	0.08	0.08	52156	MATCH
sia_csmith_086.c	lean	0	0.20	0.19	82456	MATCH
sia_csmith_087.c	oracle	0	0.04	0.03	48612	MATCH
sia_csmith_087.c	lean	0	0.06	0.06	82196	MATCH
sia_csmith_088.c	oracle	0	1.37	1.36	111016	MATCH
sia_csmith_088.c	lean	0	3.65	3.65	134380	MATCH
sia_csmith_089.c	oracle	0	0.04	0.04	48196	MATCH
sia_csmith_089.c	lean	0	0.06	0.06	83228	MATCH
sia_csmith_090.c	oracle	0	0.05	0.04	49904	MATCH
sia_csmith_090.c	lean	0	0.08	0.08	85596	MATCH
sia_csmith_091.c	oracle	0	0.05	0.04	48772	MATCH
sia_csmith_091.c	lean	0	0.08	0.08	83336	MATCH
sia_csmith_092.c	oracle	124	15.05	15.04	721380	CERB_SKIP
sia_csmith_092.c	lean	NA	NA	NA	NA	CERB_SKIP
sia_csmith_093.c	oracle	0	0.04	0.03	48408	MATCH
sia_csmith_093.c	lean	0	0.07	0.06	81936	MATCH
sia_csmith_094.c	oracle	0	0.04	0.03	48452	MATCH
sia_csmith_094.c	lean	0	0.06	0.06	82268	MATCH
sia_csmith_095.c	oracle	0	0.04	0.03	48976	MATCH
sia_csmith_095.c	lean	0	0.06	0.05	82060	MATCH
sia_csmith_096.c	oracle	0	0.04	0.03	48648	MATCH
sia_csmith_096.c	lean	0	0.06	0.06	81884	MATCH
sia_csmith_097.c	oracle	0	0.05	0.04	51768	MATCH
sia_csmith_097.c	lean	0	0.09	0.08	88544	MATCH
sia_csmith_098.c	oracle	0	0.04	0.04	49184	MATCH
sia_csmith_098.c	lean	0	0.06	0.06	82932	MATCH
sia_csmith_099.c	oracle	0	0.04	0.03	47976	MATCH
sia_csmith_099.c	lean	0	0.06	0.06	82612	MATCH
sia_csmith_100.c	oracle	0	0.18	0.18	56900	MATCH
sia_csmith_100.c	lean	0	0.46	0.45	89532	MATCH
sia_csmith_1000.c	oracle	0	0.04	0.03	49516	MATCH
sia_csmith_1000.c	lean	0	0.07	0.07	84448	MATCH
sia_csmith_1001.c	oracle	124	15.05	15.04	730176	CERB_SKIP
sia_csmith_1001.c	lean	NA	NA	NA	NA	CERB_SKIP
sia_csmith_1002.c	oracle	0	0.04	0.03	48176	MATCH
sia_csmith_1002.c	lean	0	0.07	0.06	82760	MATCH
sia_csmith_1003.c	oracle	124	15.05	15.04	641196	CERB_SKIP
sia_csmith_1003.c	lean	NA	NA	NA	NA	CERB_SKIP
sia_csmith_1004.c	oracle	0	0.04	0.03	49148	MATCH
sia_csmith_1004.c	lean	0	0.07	0.06	82824	MATCH
sia_csmith_1005.c	oracle	124	15.04	15.04	608272	CERB_SKIP
sia_csmith_1005.c	lean	NA	NA	NA	NA	CERB_SKIP
sia_csmith_1006.c	oracle	124	15.05	15.04	643412	CERB_SKIP
sia_csmith_1006.c	lean	NA	NA	NA	NA	CERB_SKIP
sia_csmith_1007.c	oracle	124	15.04	15.04	651120	CERB_SKIP
sia_csmith_1007.c	lean	NA	NA	NA	NA	CERB_SKIP
sia_csmith_1008.c	oracle	124	15.02	15.00	259728	CERB_SKIP
sia_csmith_1008.c	lean	NA	NA	NA	NA	CERB_SKIP
sia_csmith_1009.c	oracle	0	0.04	0.04	48192	MATCH
sia_csmith_1009.c	lean	0	0.07	0.06	83508	MATCH
sia_csmith_101.c	oracle	0	0.05	0.05	52176	MATCH
sia_csmith_101.c	lean	0	0.09	0.08	88688	MATCH
sia_csmith_1010.c	oracle	124	15.04	15.04	653156	CERB_SKIP
sia_csmith_1010.c	lean	NA	NA	NA	NA	CERB_SKIP
sia_csmith_1011.c	oracle	0	0.05	0.05	49612	MATCH
sia_csmith_1011.c	lean	0	0.07	0.06	86508	MATCH
sia_csmith_1012.c	oracle	0	0.04	0.03	48140	MATCH
sia_csmith_1012.c	lean	0	0.06	0.05	80876	MATCH
sia_csmith_1013.c	oracle	0	0.04	0.03	48876	MATCH
sia_csmith_1013.c	lean	0	0.06	0.06	82260	MATCH
sia_csmith_1014.c	oracle	124	15.05	15.04	738992	CERB_SKIP
sia_csmith_1014.c	lean	NA	NA	NA	NA	CERB_SKIP
sia_csmith_1015.c	oracle	124	15.05	15.05	666372	CERB_SKIP
sia_csmith_1015.c	lean	NA	NA	NA	NA	CERB_SKIP
sia_csmith_1016.c	oracle	124	15.04	15.03	641008	CERB_SKIP
sia_csmith_1016.c	lean	NA	NA	NA	NA	CERB_SKIP
sia_csmith_1017.c	oracle	124	15.05	15.05	728200	CERB_SKIP
sia_csmith_1017.c	lean	NA	NA	NA	NA	CERB_SKIP
sia_csmith_1018.c	oracle	124	15.05	15.05	729100	CERB_SKIP
sia_csmith_1018.c	lean	NA	NA	NA	NA	CERB_SKIP
sia_csmith_1019.c	oracle	124	15.05	15.04	669708	CERB_SKIP
sia_csmith_1019.c	lean	NA	NA	NA	NA	CERB_SKIP
sia_csmith_102.c	oracle	0	0.04	0.03	48608	MATCH
sia_csmith_102.c	lean	0	0.07	0.06	82228	MATCH
sia_csmith_1020.c	oracle	124	15.03	15.03	496312	CERB_SKIP
sia_csmith_1020.c	lean	NA	NA	NA	NA	CERB_SKIP
sia_csmith_1021.c	oracle	124	15.05	15.04	718724	CERB_SKIP
sia_csmith_1021.c	lean	NA	NA	NA	NA	CERB_SKIP
sia_csmith_1022.c	oracle	124	15.05	15.04	659640	CERB_SKIP
sia_csmith_1022.c	lean	NA	NA	NA	NA	CERB_SKIP
sia_csmith_1023.c	oracle	124	15.05	15.04	640600	CERB_SKIP
sia_csmith_1023.c	lean	NA	NA	NA	NA	CERB_SKIP
sia_csmith_1024.c	oracle	124	15.05	15.04	638948	CERB_SKIP
sia_csmith_1024.c	lean	NA	NA	NA	NA	CERB_SKIP
sia_csmith_1025.c	oracle	124	15.04	15.04	640080	CERB_SKIP
sia_csmith_1025.c	lean	NA	NA	NA	NA	CERB_SKIP
sia_csmith_1026.c	oracle	0	0.04	0.04	48920	MATCH
sia_csmith_1026.c	lean	0	0.07	0.07	83052	MATCH
sia_csmith_1027.c	oracle	0	0.04	0.04	48272	MATCH
sia_csmith_1027.c	lean	0	0.06	0.05	82712	MATCH
sia_csmith_1028.c	oracle	124	15.04	15.04	598328	CERB_SKIP
sia_csmith_1028.c	lean	NA	NA	NA	NA	CERB_SKIP
sia_csmith_1029.c	oracle	124	15.05	15.04	687344	CERB_SKIP
sia_csmith_1029.c	lean	NA	NA	NA	NA	CERB_SKIP
sia_csmith_103.c	oracle	0	0.09	0.08	59572	MATCH
sia_csmith_103.c	lean	0	0.21	0.20	100636	MATCH
sia_csmith_1030.c	oracle	124	15.05	15.04	715556	CERB_SKIP
sia_csmith_1030.c	lean	NA	NA	NA	NA	CERB_SKIP
sia_csmith_1031.c	oracle	124	15.05	15.04	745844	CERB_SKIP
sia_csmith_1031.c	lean	NA	NA	NA	NA	CERB_SKIP
sia_csmith_1032.c	oracle	0	0.04	0.03	48520	MATCH
sia_csmith_1032.c	lean	0	0.06	0.05	83152	MATCH
sia_csmith_1033.c	oracle	0	0.07	0.07	58848	MATCH
sia_csmith_1033.c	lean	0	0.13	0.12	100772	MATCH
sia_csmith_1034.c	oracle	124	15.05	15.04	688932	CERB_SKIP
sia_csmith_1034.c	lean	NA	NA	NA	NA	CERB_SKIP
sia_csmith_1035.c	oracle	124	15.01	15.00	207680	CERB_SKIP
sia_csmith_1035.c	lean	NA	NA	NA	NA	CERB_SKIP
sia_csmith_1036.c	oracle	0	0.04	0.03	49180	MATCH
sia_csmith_1036.c	lean	0	0.06	0.06	82128	MATCH
sia_csmith_1037.c	oracle	0	0.04	0.04	49124	MATCH
sia_csmith_1037.c	lean	0	0.07	0.06	82744	MATCH
sia_csmith_1038.c	oracle	0	0.05	0.04	49256	MATCH
sia_csmith_1038.c	lean	0	0.08	0.08	84500	MATCH
sia_csmith_1039.c	oracle	0	0.04	0.04	48008	MATCH
sia_csmith_1039.c	lean	0	0.07	0.06	83228	MATCH
sia_csmith_104.c	oracle	0	0.04	0.04	48720	MATCH
sia_csmith_104.c	lean	0	0.06	0.05	82684	MATCH
sia_csmith_1040.c	oracle	0	0.04	0.04	48140	MATCH
sia_csmith_1040.c	lean	0	0.06	0.06	81596	MATCH
sia_csmith_1041.c	oracle	124	15.05	15.04	665648	CERB_SKIP
sia_csmith_1041.c	lean	NA	NA	NA	NA	CERB_SKIP
sia_csmith_1042.c	oracle	124	15.04	15.03	591728	CERB_SKIP
sia_csmith_1042.c	lean	NA	NA	NA	NA	CERB_SKIP
sia_csmith_1043.c	oracle	124	15.05	15.05	741844	CERB_SKIP
sia_csmith_1043.c	lean	NA	NA	NA	NA	CERB_SKIP
sia_csmith_1044.c	oracle	0	0.04	0.03	48956	MATCH
sia_csmith_1044.c	lean	0	0.06	0.06	82384	MATCH
sia_csmith_1045.c	oracle	0	0.04	0.04	48372	MATCH
sia_csmith_1045.c	lean	0	0.06	0.05	82444	MATCH
sia_csmith_1046.c	oracle	0	0.04	0.03	48548	MATCH
sia_csmith_1046.c	lean	0	0.06	0.06	82552	MATCH
sia_csmith_1047.c	oracle	0	0.04	0.03	48884	MATCH
sia_csmith_1047.c	lean	0	0.07	0.06	82424	MATCH
sia_csmith_1048.c	oracle	124	15.05	15.04	712216	CERB_SKIP
sia_csmith_1048.c	lean	NA	NA	NA	NA	CERB_SKIP
sia_csmith_1049.c	oracle	0	0.17	0.17	67356	MATCH
sia_csmith_1049.c	lean	0	0.41	0.41	105468	MATCH
sia_csmith_105.c	oracle	124	15.05	15.05	719832	CERB_SKIP
sia_csmith_105.c	lean	NA	NA	NA	NA	CERB_SKIP
sia_csmith_1050.c	oracle	0	0.04	0.03	48624	MATCH
sia_csmith_1050.c	lean	0	0.06	0.05	82556	MATCH
sia_csmith_1051.c	oracle	124	15.05	15.05	734788	CERB_SKIP
sia_csmith_1051.c	lean	NA	NA	NA	NA	CERB_SKIP
sia_csmith_1052.c	oracle	124	15.04	15.04	650780	CERB_SKIP
sia_csmith_1052.c	lean	NA	NA	NA	NA	CERB_SKIP
sia_csmith_1053.c	oracle	0	0.04	0.03	48188	MATCH
sia_csmith_1053.c	lean	0	0.06	0.05	82588	MATCH
sia_csmith_1054.c	oracle	0	0.04	0.04	48836	MATCH
sia_csmith_1054.c	lean	0	0.07	0.06	83664	MATCH
sia_csmith_1055.c	oracle	0	0.07	0.06	57296	MATCH
sia_csmith_1055.c	lean	0	0.12	0.11	101888	MATCH
sia_csmith_1056.c	oracle	0	0.04	0.03	48468	MATCH
sia_csmith_1056.c	lean	0	0.07	0.06	82232	MATCH
sia_csmith_1057.c	oracle	0	0.54	0.54	81428	MATCH
sia_csmith_1057.c	lean	0	1.43	1.43	110468	MATCH
sia_csmith_1058.c	oracle	124	15.01	15.00	179628	CERB_SKIP
sia_csmith_1058.c	lean	NA	NA	NA	NA	CERB_SKIP
sia_csmith_1059.c	oracle	124	15.05	15.03	659316	CERB_SKIP
sia_csmith_1059.c	lean	NA	NA	NA	NA	CERB_SKIP
sia_csmith_106.c	oracle	124	15.04	15.04	535640	CERB_SKIP
sia_csmith_106.c	lean	NA	NA	NA	NA	CERB_SKIP
sia_csmith_1060.c	oracle	124	15.05	15.04	689464	CERB_SKIP
sia_csmith_1060.c	lean	NA	NA	NA	NA	CERB_SKIP
sia_csmith_1061.c	oracle	124	15.05	15.04	712144	CERB_SKIP
sia_csmith_1061.c	lean	NA	NA	NA	NA	CERB_SKIP
sia_csmith_1062.c	oracle	124	15.05	15.05	744988	CERB_SKIP
sia_csmith_1062.c	lean	NA	NA	NA	NA	CERB_SKIP
sia_csmith_1063.c	oracle	0	0.07	0.07	59136	MATCH
sia_csmith_1063.c	lean	0	0.14	0.13	100724	MATCH
sia_csmith_1064.c	oracle	0	0.04	0.04	48844	MATCH
sia_csmith_1064.c	lean	0	0.06	0.06	82284	MATCH
sia_csmith_1065.c	oracle	124	15.05	15.05	677668	CERB_SKIP
sia_csmith_1065.c	lean	NA	NA	NA	NA	CERB_SKIP
sia_csmith_1066.c	oracle	124	15.05	15.04	706076	CERB_SKIP
sia_csmith_1066.c	lean	NA	NA	NA	NA	CERB_SKIP
sia_csmith_1067.c	oracle	124	15.05	15.04	737696	CERB_SKIP
sia_csmith_1067.c	lean	NA	NA	NA	NA	CERB_SKIP
sia_csmith_1068.c	oracle	124	15.05	15.05	724980	CERB_SKIP
sia_csmith_1068.c	lean	NA	NA	NA	NA	CERB_SKIP
sia_csmith_1069.c	oracle	0	0.04	0.04	48808	MATCH
sia_csmith_1069.c	lean	0	0.06	0.06	81036	MATCH
sia_csmith_107.c	oracle	0	0.05	0.04	49468	MATCH
sia_csmith_107.c	lean	0	0.08	0.07	84756	MATCH
sia_csmith_1070.c	oracle	124	15.05	15.04	684972	CERB_SKIP
sia_csmith_1070.c	lean	NA	NA	NA	NA	CERB_SKIP
sia_csmith_1071.c	oracle	0	0.10	0.10	72088	MATCH
sia_csmith_1071.c	lean	0	0.22	0.21	119444	MATCH
sia_csmith_1072.c	oracle	0	0.04	0.03	48420	MATCH
sia_csmith_1072.c	lean	0	0.07	0.06	82288	MATCH
sia_csmith_1073.c	oracle	124	15.05	15.04	665132	CERB_SKIP
sia_csmith_1073.c	lean	NA	NA	NA	NA	CERB_SKIP
sia_csmith_1074.c	oracle	124	15.05	15.04	733688	CERB_SKIP
sia_csmith_1074.c	lean	NA	NA	NA	NA	CERB_SKIP
sia_csmith_1075.c	oracle	0	0.04	0.04	48576	MATCH
sia_csmith_1075.c	lean	0	0.06	0.06	83324	MATCH
sia_csmith_1076.c	oracle	124	15.05	15.05	730368	CERB_SKIP
sia_csmith_1076.c	lean	NA	NA	NA	NA	CERB_SKIP
sia_csmith_1077.c	oracle	124	15.05	15.05	728860	CERB_SKIP
sia_csmith_1077.c	lean	NA	NA	NA	NA	CERB_SKIP
sia_csmith_1078.c	oracle	0	0.04	0.04	48504	MATCH
sia_csmith_1078.c	lean	0	0.07	0.07	82456	MATCH
sia_csmith_1079.c	oracle	124	15.05	15.04	682036	CERB_SKIP
sia_csmith_1079.c	lean	NA	NA	NA	NA	CERB_SKIP
sia_csmith_108.c	oracle	0	0.06	0.05	50048	MATCH
sia_csmith_108.c	lean	0	0.10	0.09	84032	MATCH
sia_csmith_1080.c	oracle	0	0.04	0.04	48108	MATCH
sia_csmith_1080.c	lean	0	0.06	0.05	82752	MATCH
sia_csmith_1081.c	oracle	124	15.05	15.04	668816	CERB_SKIP
sia_csmith_1081.c	lean	NA	NA	NA	NA	CERB_SKIP
sia_csmith_1082.c	oracle	124	15.05	15.04	691784	CERB_SKIP
sia_csmith_1082.c	lean	NA	NA	NA	NA	CERB_SKIP
sia_csmith_1083.c	oracle	124	15.05	15.04	732184	CERB_SKIP
sia_csmith_1083.c	lean	NA	NA	NA	NA	CERB_SKIP
sia_csmith_1084.c	oracle	0	0.04	0.04	48784	MATCH
sia_csmith_1084.c	lean	0	0.07	0.06	82400	MATCH
sia_csmith_1085.c	oracle	124	15.05	15.04	686168	CERB_SKIP
sia_csmith_1085.c	lean	NA	NA	NA	NA	CERB_SKIP
sia_csmith_1086.c	oracle	0	0.21	0.21	64404	MATCH
sia_csmith_1086.c	lean	0	0.50	0.50	97316	MATCH
sia_csmith_1087.c	oracle	124	15.04	15.04	660964	CERB_SKIP
sia_csmith_1087.c	lean	NA	NA	NA	NA	CERB_SKIP
sia_csmith_1088.c	oracle	124	15.05	15.04	667252	CERB_SKIP
sia_csmith_1088.c	lean	NA	NA	NA	NA	CERB_SKIP
sia_csmith_1089.c	oracle	124	15.05	15.04	697372	CERB_SKIP
sia_csmith_1089.c	lean	NA	NA	NA	NA	CERB_SKIP
sia_csmith_109.c	oracle	0	0.05	0.05	50860	MATCH
sia_csmith_109.c	lean	0	0.10	0.09	85532	MATCH
sia_csmith_1090.c	oracle	0	0.07	0.06	59552	MATCH
sia_csmith_1090.c	lean	0	0.14	0.13	101032	MATCH
sia_csmith_1091.c	oracle	0	0.04	0.03	48544	MATCH
sia_csmith_1091.c	lean	0	0.06	0.05	82280	MATCH
sia_csmith_1092.c	oracle	124	15.02	15.01	330316	CERB_SKIP
sia_csmith_1092.c	lean	NA	NA	NA	NA	CERB_SKIP
sia_csmith_1093.c	oracle	0	0.05	0.04	49168	MATCH
sia_csmith_1093.c	lean	0	0.09	0.08	83036	MATCH
sia_csmith_1094.c	oracle	124	15.06	15.05	737172	CERB_SKIP
sia_csmith_1094.c	lean	NA	NA	NA	NA	CERB_SKIP
sia_csmith_1095.c	oracle	124	15.05	15.04	722020	CERB_SKIP
sia_csmith_1095.c	lean	NA	NA	NA	NA	CERB_SKIP
sia_csmith_1096.c	oracle	0	0.07	0.07	62316	MATCH
sia_csmith_1096.c	lean	0	0.16	0.15	104944	MATCH
sia_csmith_1097.c	oracle	124	15.05	15.04	710924	CERB_SKIP
sia_csmith_1097.c	lean	NA	NA	NA	NA	CERB_SKIP
sia_csmith_1098.c	oracle	124	15.05	15.04	690012	CERB_SKIP
sia_csmith_1098.c	lean	NA	NA	NA	NA	CERB_SKIP
sia_csmith_1099.c	oracle	0	0.04	0.03	48680	MATCH
sia_csmith_1099.c	lean	0	0.06	0.05	82796	MATCH
sia_csmith_110.c	oracle	0	0.07	0.07	54748	MATCH
sia_csmith_110.c	lean	0	0.14	0.13	91260	MATCH
sia_csmith_1100.c	oracle	124	15.05	15.04	706884	CERB_SKIP
sia_csmith_1100.c	lean	NA	NA	NA	NA	CERB_SKIP
sia_csmith_1101.c	oracle	124	15.05	15.05	711636	CERB_SKIP
sia_csmith_1101.c	lean	NA	NA	NA	NA	CERB_SKIP
sia_csmith_1102.c	oracle	124	15.05	15.04	687800	CERB_SKIP
sia_csmith_1102.c	lean	NA	NA	NA	NA	CERB_SKIP
sia_csmith_1103.c	oracle	0	0.04	0.03	48352	MATCH
sia_csmith_1103.c	lean	0	0.06	0.05	82440	MATCH
sia_csmith_1104.c	oracle	0	0.04	0.03	48352	MATCH
sia_csmith_1104.c	lean	0	0.06	0.05	82656	MATCH
sia_csmith_1105.c	oracle	0	0.04	0.03	48816	MATCH
sia_csmith_1105.c	lean	0	0.06	0.06	82636	MATCH
sia_csmith_1106.c	oracle	124	15.05	15.04	683256	CERB_SKIP
sia_csmith_1106.c	lean	NA	NA	NA	NA	CERB_SKIP
sia_csmith_1107.c	oracle	124	15.05	15.04	738416	CERB_SKIP
sia_csmith_1107.c	lean	NA	NA	NA	NA	CERB_SKIP
sia_csmith_1108.c	oracle	124	15.05	15.04	653328	CERB_SKIP
sia_csmith_1108.c	lean	NA	NA	NA	NA	CERB_SKIP
sia_csmith_1109.c	oracle	124	15.05	15.05	711400	CERB_SKIP
sia_csmith_1109.c	lean	NA	NA	NA	NA	CERB_SKIP
sia_csmith_111.c	oracle	0	0.06	0.05	50564	MATCH
sia_csmith_111.c	lean	0	0.10	0.10	84148	MATCH
sia_csmith_1110.c	oracle	124	15.04	15.04	622036	CERB_SKIP
sia_csmith_1110.c	lean	NA	NA	NA	NA	CERB_SKIP
sia_csmith_1111.c	oracle	0	0.04	0.03	48560	MATCH
sia_csmith_1111.c	lean	0	0.07	0.06	82536	MATCH
sia_csmith_1112.c	oracle	0	0.04	0.04	48000	MATCH
sia_csmith_1112.c	lean	0	0.06	0.06	83052	MATCH
sia_csmith_1113.c	oracle	0	0.04	0.03	49716	MATCH
sia_csmith_1113.c	lean	0	0.06	0.06	83120	MATCH
sia_csmith_1114.c	oracle	124	15.04	15.04	619180	CERB_SKIP
sia_csmith_1114.c	lean	NA	NA	NA	NA	CERB_SKIP
sia_csmith_1115.c	oracle	0	0.11	0.10	64356	MATCH
sia_csmith_1115.c	lean	0	0.24	0.23	105292	MATCH
sia_csmith_1116.c	oracle	124	15.05	15.04	668528	CERB_SKIP
sia_csmith_1116.c	lean	NA	NA	NA	NA	CERB_SKIP
sia_csmith_1117.c	oracle	124	15.05	15.04	663392	CERB_SKIP
sia_csmith_1117.c	lean	NA	NA	NA	NA	CERB_SKIP
sia_csmith_1118.c	oracle	0	0.06	0.06	57780	MATCH
sia_csmith_1118.c	lean	0	0.13	0.13	102080	MATCH
sia_csmith_1119.c	oracle	124	15.05	15.04	691480	CERB_SKIP
sia_csmith_1119.c	lean	NA	NA	NA	NA	CERB_SKIP
sia_csmith_112.c	oracle	124	15.02	15.01	316980	CERB_SKIP
sia_csmith_112.c	lean	NA	NA	NA	NA	CERB_SKIP
sia_csmith_1120.c	oracle	0	0.04	0.03	49076	MATCH
sia_csmith_1120.c	lean	0	0.06	0.05	81032	MATCH
sia_csmith_1121.c	oracle	0	0.19	0.19	56976	MATCH
sia_csmith_1121.c	lean	0	0.49	0.48	87192	MATCH
sia_csmith_1122.c	oracle	0	0.09	0.08	50804	MATCH
sia_csmith_1122.c	lean	0	0.18	0.17	85252	MATCH
sia_csmith_1123.c	oracle	124	15.06	15.04	734100	CERB_SKIP
sia_csmith_1123.c	lean	NA	NA	NA	NA	CERB_SKIP
sia_csmith_1124.c	oracle	0	0.04	0.03	48660	MATCH
sia_csmith_1124.c	lean	0	0.07	0.06	81844	MATCH
sia_csmith_1125.c	oracle	124	15.04	15.04	659860	CERB_SKIP
sia_csmith_1125.c	lean	NA	NA	NA	NA	CERB_SKIP
sia_csmith_1126.c	oracle	124	15.05	15.04	705112	CERB_SKIP
sia_csmith_1126.c	lean	NA	NA	NA	NA	CERB_SKIP
sia_csmith_1127.c	oracle	0	0.04	0.04	48856	MATCH
sia_csmith_1127.c	lean	0	0.06	0.05	83700	MATCH
sia_csmith_1128.c	oracle	0	0.04	0.03	48752	MATCH
sia_csmith_1128.c	lean	0	0.07	0.06	82968	MATCH
sia_csmith_1129.c	oracle	124	15.05	15.04	746756	CERB_SKIP
sia_csmith_1129.c	lean	NA	NA	NA	NA	CERB_SKIP
sia_csmith_113.c	oracle	0	0.04	0.04	48296	MATCH
sia_csmith_113.c	lean	0	0.06	0.06	82036	MATCH
sia_csmith_1130.c	oracle	0	0.04	0.04	48592	MATCH
sia_csmith_1130.c	lean	0	0.06	0.05	83268	MATCH
sia_csmith_1131.c	oracle	0	0.04	0.04	49144	MATCH
sia_csmith_1131.c	lean	0	0.06	0.05	83592	MATCH
sia_csmith_1132.c	oracle	0	0.04	0.04	48352	MATCH
sia_csmith_1132.c	lean	0	0.06	0.05	82748	MATCH
sia_csmith_1133.c	oracle	0	0.04	0.03	48888	MATCH
sia_csmith_1133.c	lean	0	0.06	0.06	82264	MATCH
sia_csmith_1134.c	oracle	124	15.05	15.04	723528	CERB_SKIP
sia_csmith_1134.c	lean	NA	NA	NA	NA	CERB_SKIP
sia_csmith_1135.c	oracle	0	0.07	0.07	60792	MATCH
sia_csmith_1135.c	lean	0	0.15	0.15	100352	MATCH
sia_csmith_1136.c	oracle	124	15.04	15.04	642724	CERB_SKIP
sia_csmith_1136.c	lean	NA	NA	NA	NA	CERB_SKIP
sia_csmith_1137.c	oracle	124	15.05	15.04	680508	CERB_SKIP
sia_csmith_1137.c	lean	NA	NA	NA	NA	CERB_SKIP
sia_csmith_1138.c	oracle	0	0.05	0.04	49552	MATCH
sia_csmith_1138.c	lean	0	0.09	0.08	82348	MATCH
sia_csmith_1139.c	oracle	124	15.04	15.03	589784	CERB_SKIP
sia_csmith_1139.c	lean	NA	NA	NA	NA	CERB_SKIP
sia_csmith_114.c	oracle	0	0.06	0.05	50352	MATCH
sia_csmith_114.c	lean	0	0.13	0.12	83156	MATCH
sia_csmith_1140.c	oracle	0	0.04	0.04	48448	MATCH
sia_csmith_1140.c	lean	0	0.07	0.06	82520	MATCH
sia_csmith_1141.c	oracle	0	0.04	0.03	48896	MATCH
sia_csmith_1141.c	lean	0	0.06	0.06	82504	MATCH
sia_csmith_1142.c	oracle	0	0.04	0.04	48660	MATCH
sia_csmith_1142.c	lean	0	0.06	0.06	82180	MATCH
sia_csmith_1143.c	oracle	0	1.64	1.64	124792	MATCH
sia_csmith_1143.c	lean	0	4.45	4.45	142988	MATCH
sia_csmith_1144.c	oracle	124	15.05	15.04	732916	CERB_SKIP
sia_csmith_1144.c	lean	NA	NA	NA	NA	CERB_SKIP
sia_csmith_1145.c	oracle	124	15.06	15.05	736860	CERB_SKIP
sia_csmith_1145.c	lean	NA	NA	NA	NA	CERB_SKIP
sia_csmith_1146.c	oracle	124	15.03	15.03	522620	CERB_SKIP
sia_csmith_1146.c	lean	NA	NA	NA	NA	CERB_SKIP
sia_csmith_1147.c	oracle	124	15.05	15.05	712168	CERB_SKIP
sia_csmith_1147.c	lean	NA	NA	NA	NA	CERB_SKIP
sia_csmith_1148.c	oracle	0	0.08	0.08	64284	MATCH
sia_csmith_1148.c	lean	0	0.17	0.16	105964	MATCH
sia_csmith_1149.c	oracle	0	0.04	0.04	48884	MATCH
sia_csmith_1149.c	lean	0	0.07	0.06	82956	MATCH
sia_csmith_115.c	oracle	0	0.05	0.04	51676	MATCH
sia_csmith_115.c	lean	0	0.09	0.08	87320	MATCH
sia_csmith_1150.c	oracle	0	0.07	0.07	61124	MATCH
sia_csmith_1150.c	lean	0	0.14	0.14	102380	MATCH
sia_csmith_1151.c	oracle	124	15.05	15.04	698400	CERB_SKIP
sia_csmith_1151.c	lean	NA	NA	NA	NA	CERB_SKIP
sia_csmith_1152.c	oracle	124	15.05	15.04	719136	CERB_SKIP
sia_csmith_1152.c	lean	NA	NA	NA	NA	CERB_SKIP
sia_csmith_1153.c	oracle	124	15.05	15.04	689808	CERB_SKIP
sia_csmith_1153.c	lean	NA	NA	NA	NA	CERB_SKIP
sia_csmith_1154.c	oracle	124	15.05	15.04	669248	CERB_SKIP
sia_csmith_1154.c	lean	NA	NA	NA	NA	CERB_SKIP
sia_csmith_1155.c	oracle	0	0.04	0.03	48792	MATCH
sia_csmith_1155.c	lean	0	0.06	0.06	82396	MATCH
sia_csmith_1156.c	oracle	124	15.05	15.05	735584	CERB_SKIP
sia_csmith_1156.c	lean	NA	NA	NA	NA	CERB_SKIP
sia_csmith_1157.c	oracle	0	0.04	0.03	48284	MATCH
sia_csmith_1157.c	lean	0	0.06	0.05	82080	MATCH
sia_csmith_1158.c	oracle	124	15.05	15.04	649516	CERB_SKIP
sia_csmith_1158.c	lean	NA	NA	NA	NA	CERB_SKIP
sia_csmith_1159.c	oracle	124	15.05	15.05	697608	CERB_SKIP
sia_csmith_1159.c	lean	NA	NA	NA	NA	CERB_SKIP
sia_csmith_116.c	oracle	0	0.05	0.04	50096	MATCH
sia_csmith_116.c	lean	0	0.09	0.08	84224	MATCH
sia_csmith_1160.c	oracle	0	0.04	0.03	48512	MATCH
sia_csmith_1160.c	lean	0	0.07	0.06	82416	MATCH
sia_csmith_1161.c	oracle	124	15.05	15.04	717048	CERB_SKIP
sia_csmith_1161.c	lean	NA	NA	NA	NA	CERB_SKIP
sia_csmith_1162.c	oracle	124	15.05	15.05	724396	CERB_SKIP
sia_csmith_1162.c	lean	NA	NA	NA	NA	CERB_SKIP
sia_csmith_1163.c	oracle	124	15.03	15.02	473728	CERB_SKIP
sia_csmith_1163.c	lean	NA	NA	NA	NA	CERB_SKIP
sia_csmith_1164.c	oracle	124	15.05	15.04	666120	CERB_SKIP
sia_csmith_1164.c	lean	NA	NA	NA	NA	CERB_SKIP
sia_csmith_1165.c	oracle	124	15.05	15.04	729772	CERB_SKIP
sia_csmith_1165.c	lean	NA	NA	NA	NA	CERB_SKIP
sia_csmith_1166.c	oracle	0	0.05	0.04	48332	MATCH
sia_csmith_1166.c	lean	0	0.08	0.07	83836	MATCH
sia_csmith_1167.c	oracle	124	15.05	15.04	632508	CERB_SKIP
sia_csmith_1167.c	lean	NA	NA	NA	NA	CERB_SKIP
sia_csmith_1168.c	oracle	0	0.08	0.08	62000	MATCH
sia_csmith_1168.c	lean	0	0.17	0.17	102884	MATCH
sia_csmith_1169.c	oracle	124	15.05	15.04	746744	CERB_SKIP
sia_csmith_1169.c	lean	NA	NA	NA	NA	CERB_SKIP
sia_csmith_117.c	oracle	0	0.04	0.04	49232	MATCH
sia_csmith_117.c	lean	0	0.07	0.06	85288	MATCH
sia_csmith_1170.c	oracle	124	15.05	15.04	679716	CERB_SKIP
sia_csmith_1170.c	lean	NA	NA	NA	NA	CERB_SKIP
sia_csmith_1171.c	oracle	124	15.05	15.03	652992	CERB_SKIP
sia_csmith_1171.c	lean	NA	NA	NA	NA	CERB_SKIP
sia_csmith_1172.c	oracle	0	0.07	0.06	59948	MATCH
sia_csmith_1172.c	lean	0	0.13	0.12	99668	MATCH
sia_csmith_1173.c	oracle	0	0.04	0.04	48492	MATCH
sia_csmith_1173.c	lean	0	0.07	0.06	82440	MATCH
sia_csmith_1174.c	oracle	124	15.04	15.04	593288	CERB_SKIP
sia_csmith_1174.c	lean	NA	NA	NA	NA	CERB_SKIP
sia_csmith_1175.c	oracle	124	15.04	15.03	616496	CERB_SKIP
sia_csmith_1175.c	lean	NA	NA	NA	NA	CERB_SKIP
sia_csmith_1176.c	oracle	124	15.05	15.04	717988	CERB_SKIP
sia_csmith_1176.c	lean	NA	NA	NA	NA	CERB_SKIP
sia_csmith_1177.c	oracle	0	0.04	0.03	48916	MATCH
sia_csmith_1177.c	lean	0	0.06	0.06	82156	MATCH
sia_csmith_1178.c	oracle	124	15.05	15.04	669880	CERB_SKIP
sia_csmith_1178.c	lean	NA	NA	NA	NA	CERB_SKIP
sia_csmith_1179.c	oracle	124	15.05	15.05	694512	CERB_SKIP
sia_csmith_1179.c	lean	NA	NA	NA	NA	CERB_SKIP
sia_csmith_118.c	oracle	124	15.05	15.04	730356	CERB_SKIP
sia_csmith_118.c	lean	NA	NA	NA	NA	CERB_SKIP
sia_csmith_1180.c	oracle	124	15.05	15.04	646412	CERB_SKIP
sia_csmith_1180.c	lean	NA	NA	NA	NA	CERB_SKIP
sia_csmith_1181.c	oracle	124	15.05	15.05	729104	CERB_SKIP
sia_csmith_1181.c	lean	NA	NA	NA	NA	CERB_SKIP
sia_csmith_1182.c	oracle	0	0.04	0.04	49040	MATCH
sia_csmith_1182.c	lean	0	0.08	0.08	83076	MATCH
sia_csmith_1183.c	oracle	124	15.05	15.05	694732	CERB_SKIP
sia_csmith_1183.c	lean	NA	NA	NA	NA	CERB_SKIP
sia_csmith_1184.c	oracle	124	15.06	15.05	732424	CERB_SKIP
sia_csmith_1184.c	lean	NA	NA	NA	NA	CERB_SKIP
sia_csmith_1185.c	oracle	124	15.05	15.04	709456	CERB_SKIP
sia_csmith_1185.c	lean	NA	NA	NA	NA	CERB_SKIP
sia_csmith_1186.c	oracle	0	0.04	0.04	49020	MATCH
sia_csmith_1186.c	lean	0	0.07	0.06	83440	MATCH
sia_csmith_1187.c	oracle	124	15.05	15.04	673876	CERB_SKIP
sia_csmith_1187.c	lean	NA	NA	NA	NA	CERB_SKIP
sia_csmith_1188.c	oracle	0	0.04	0.03	48404	MATCH
sia_csmith_1188.c	lean	0	0.07	0.06	83224	MATCH
sia_csmith_1189.c	oracle	124	15.05	15.04	673628	CERB_SKIP
sia_csmith_1189.c	lean	NA	NA	NA	NA	CERB_SKIP
sia_csmith_119.c	oracle	0	0.04	0.03	48504	MATCH
sia_csmith_119.c	lean	0	0.06	0.06	83008	MATCH
sia_csmith_1190.c	oracle	124	15.04	15.04	599732	CERB_SKIP
sia_csmith_1190.c	lean	NA	NA	NA	NA	CERB_SKIP
sia_csmith_1191.c	oracle	0	0.07	0.06	59708	MATCH
sia_csmith_1191.c	lean	0	0.14	0.13	101392	MATCH
sia_csmith_1192.c	oracle	124	15.05	15.04	706312	CERB_SKIP
sia_csmith_1192.c	lean	NA	NA	NA	NA	CERB_SKIP
sia_csmith_120.c	oracle	0	1.16	1.16	96032	MATCH
sia_csmith_120.c	lean	0	3.35	3.34	113248	MATCH
sia_csmith_121.c	oracle	0	0.06	0.05	50560	MATCH
sia_csmith_121.c	lean	0	0.10	0.09	84848	MATCH
sia_csmith_122.c	oracle	0	2.53	2.52	155072	MATCH
sia_csmith_122.c	lean	0	6.51	6.50	170824	MATCH
sia_csmith_123.c	oracle	0	0.04	0.04	48776	MATCH
sia_csmith_123.c	lean	0	0.06	0.05	81132	MATCH
sia_csmith_124.c	oracle	0	0.04	0.04	48600	MATCH
sia_csmith_124.c	lean	0	0.06	0.06	82440	MATCH
sia_csmith_125.c	oracle	0	0.65	0.64	73452	MATCH
sia_csmith_125.c	lean	0	1.90	1.89	93824	MATCH
sia_csmith_126.c	oracle	0	0.04	0.03	48764	MATCH
sia_csmith_126.c	lean	0	0.06	0.05	81944	MATCH
sia_csmith_127.c	oracle	0	0.04	0.03	48576	MATCH
sia_csmith_127.c	lean	0	0.06	0.05	83428	MATCH
sia_csmith_128.c	oracle	124	15.03	15.02	507308	CERB_SKIP
sia_csmith_128.c	lean	NA	NA	NA	NA	CERB_SKIP
sia_csmith_129.c	oracle	0	0.04	0.03	48288	MATCH
sia_csmith_129.c	lean	0	0.06	0.05	82528	MATCH
sia_csmith_130.c	oracle	124	15.03	15.02	412168	CERB_SKIP
sia_csmith_130.c	lean	NA	NA	NA	NA	CERB_SKIP
sia_csmith_131.c	oracle	124	15.05	15.04	652556	CERB_SKIP
sia_csmith_131.c	lean	NA	NA	NA	NA	CERB_SKIP
sia_csmith_132.c	oracle	124	15.04	15.03	605372	CERB_SKIP
sia_csmith_132.c	lean	NA	NA	NA	NA	CERB_SKIP
sia_csmith_133.c	oracle	0	0.05	0.04	50236	MATCH
sia_csmith_133.c	lean	0	0.07	0.07	85116	MATCH
sia_csmith_134.c	oracle	0	0.04	0.04	49028	MATCH
sia_csmith_134.c	lean	0	0.07	0.06	82536	MATCH
sia_csmith_135.c	oracle	124	15.04	15.03	574648	CERB_SKIP
sia_csmith_135.c	lean	NA	NA	NA	NA	CERB_SKIP
sia_csmith_136.c	oracle	0	0.95	0.95	94508	MATCH
sia_csmith_136.c	lean	0	2.45	2.45	121100	MATCH
sia_csmith_137.c	oracle	124	15.04	15.03	583900	CERB_SKIP
sia_csmith_137.c	lean	NA	NA	NA	NA	CERB_SKIP
sia_csmith_138.c	oracle	124	15.03	15.03	559772	CERB_SKIP
sia_csmith_138.c	lean	NA	NA	NA	NA	CERB_SKIP
sia_csmith_139.c	oracle	0	4.58	4.58	240840	MATCH
sia_csmith_139.c	lean	0	13.49	13.48	237860	MATCH
sia_csmith_140.c	oracle	0	0.04	0.04	48604	MATCH
sia_csmith_140.c	lean	0	0.07	0.07	83676	MATCH
sia_csmith_141.c	oracle	0	0.04	0.03	48544	MATCH
sia_csmith_141.c	lean	0	0.06	0.05	81196	MATCH
sia_csmith_142.c	oracle	0	0.04	0.03	48728	MATCH
sia_csmith_142.c	lean	0	0.07	0.06	82976	MATCH
sia_csmith_143.c	oracle	0	0.08	0.07	52704	MATCH
sia_csmith_143.c	lean	0	0.15	0.15	86956	MATCH
sia_csmith_144.c	oracle	0	0.04	0.03	48808	MATCH
sia_csmith_144.c	lean	0	0.07	0.06	82620	MATCH
sia_csmith_145.c	oracle	0	0.05	0.04	49464	MATCH
sia_csmith_145.c	lean	0	0.09	0.08	84632	MATCH
sia_csmith_146.c	oracle	0	0.04	0.04	48080	MATCH
sia_csmith_146.c	lean	0	0.06	0.05	83856	MATCH
sia_csmith_147.c	oracle	0	0.09	0.09	51068	MATCH
sia_csmith_147.c	lean	0	0.19	0.19	84512	MATCH
sia_csmith_148.c	oracle	124	15.05	15.04	717876	CERB_SKIP
sia_csmith_148.c	lean	NA	NA	NA	NA	CERB_SKIP
sia_csmith_149.c	oracle	0	0.05	0.04	48208	MATCH
sia_csmith_149.c	lean	0	0.07	0.06	81940	MATCH
sia_csmith_150.c	oracle	0	0.04	0.03	47852	MATCH
sia_csmith_150.c	lean	0	0.06	0.05	83476	MATCH
sia_csmith_151.c	oracle	124	15.04	15.04	690652	CERB_SKIP
sia_csmith_151.c	lean	NA	NA	NA	NA	CERB_SKIP
sia_csmith_152.c	oracle	0	0.04	0.03	49004	MATCH
sia_csmith_152.c	lean	0	0.06	0.05	82208	MATCH
sia_csmith_153.c	oracle	0	0.04	0.04	48516	MATCH
sia_csmith_153.c	lean	0	0.06	0.05	82428	MATCH
sia_csmith_154.c	oracle	0	0.05	0.05	50884	MATCH
sia_csmith_154.c	lean	0	0.09	0.08	86424	MATCH
sia_csmith_155.c	oracle	124	15.05	15.04	725592	CERB_SKIP
sia_csmith_155.c	lean	NA	NA	NA	NA	CERB_SKIP
sia_csmith_156.c	oracle	0	0.04	0.03	48492	MATCH
sia_csmith_156.c	lean	0	0.06	0.05	82884	MATCH
sia_csmith_157.c	oracle	124	15.04	15.04	660848	CERB_SKIP
sia_csmith_157.c	lean	NA	NA	NA	NA	CERB_SKIP
sia_csmith_158.c	oracle	124	15.05	15.04	722280	CERB_SKIP
sia_csmith_158.c	lean	NA	NA	NA	NA	CERB_SKIP
sia_csmith_159.c	oracle	0	0.06	0.06	50908	MATCH
sia_csmith_159.c	lean	0	0.13	0.13	85336	MATCH
sia_csmith_160.c	oracle	0	0.04	0.03	48812	MATCH
sia_csmith_160.c	lean	0	0.07	0.06	83340	MATCH
sia_csmith_161.c	oracle	0	7.07	7.06	342704	TIMEOUT
sia_csmith_161.c	lean	124	15.00	15.00	265496	TIMEOUT
sia_csmith_162.c	oracle	124	15.02	15.01	297388	CERB_SKIP
sia_csmith_162.c	lean	NA	NA	NA	NA	CERB_SKIP
sia_csmith_163.c	oracle	124	15.03	15.03	513644	CERB_SKIP
sia_csmith_163.c	lean	NA	NA	NA	NA	CERB_SKIP
sia_csmith_164.c	oracle	0	0.22	0.22	57796	MATCH
sia_csmith_164.c	lean	0	0.64	0.63	86552	MATCH
sia_csmith_165.c	oracle	0	0.04	0.03	48916	MATCH
sia_csmith_165.c	lean	0	0.06	0.06	82736	MATCH
sia_csmith_166.c	oracle	0	0.05	0.04	50984	MATCH
sia_csmith_166.c	lean	0	0.08	0.08	87460	MATCH
sia_csmith_167.c	oracle	0	0.04	0.03	48780	MATCH
sia_csmith_167.c	lean	0	0.07	0.06	82392	MATCH
sia_csmith_168.c	oracle	0	0.04	0.04	49324	MATCH
sia_csmith_168.c	lean	0	0.08	0.08	83176	MATCH
sia_csmith_169.c	oracle	0	5.55	5.55	306192	MATCH
sia_csmith_169.c	lean	0	14.94	14.93	328536	MATCH
sia_csmith_170.c	oracle	0	0.06	0.06	49648	MATCH
sia_csmith_170.c	lean	0	0.12	0.11	82824	MATCH
sia_csmith_171.c	oracle	124	15.04	15.03	586076	CERB_SKIP
sia_csmith_171.c	lean	NA	NA	NA	NA	CERB_SKIP
sia_csmith_172.c	oracle	0	0.04	0.04	48680	MATCH
sia_csmith_172.c	lean	0	0.07	0.06	82476	MATCH
sia_csmith_173.c	oracle	0	0.04	0.03	48440	MATCH
sia_csmith_173.c	lean	0	0.06	0.05	81216	MATCH
sia_csmith_174.c	oracle	124	15.05	15.05	729892	CERB_SKIP
sia_csmith_174.c	lean	NA	NA	NA	NA	CERB_SKIP
sia_csmith_175.c	oracle	0	0.04	0.04	48500	MATCH
sia_csmith_175.c	lean	0	0.07	0.07	83504	MATCH
sia_csmith_176.c	oracle	0	0.04	0.03	48396	MATCH
sia_csmith_176.c	lean	0	0.07	0.06	82280	MATCH
sia_csmith_177.c	oracle	0	0.05	0.04	49552	MATCH
sia_csmith_177.c	lean	0	0.08	0.07	85116	MATCH
sia_csmith_178.c	oracle	0	0.14	0.13	56840	MATCH
sia_csmith_178.c	lean	0	0.31	0.30	91496	MATCH
sia_csmith_179.c	oracle	0	0.04	0.04	48388	MATCH
sia_csmith_179.c	lean	0	0.06	0.06	82652	MATCH
sia_csmith_180.c	oracle	124	15.05	15.04	693736	CERB_SKIP
sia_csmith_180.c	lean	NA	NA	NA	NA	CERB_SKIP
sia_csmith_181.c	oracle	0	1.00	0.99	93408	MATCH
sia_csmith_181.c	lean	0	2.65	2.65	118888	MATCH
sia_csmith_182.c	oracle	0	0.04	0.04	48896	MATCH
sia_csmith_182.c	lean	0	0.06	0.05	83680	MATCH
sia_csmith_183.c	oracle	124	15.04	15.03	619140	CERB_SKIP
sia_csmith_183.c	lean	NA	NA	NA	NA	CERB_SKIP
sia_csmith_184.c	oracle	0	0.07	0.06	50636	MATCH
sia_csmith_184.c	lean	0	0.13	0.12	84536	MATCH
sia_csmith_185.c	oracle	0	0.04	0.03	48840	MATCH
sia_csmith_185.c	lean	0	0.06	0.06	83012	MATCH
sia_csmith_186.c	oracle	0	0.09	0.09	53252	MATCH
sia_csmith_186.c	lean	0	0.22	0.21	86740	MATCH
sia_csmith_187.c	oracle	0	0.06	0.05	54304	MATCH
sia_csmith_187.c	lean	0	0.11	0.10	93800	MATCH
sia_csmith_188.c	oracle	124	15.05	15.04	718492	CERB_SKIP
sia_csmith_188.c	lean	NA	NA	NA	NA	CERB_SKIP
sia_csmith_189.c	oracle	124	15.03	15.02	450024	CERB_SKIP
sia_csmith_189.c	lean	NA	NA	NA	NA	CERB_SKIP
sia_csmith_190.c	oracle	124	15.04	15.03	578472	CERB_SKIP
sia_csmith_190.c	lean	NA	NA	NA	NA	CERB_SKIP
sia_csmith_191.c	oracle	124	15.04	15.04	685964	CERB_SKIP
sia_csmith_191.c	lean	NA	NA	NA	NA	CERB_SKIP
sia_csmith_192.c	oracle	0	0.05	0.05	50308	MATCH
sia_csmith_192.c	lean	0	0.08	0.08	84892	MATCH
sia_csmith_193.c	oracle	124	15.04	15.03	559664	CERB_SKIP
sia_csmith_193.c	lean	NA	NA	NA	NA	CERB_SKIP
sia_csmith_194.c	oracle	0	0.04	0.04	49664	MATCH
sia_csmith_194.c	lean	0	0.07	0.06	84304	MATCH
sia_csmith_195.c	oracle	124	15.05	15.04	663108	CERB_SKIP
sia_csmith_195.c	lean	NA	NA	NA	NA	CERB_SKIP
sia_csmith_196.c	oracle	0	0.05	0.05	51180	MATCH
sia_csmith_196.c	lean	0	0.10	0.09	86424	MATCH
sia_csmith_197.c	oracle	0	0.04	0.03	48772	MATCH
sia_csmith_197.c	lean	0	0.06	0.06	83156	MATCH
sia_csmith_198.c	oracle	0	0.08	0.07	50316	MATCH
sia_csmith_198.c	lean	0	0.17	0.17	82496	MATCH
sia_csmith_199.c	oracle	0	0.04	0.03	48792	MATCH
sia_csmith_199.c	lean	0	0.07	0.06	82160	MATCH
sia_csmith_200.c	oracle	0	0.04	0.04	49684	MATCH
sia_csmith_200.c	lean	0	0.07	0.07	84816	MATCH
sia_csmith_201.c	oracle	124	15.04	15.04	663524	CERB_SKIP
sia_csmith_201.c	lean	NA	NA	NA	NA	CERB_SKIP
sia_csmith_202.c	oracle	0	0.07	0.06	56316	MATCH
sia_csmith_202.c	lean	0	0.14	0.14	92372	MATCH
sia_csmith_203.c	oracle	124	15.04	15.03	608304	CERB_SKIP
sia_csmith_203.c	lean	NA	NA	NA	NA	CERB_SKIP
sia_csmith_204.c	oracle	124	15.04	15.04	698048	CERB_SKIP
sia_csmith_204.c	lean	NA	NA	NA	NA	CERB_SKIP
sia_csmith_205.c	oracle	0	1.02	1.02	82760	MATCH
sia_csmith_205.c	lean	0	3.18	3.18	103580	MATCH
sia_csmith_206.c	oracle	124	15.04	15.03	649568	CERB_SKIP
sia_csmith_206.c	lean	NA	NA	NA	NA	CERB_SKIP
sia_csmith_207.c	oracle	0	0.05	0.05	54036	MATCH
sia_csmith_207.c	lean	0	0.10	0.09	89012	MATCH
sia_csmith_208.c	oracle	0	0.04	0.03	48480	MATCH
sia_csmith_208.c	lean	0	0.06	0.05	83376	MATCH
sia_csmith_209.c	oracle	0	0.07	0.07	53444	MATCH
sia_csmith_209.c	lean	0	0.14	0.13	88596	MATCH
sia_csmith_210.c	oracle	0	0.04	0.04	49048	MATCH
sia_csmith_210.c	lean	0	0.07	0.06	84176	MATCH
sia_csmith_211.c	oracle	0	0.04	0.03	49072	MATCH
sia_csmith_211.c	lean	0	0.06	0.05	81320	MATCH
sia_csmith_212.c	oracle	0	0.04	0.03	48852	MATCH
sia_csmith_212.c	lean	0	0.07	0.06	83040	MATCH
sia_csmith_213.c	oracle	0	0.07	0.06	54036	MATCH
sia_csmith_213.c	lean	0	0.12	0.11	88560	MATCH
sia_csmith_214.c	oracle	124	15.04	15.03	631864	CERB_SKIP
sia_csmith_214.c	lean	NA	NA	NA	NA	CERB_SKIP
sia_csmith_215.c	oracle	0	0.11	0.10	53896	MATCH
sia_csmith_215.c	lean	0	0.25	0.24	85244	MATCH
sia_csmith_216.c	oracle	0	0.13	0.12	55400	MATCH
sia_csmith_216.c	lean	0	0.32	0.31	87228	MATCH
sia_csmith_217.c	oracle	0	0.04	0.04	50880	MATCH
sia_csmith_217.c	lean	0	0.08	0.07	86456	MATCH
sia_csmith_218.c	oracle	0	0.04	0.03	48492	MATCH
sia_csmith_218.c	lean	0	0.06	0.05	83016	MATCH
sia_csmith_219.c	oracle	0	0.04	0.03	48592	MATCH
sia_csmith_219.c	lean	0	0.06	0.05	81256	MATCH
sia_csmith_220.c	oracle	0	0.04	0.03	48260	MATCH
sia_csmith_220.c	lean	0	0.06	0.05	83348	MATCH
sia_csmith_221.c	oracle	0	0.08	0.07	50912	MATCH
sia_csmith_221.c	lean	0	0.18	0.17	82380	MATCH
sia_csmith_222.c	oracle	124	15.04	15.03	574852	CERB_SKIP
sia_csmith_222.c	lean	NA	NA	NA	NA	CERB_SKIP
sia_csmith_223.c	oracle	0	0.04	0.03	49048	MATCH
sia_csmith_223.c	lean	0	0.07	0.06	82800	MATCH
sia_csmith_224.c	oracle	0	0.62	0.62	74184	MATCH
sia_csmith_224.c	lean	0	1.82	1.81	99156	MATCH
sia_csmith_225.c	oracle	0	0.05	0.04	50608	MATCH
sia_csmith_225.c	lean	0	0.08	0.07	85896	MATCH
sia_csmith_226.c	oracle	0	0.05	0.05	48836	MATCH
sia_csmith_226.c	lean	0	0.09	0.08	85448	MATCH
sia_csmith_227.c	oracle	0	0.04	0.03	48632	MATCH
sia_csmith_227.c	lean	0	0.06	0.05	83236	MATCH
sia_csmith_228.c	oracle	124	15.05	15.04	680356	CERB_SKIP
sia_csmith_228.c	lean	NA	NA	NA	NA	CERB_SKIP
sia_csmith_229.c	oracle	124	15.05	15.04	712652	CERB_SKIP
sia_csmith_229.c	lean	NA	NA	NA	NA	CERB_SKIP
sia_csmith_230.c	oracle	0	0.04	0.03	48804	MATCH
sia_csmith_230.c	lean	0	0.06	0.05	82188	MATCH
sia_csmith_231.c	oracle	0	0.04	0.04	48704	MATCH
sia_csmith_231.c	lean	0	0.06	0.05	82376	MATCH
sia_csmith_232.c	oracle	0	0.05	0.04	53160	MATCH
sia_csmith_232.c	lean	0	0.09	0.09	88052	MATCH
sia_csmith_233.c	oracle	0	0.04	0.04	48248	MATCH
sia_csmith_233.c	lean	0	0.07	0.06	82828	MATCH
sia_csmith_234.c	oracle	0	0.04	0.03	49080	MATCH
sia_csmith_234.c	lean	0	0.06	0.06	82248	MATCH
sia_csmith_235.c	oracle	0	0.04	0.03	49052	MATCH
sia_csmith_235.c	lean	0	0.06	0.05	83080	MATCH
sia_csmith_236.c	oracle	0	0.06	0.05	53972	MATCH
sia_csmith_236.c	lean	0	0.11	0.10	88504	MATCH
sia_csmith_237.c	oracle	0	0.05	0.04	50044	MATCH
sia_csmith_237.c	lean	0	0.08	0.07	84724	MATCH
sia_csmith_238.c	oracle	124	15.05	15.04	673148	CERB_SKIP
sia_csmith_238.c	lean	NA	NA	NA	NA	CERB_SKIP
sia_csmith_239.c	oracle	0	0.04	0.03	48516	MATCH
sia_csmith_239.c	lean	0	0.06	0.05	83024	MATCH
sia_csmith_240.c	oracle	0	0.04	0.03	48936	MATCH
sia_csmith_240.c	lean	0	0.06	0.05	82228	MATCH
sia_csmith_241.c	oracle	0	0.04	0.04	48552	MATCH
sia_csmith_241.c	lean	0	0.06	0.06	82024	MATCH
sia_csmith_242.c	oracle	0	0.04	0.04	48532	MATCH
sia_csmith_242.c	lean	0	0.06	0.06	83168	MATCH
sia_csmith_243.c	oracle	0	0.04	0.03	48096	MATCH
sia_csmith_243.c	lean	0	0.06	0.05	82328	MATCH
sia_csmith_244.c	oracle	0	0.64	0.64	76792	MATCH
sia_csmith_244.c	lean	0	1.72	1.72	100324	MATCH
sia_csmith_245.c	oracle	0	0.04	0.03	49000	MATCH
sia_csmith_245.c	lean	0	0.07	0.07	81936	MATCH
sia_csmith_246.c	oracle	0	0.04	0.03	48660	MATCH
sia_csmith_246.c	lean	0	0.07	0.06	82396	MATCH
sia_csmith_247.c	oracle	0	0.04	0.03	48968	MATCH
sia_csmith_247.c	lean	0	0.06	0.06	82712	MATCH
sia_csmith_248.c	oracle	0	0.04	0.03	48764	MATCH
sia_csmith_248.c	lean	0	0.06	0.06	82076	MATCH
sia_csmith_249.c	oracle	0	0.05	0.04	50468	MATCH
sia_csmith_249.c	lean	0	0.08	0.07	84632	MATCH
sia_csmith_250.c	oracle	0	0.04	0.04	48484	MATCH
sia_csmith_250.c	lean	0	0.06	0.06	81232	MATCH
sia_csmith_251.c	oracle	0	0.04	0.04	48944	MATCH
sia_csmith_251.c	lean	0	0.07	0.07	82156	MATCH
sia_csmith_252.c	oracle	0	0.04	0.03	48836	MATCH
sia_csmith_252.c	lean	0	0.06	0.06	83148	MATCH
sia_csmith_253.c	oracle	0	0.04	0.03	48704	MATCH
sia_csmith_253.c	lean	0	0.06	0.05	82488	MATCH
sia_csmith_254.c	oracle	0	0.04	0.04	48812	MATCH
sia_csmith_254.c	lean	0	0.06	0.06	82012	MATCH
sia_csmith_255.c	oracle	0	0.04	0.03	49000	MATCH
sia_csmith_255.c	lean	0	0.06	0.05	82476	MATCH
sia_csmith_256.c	oracle	0	0.04	0.03	48436	MATCH
sia_csmith_256.c	lean	0	0.06	0.05	82232	MATCH
sia_csmith_257.c	oracle	124	15.04	15.03	644516	CERB_SKIP
sia_csmith_257.c	lean	NA	NA	NA	NA	CERB_SKIP
sia_csmith_258.c	oracle	0	0.04	0.04	49136	MATCH
sia_csmith_258.c	lean	0	0.06	0.06	82188	MATCH
sia_csmith_259.c	oracle	0	0.05	0.04	50576	MATCH
sia_csmith_259.c	lean	0	0.08	0.07	83264	MATCH
sia_csmith_260.c	oracle	0	0.06	0.05	53556	MATCH
sia_csmith_260.c	lean	0	0.12	0.11	89888	MATCH
sia_csmith_261.c	oracle	0	0.04	0.04	49124	MATCH
sia_csmith_261.c	lean	0	0.07	0.07	82324	MATCH
sia_csmith_262.c	oracle	0	0.06	0.05	49856	MATCH
sia_csmith_262.c	lean	0	0.11	0.10	82212	MATCH
sia_csmith_263.c	oracle	0	0.05	0.04	49376	MATCH
sia_csmith_263.c	lean	0	0.09	0.08	83440	MATCH
sia_csmith_264.c	oracle	0	0.07	0.06	54724	MATCH
sia_csmith_264.c	lean	0	0.16	0.16	88708	MATCH
sia_csmith_265.c	oracle	0	0.05	0.04	50088	MATCH
sia_csmith_265.c	lean	0	0.07	0.07	84860	MATCH
sia_csmith_266.c	oracle	0	0.05	0.04	49044	MATCH
sia_csmith_266.c	lean	0	0.07	0.06	84120	MATCH
sia_csmith_267.c	oracle	0	0.04	0.03	48872	MATCH
sia_csmith_267.c	lean	0	0.06	0.05	83040	MATCH
sia_csmith_268.c	oracle	0	0.04	0.03	47824	MATCH
sia_csmith_268.c	lean	0	0.06	0.06	83328	MATCH
sia_csmith_269.c	oracle	0	0.04	0.03	48572	MATCH
sia_csmith_269.c	lean	0	0.06	0.05	82376	MATCH
sia_csmith_270.c	oracle	0	0.05	0.04	48380	MATCH
sia_csmith_270.c	lean	0	0.08	0.07	82232	MATCH
sia_csmith_271.c	oracle	0	0.06	0.05	53208	MATCH
sia_csmith_271.c	lean	0	0.10	0.09	90608	MATCH
sia_csmith_272.c	oracle	0	0.13	0.13	53204	MATCH
sia_csmith_272.c	lean	0	0.31	0.30	82696	MATCH
sia_csmith_273.c	oracle	0	0.04	0.04	48456	MATCH
sia_csmith_273.c	lean	0	0.06	0.06	83876	MATCH
sia_csmith_274.c	oracle	0	0.04	0.03	48408	MATCH
sia_csmith_274.c	lean	0	0.06	0.05	83204	MATCH
sia_csmith_275.c	oracle	0	0.18	0.17	57420	MATCH
sia_csmith_275.c	lean	0	0.43	0.42	89120	MATCH
sia_csmith_276.c	oracle	0	0.22	0.21	59384	MATCH
sia_csmith_276.c	lean	0	0.57	0.57	91388	MATCH
sia_csmith_277.c	oracle	0	0.04	0.04	48368	MATCH
sia_csmith_277.c	lean	0	0.08	0.07	82644	MATCH
sia_csmith_278.c	oracle	0	0.04	0.04	48584	MATCH
sia_csmith_278.c	lean	0	0.07	0.06	80952	MATCH
sia_csmith_279.c	oracle	0	0.09	0.09	53996	MATCH
sia_csmith_279.c	lean	0	0.19	0.18	88864	MATCH
sia_csmith_280.c	oracle	124	15.02	15.01	339208	CERB_SKIP
sia_csmith_280.c	lean	NA	NA	NA	NA	CERB_SKIP
sia_csmith_281.c	oracle	0	0.06	0.06	53100	MATCH
sia_csmith_281.c	lean	0	0.11	0.10	88656	MATCH
sia_csmith_282.c	oracle	124	15.03	15.03	523704	CERB_SKIP
sia_csmith_282.c	lean	NA	NA	NA	NA	CERB_SKIP
sia_csmith_283.c	oracle	0	0.04	0.04	48984	MATCH
sia_csmith_283.c	lean	0	0.06	0.06	82672	MATCH
sia_csmith_284.c	oracle	0	0.05	0.04	50672	MATCH
sia_csmith_284.c	lean	0	0.08	0.07	84396	MATCH
sia_csmith_285.c	oracle	124	15.04	15.03	643164	CERB_SKIP
sia_csmith_285.c	lean	NA	NA	NA	NA	CERB_SKIP
sia_csmith_286.c	oracle	0	0.10	0.10	52844	MATCH
sia_csmith_286.c	lean	0	0.24	0.23	85216	MATCH
sia_csmith_287.c	oracle	124	15.05	15.04	694052	CERB_SKIP
sia_csmith_287.c	lean	NA	NA	NA	NA	CERB_SKIP
sia_csmith_288.c	oracle	0	0.15	0.14	54832	MATCH
sia_csmith_288.c	lean	0	0.32	0.32	86608	MATCH
sia_csmith_289.c	oracle	0	0.04	0.04	47868	MATCH
sia_csmith_289.c	lean	0	0.06	0.06	82296	MATCH
sia_csmith_290.c	oracle	124	15.05	15.04	606668	CERB_SKIP
sia_csmith_290.c	lean	NA	NA	NA	NA	CERB_SKIP
sia_csmith_291.c	oracle	0	0.04	0.03	48880	MATCH
sia_csmith_291.c	lean	0	0.06	0.05	82560	MATCH
sia_csmith_292.c	oracle	0	0.04	0.04	48992	MATCH
sia_csmith_292.c	lean	0	0.07	0.06	82364	MATCH
sia_csmith_293.c	oracle	0	0.04	0.04	48164	MATCH
sia_csmith_293.c	lean	0	0.07	0.06	82120	MATCH
sia_csmith_294.c	oracle	124	15.04	15.03	593868	CERB_SKIP
sia_csmith_294.c	lean	NA	NA	NA	NA	CERB_SKIP
sia_csmith_295.c	oracle	124	15.02	15.01	292192	CERB_SKIP
sia_csmith_295.c	lean	NA	NA	NA	NA	CERB_SKIP
sia_csmith_296.c	oracle	0	0.04	0.03	48748	MATCH
sia_csmith_296.c	lean	0	0.07	0.06	82260	MATCH
sia_csmith_297.c	oracle	0	0.04	0.04	48748	MATCH
sia_csmith_297.c	lean	0	0.06	0.06	82760	MATCH
sia_csmith_298.c	oracle	0	0.04	0.03	48648	MATCH
sia_csmith_298.c	lean	0	0.07	0.07	82156	MATCH
sia_csmith_299.c	oracle	0	1.77	1.77	110388	MATCH
sia_csmith_299.c	lean	0	5.11	5.10	123220	MATCH
sia_csmith_300.c	oracle	124	15.05	15.04	664772	CERB_SKIP
sia_csmith_300.c	lean	NA	NA	NA	NA	CERB_SKIP
sia_csmith_301.c	oracle	0	0.04	0.03	49204	MATCH
sia_csmith_301.c	lean	0	0.06	0.05	83592	MATCH
sia_csmith_302.c	oracle	0	0.63	0.62	70220	MATCH
sia_csmith_302.c	lean	0	2.05	2.04	88552	MATCH
sia_csmith_303.c	oracle	0	0.05	0.04	50076	MATCH
sia_csmith_303.c	lean	0	0.09	0.08	84052	MATCH
sia_csmith_304.c	oracle	0	0.05	0.05	49996	MATCH
sia_csmith_304.c	lean	0	0.09	0.09	84316	MATCH
sia_csmith_305.c	oracle	0	0.06	0.06	52720	MATCH
sia_csmith_305.c	lean	0	0.12	0.12	86704	MATCH
sia_csmith_306.c	oracle	124	15.01	14.99	148472	CERB_SKIP
sia_csmith_306.c	lean	NA	NA	NA	NA	CERB_SKIP
sia_csmith_307.c	oracle	0	0.04	0.03	48464	MATCH
sia_csmith_307.c	lean	0	0.06	0.06	82428	MATCH
sia_csmith_308.c	oracle	0	0.05	0.04	51060	MATCH
sia_csmith_308.c	lean	0	0.08	0.07	84212	MATCH
sia_csmith_309.c	oracle	124	15.05	15.04	721056	CERB_SKIP
sia_csmith_309.c	lean	NA	NA	NA	NA	CERB_SKIP
sia_csmith_310.c	oracle	0	0.07	0.07	54760	MATCH
sia_csmith_310.c	lean	0	0.13	0.13	90168	MATCH
sia_csmith_311.c	oracle	0	0.04	0.04	49040	MATCH
sia_csmith_311.c	lean	0	0.06	0.05	82404	MATCH
sia_csmith_312.c	oracle	0	0.71	0.71	78644	MATCH
sia_csmith_312.c	lean	0	1.93	1.93	101672	MATCH
sia_csmith_313.c	oracle	0	0.04	0.04	49148	MATCH
sia_csmith_313.c	lean	0	0.07	0.07	82480	MATCH
sia_csmith_314.c	oracle	0	0.04	0.03	48408	MATCH
sia_csmith_314.c	lean	0	0.06	0.06	83544	MATCH
sia_csmith_315.c	oracle	0	0.05	0.04	49472	MATCH
sia_csmith_315.c	lean	0	0.07	0.06	84368	MATCH
sia_csmith_316.c	oracle	0	1.33	1.33	104388	MATCH
sia_csmith_316.c	lean	0	3.95	3.94	125548	MATCH
sia_csmith_317.c	oracle	0	0.54	0.54	71000	MATCH
sia_csmith_317.c	lean	0	1.35	1.34	99672	MATCH
sia_csmith_318.c	oracle	0	0.05	0.05	50732	MATCH
sia_csmith_318.c	lean	0	0.09	0.08	85280	MATCH
sia_csmith_319.c	oracle	124	15.04	15.04	656252	CERB_SKIP
sia_csmith_319.c	lean	NA	NA	NA	NA	CERB_SKIP
sia_csmith_320.c	oracle	0	0.05	0.05	49192	MATCH
sia_csmith_320.c	lean	0	0.08	0.08	84592	MATCH
sia_csmith_321.c	oracle	0	0.19	0.19	57680	MATCH
sia_csmith_321.c	lean	0	0.49	0.48	88980	MATCH
sia_csmith_322.c	oracle	0	0.04	0.03	48948	MATCH
sia_csmith_322.c	lean	0	0.07	0.06	82620	MATCH
sia_csmith_323.c	oracle	0	0.04	0.04	50156	MATCH
sia_csmith_323.c	lean	0	0.07	0.06	84800	MATCH
sia_csmith_324.c	oracle	0	0.06	0.05	49560	MATCH
sia_csmith_324.c	lean	0	0.10	0.10	84660	MATCH
sia_csmith_325.c	oracle	0	0.04	0.04	48576	MATCH
sia_csmith_325.c	lean	0	0.07	0.06	82404	MATCH
sia_csmith_326.c	oracle	124	15.05	15.04	728924	CERB_SKIP
sia_csmith_326.c	lean	NA	NA	NA	NA	CERB_SKIP
sia_csmith_327.c	oracle	0	0.04	0.03	48684	MATCH
sia_csmith_327.c	lean	0	0.07	0.06	82048	MATCH
sia_csmith_328.c	oracle	0	0.04	0.04	48416	MATCH
sia_csmith_328.c	lean	0	0.07	0.06	82692	MATCH
sia_csmith_329.c	oracle	0	0.04	0.04	48052	MATCH
sia_csmith_329.c	lean	0	0.06	0.05	83076	MATCH
sia_csmith_330.c	oracle	0	0.05	0.05	49884	MATCH
sia_csmith_330.c	lean	0	0.10	0.09	83728	MATCH
sia_csmith_331.c	oracle	0	0.06	0.05	50748	MATCH
sia_csmith_331.c	lean	0	0.14	0.13	82568	MATCH
sia_csmith_332.c	oracle	0	0.07	0.06	59780	MATCH
sia_csmith_332.c	lean	0	0.14	0.14	99420	MATCH
sia_csmith_333.c	oracle	0	0.05	0.05	48600	MATCH
sia_csmith_333.c	lean	0	0.09	0.09	82324	MATCH
sia_csmith_334.c	oracle	0	0.05	0.05	49436	MATCH
sia_csmith_334.c	lean	0	0.09	0.09	82428	MATCH
sia_csmith_335.c	oracle	0	0.04	0.04	49204	MATCH
sia_csmith_335.c	lean	0	0.08	0.07	83244	MATCH
sia_csmith_336.c	oracle	0	0.49	0.48	67744	MATCH
sia_csmith_336.c	lean	0	1.50	1.50	89808	MATCH
sia_csmith_337.c	oracle	0	0.04	0.04	49352	MATCH
sia_csmith_337.c	lean	0	0.08	0.07	85208	MATCH
sia_csmith_338.c	oracle	0	0.04	0.04	49224	MATCH
sia_csmith_338.c	lean	0	0.08	0.07	83488	MATCH
sia_csmith_339.c	oracle	0	0.08	0.07	51324	MATCH
sia_csmith_339.c	lean	0	0.18	0.17	83528	MATCH
sia_csmith_340.c	oracle	0	0.05	0.05	52516	MATCH
sia_csmith_340.c	lean	0	0.09	0.09	89340	MATCH
sia_csmith_341.c	oracle	124	15.05	15.04	670464	CERB_SKIP
sia_csmith_341.c	lean	NA	NA	NA	NA	CERB_SKIP
sia_csmith_342.c	oracle	0	0.05	0.04	52096	MATCH
sia_csmith_342.c	lean	0	0.09	0.09	89044	MATCH
sia_csmith_343.c	oracle	0	0.04	0.03	48776	MATCH
sia_csmith_343.c	lean	0	0.07	0.06	82636	MATCH
sia_csmith_344.c	oracle	0	0.05	0.04	53288	MATCH
sia_csmith_344.c	lean	0	0.10	0.09	90588	MATCH
sia_csmith_345.c	oracle	124	15.05	15.04	723872	CERB_SKIP
sia_csmith_345.c	lean	NA	NA	NA	NA	CERB_SKIP
sia_csmith_346.c	oracle	0	0.06	0.05	50400	MATCH
sia_csmith_346.c	lean	0	0.11	0.11	84656	MATCH
sia_csmith_347.c	oracle	0	0.04	0.04	48492	MATCH
sia_csmith_347.c	lean	0	0.06	0.06	83100	MATCH
sia_csmith_348.c	oracle	0	0.04	0.04	49072	MATCH
sia_csmith_348.c	lean	0	0.06	0.06	83564	MATCH
sia_csmith_349.c	oracle	0	0.06	0.06	50164	MATCH
sia_csmith_349.c	lean	0	0.12	0.11	82560	MATCH
sia_csmith_350.c	oracle	0	0.04	0.04	48152	MATCH
sia_csmith_350.c	lean	0	0.07	0.07	82776	MATCH
sia_csmith_351.c	oracle	0	0.04	0.04	48724	MATCH
sia_csmith_351.c	lean	0	0.06	0.06	82292	MATCH
sia_csmith_352.c	oracle	124	15.04	15.03	590972	CERB_SKIP
sia_csmith_352.c	lean	NA	NA	NA	NA	CERB_SKIP
sia_csmith_353.c	oracle	0	0.07	0.06	51508	MATCH
sia_csmith_353.c	lean	0	0.15	0.14	86320	MATCH
sia_csmith_354.c	oracle	0	0.04	0.04	48692	MATCH
sia_csmith_354.c	lean	0	0.07	0.06	82564	MATCH
sia_csmith_355.c	oracle	0	1.12	1.12	87680	MATCH
sia_csmith_355.c	lean	0	3.34	3.33	100400	MATCH
sia_csmith_356.c	oracle	124	15.05	15.03	735120	CERB_SKIP
sia_csmith_356.c	lean	NA	NA	NA	NA	CERB_SKIP
sia_csmith_357.c	oracle	124	15.03	15.03	551548	CERB_SKIP
sia_csmith_357.c	lean	NA	NA	NA	NA	CERB_SKIP
sia_csmith_358.c	oracle	0	0.05	0.04	50332	MATCH
sia_csmith_358.c	lean	0	0.08	0.07	85516	MATCH
sia_csmith_359.c	oracle	0	0.04	0.04	48696	MATCH
sia_csmith_359.c	lean	0	0.06	0.06	83520	MATCH
sia_csmith_360.c	oracle	0	0.04	0.03	48544	MATCH
sia_csmith_360.c	lean	0	0.06	0.05	82984	MATCH
sia_csmith_361.c	oracle	0	0.04	0.03	48804	MATCH
sia_csmith_361.c	lean	0	0.06	0.05	82492	MATCH
sia_csmith_362.c	oracle	0	0.04	0.03	48496	MATCH
sia_csmith_362.c	lean	0	0.06	0.06	82848	MATCH
sia_csmith_363.c	oracle	124	15.03	15.02	386124	CERB_SKIP
sia_csmith_363.c	lean	NA	NA	NA	NA	CERB_SKIP
sia_csmith_364.c	oracle	0	0.05	0.05	51868	MATCH
sia_csmith_364.c	lean	0	0.09	0.09	86460	MATCH
sia_csmith_365.c	oracle	124	15.05	15.04	703808	CERB_SKIP
sia_csmith_365.c	lean	NA	NA	NA	NA	CERB_SKIP
sia_csmith_366.c	oracle	124	15.05	15.04	731072	CERB_SKIP
sia_csmith_366.c	lean	NA	NA	NA	NA	CERB_SKIP
sia_csmith_367.c	oracle	0	0.04	0.03	49056	MATCH
sia_csmith_367.c	lean	0	0.07	0.07	82908	MATCH
sia_csmith_368.c	oracle	0	0.04	0.04	48412	MATCH
sia_csmith_368.c	lean	0	0.06	0.05	82760	MATCH
sia_csmith_369.c	oracle	0	0.07	0.06	58104	MATCH
sia_csmith_369.c	lean	0	0.13	0.12	101080	MATCH
sia_csmith_370.c	oracle	0	0.04	0.04	48636	MATCH
sia_csmith_370.c	lean	0	0.07	0.07	82436	MATCH
sia_csmith_371.c	oracle	0	0.04	0.03	48648	MATCH
sia_csmith_371.c	lean	0	0.07	0.06	82184	MATCH
sia_csmith_372.c	oracle	0	0.45	0.45	67072	MATCH
sia_csmith_372.c	lean	0	1.29	1.28	93524	MATCH
sia_csmith_373.c	oracle	0	0.04	0.04	48112	MATCH
sia_csmith_373.c	lean	0	0.07	0.06	82704	MATCH
sia_csmith_374.c	oracle	0	0.04	0.04	49632	MATCH
sia_csmith_374.c	lean	0	0.07	0.07	84600	MATCH
sia_csmith_375.c	oracle	124	15.04	15.03	622440	CERB_SKIP
sia_csmith_375.c	lean	NA	NA	NA	NA	CERB_SKIP
sia_csmith_376.c	oracle	0	0.04	0.04	50544	MATCH
sia_csmith_376.c	lean	0	0.08	0.07	84224	MATCH
sia_csmith_377.c	oracle	0	0.05	0.05	50360	MATCH
sia_csmith_377.c	lean	0	0.11	0.10	85328	MATCH
sia_csmith_378.c	oracle	124	15.04	15.03	646820	CERB_SKIP
sia_csmith_378.c	lean	NA	NA	NA	NA	CERB_SKIP
sia_csmith_379.c	oracle	0	0.28	0.28	66316	MATCH
sia_csmith_379.c	lean	0	0.74	0.74	97048	MATCH
sia_csmith_380.c	oracle	124	15.05	15.04	692304	CERB_SKIP
sia_csmith_380.c	lean	NA	NA	NA	NA	CERB_SKIP
sia_csmith_381.c	oracle	0	0.07	0.07	49632	MATCH
sia_csmith_381.c	lean	0	0.15	0.14	82676	MATCH
sia_csmith_382.c	oracle	0	0.04	0.04	50424	MATCH
sia_csmith_382.c	lean	0	0.07	0.07	85752	MATCH
sia_csmith_383.c	oracle	0	0.21	0.20	58452	MATCH
sia_csmith_383.c	lean	0	0.55	0.54	88876	MATCH
sia_csmith_384.c	oracle	0	0.39	0.38	66172	MATCH
sia_csmith_384.c	lean	0	1.03	1.02	95656	MATCH
sia_csmith_385.c	oracle	0	0.04	0.04	49000	MATCH
sia_csmith_385.c	lean	0	0.07	0.07	85576	MATCH
sia_csmith_386.c	oracle	0	0.04	0.04	49284	MATCH
sia_csmith_386.c	lean	0	0.08	0.07	82228	MATCH
sia_csmith_387.c	oracle	0	0.07	0.07	50476	MATCH
sia_csmith_387.c	lean	0	0.15	0.14	82532	MATCH
sia_csmith_388.c	oracle	0	0.04	0.04	49064	MATCH
sia_csmith_388.c	lean	0	0.06	0.06	83612	MATCH
sia_csmith_389.c	oracle	0	0.25	0.25	57996	MATCH
sia_csmith_389.c	lean	0	0.62	0.62	87520	MATCH
sia_csmith_390.c	oracle	0	0.04	0.03	48732	MATCH
sia_csmith_390.c	lean	0	0.06	0.05	82616	MATCH
sia_csmith_391.c	oracle	0	0.04	0.04	49140	MATCH
sia_csmith_391.c	lean	0	0.07	0.06	82928	MATCH
sia_csmith_392.c	oracle	0	0.04	0.03	48680	MATCH
sia_csmith_392.c	lean	0	0.07	0.06	83412	MATCH
sia_csmith_393.c	oracle	124	15.04	15.04	656268	CERB_SKIP
sia_csmith_393.c	lean	NA	NA	NA	NA	CERB_SKIP
sia_csmith_394.c	oracle	0	0.04	0.04	48916	MATCH
sia_csmith_394.c	lean	0	0.06	0.06	82300	MATCH
sia_csmith_395.c	oracle	124	15.04	15.03	714724	CERB_SKIP
sia_csmith_395.c	lean	NA	NA	NA	NA	CERB_SKIP
sia_csmith_396.c	oracle	0	0.05	0.05	51240	MATCH
sia_csmith_396.c	lean	0	0.09	0.09	86912	MATCH
sia_csmith_397.c	oracle	0	2.22	2.21	117700	MATCH
sia_csmith_397.c	lean	0	6.73	6.72	117740	MATCH
sia_csmith_398.c	oracle	0	0.04	0.04	49856	MATCH
sia_csmith_398.c	lean	0	0.08	0.07	84964	MATCH
sia_csmith_399.c	oracle	0	1.27	1.26	112364	MATCH
sia_csmith_399.c	lean	0	3.44	3.43	138620	MATCH
sia_csmith_400.c	oracle	124	15.01	15.00	178368	CERB_SKIP
sia_csmith_400.c	lean	NA	NA	NA	NA	CERB_SKIP
sia_csmith_401.c	oracle	0	0.04	0.03	49332	MATCH
sia_csmith_401.c	lean	0	0.06	0.05	82132	MATCH
sia_csmith_402.c	oracle	0	0.04	0.04	49372	MATCH
sia_csmith_402.c	lean	0	0.07	0.06	84472	MATCH
sia_csmith_403.c	oracle	0	0.04	0.04	49468	MATCH
sia_csmith_403.c	lean	0	0.08	0.08	84224	MATCH
sia_csmith_404.c	oracle	0	0.04	0.03	48400	MATCH
sia_csmith_404.c	lean	0	0.06	0.05	82676	MATCH
sia_csmith_405.c	oracle	0	0.04	0.04	48812	MATCH
sia_csmith_405.c	lean	0	0.06	0.05	82656	MATCH
sia_csmith_406.c	oracle	0	0.04	0.03	48524	MATCH
sia_csmith_406.c	lean	0	0.06	0.05	82988	MATCH
sia_csmith_407.c	oracle	0	0.09	0.08	52664	MATCH
sia_csmith_407.c	lean	0	0.23	0.22	84276	MATCH
sia_csmith_408.c	oracle	0	0.04	0.04	49176	MATCH
sia_csmith_408.c	lean	0	0.09	0.09	82268	MATCH
sia_csmith_409.c	oracle	0	0.04	0.04	48584	MATCH
sia_csmith_409.c	lean	0	0.06	0.05	83312	MATCH
sia_csmith_410.c	oracle	0	0.04	0.04	48204	MATCH
sia_csmith_410.c	lean	0	0.07	0.06	82580	MATCH
sia_csmith_411.c	oracle	0	0.04	0.03	48916	MATCH
sia_csmith_411.c	lean	0	0.06	0.05	82992	MATCH
sia_csmith_412.c	oracle	0	0.04	0.03	48336	MATCH
sia_csmith_412.c	lean	0	0.06	0.05	82404	MATCH
sia_csmith_413.c	oracle	0	0.04	0.03	49120	MATCH
sia_csmith_413.c	lean	0	0.06	0.05	83392	MATCH
sia_csmith_414.c	oracle	0	0.04	0.04	48588	MATCH
sia_csmith_414.c	lean	0	0.07	0.07	81220	MATCH
sia_csmith_415.c	oracle	0	0.04	0.04	49144	MATCH
sia_csmith_415.c	lean	0	0.07	0.07	82620	MATCH
sia_csmith_416.c	oracle	0	0.04	0.04	48624	MATCH
sia_csmith_416.c	lean	0	0.07	0.07	82512	MATCH
sia_csmith_417.c	oracle	0	0.04	0.04	48904	MATCH
sia_csmith_417.c	lean	0	0.06	0.05	82660	MATCH
sia_csmith_418.c	oracle	0	0.04	0.04	49052	MATCH
sia_csmith_418.c	lean	0	0.07	0.06	83204	MATCH
sia_csmith_419.c	oracle	0	0.04	0.03	48460	MATCH
sia_csmith_419.c	lean	0	0.06	0.06	80808	MATCH
sia_csmith_420.c	oracle	0	0.04	0.03	49148	MATCH
sia_csmith_420.c	lean	0	0.07	0.07	82604	MATCH
sia_csmith_421.c	oracle	0	0.04	0.03	48508	MATCH
sia_csmith_421.c	lean	0	0.07	0.06	81900	MATCH
sia_csmith_422.c	oracle	0	0.04	0.03	48868	MATCH
sia_csmith_422.c	lean	0	0.06	0.06	82624	MATCH
sia_csmith_423.c	oracle	0	0.04	0.03	48768	MATCH
sia_csmith_423.c	lean	0	0.06	0.05	83372	MATCH
sia_csmith_424.c	oracle	0	0.04	0.04	49536	MATCH
sia_csmith_424.c	lean	0	0.06	0.06	82452	MATCH
sia_csmith_425.c	oracle	0	0.04	0.03	48084	MATCH
sia_csmith_425.c	lean	0	0.06	0.06	82316	MATCH
sia_csmith_426.c	oracle	0	0.04	0.03	48780	MATCH
sia_csmith_426.c	lean	0	0.06	0.06	82492	MATCH
sia_csmith_427.c	oracle	0	0.04	0.03	48388	MATCH
sia_csmith_427.c	lean	0	0.06	0.05	83512	MATCH
sia_csmith_428.c	oracle	0	0.04	0.03	48544	MATCH
sia_csmith_428.c	lean	0	0.07	0.06	83076	MATCH
sia_csmith_429.c	oracle	0	0.04	0.03	48212	MATCH
sia_csmith_429.c	lean	0	0.07	0.06	82644	MATCH
sia_csmith_430.c	oracle	0	0.04	0.04	48488	MATCH
sia_csmith_430.c	lean	0	0.06	0.05	82412	MATCH
sia_csmith_431.c	oracle	0	0.04	0.04	49844	MATCH
sia_csmith_431.c	lean	0	0.07	0.07	84488	MATCH
sia_csmith_432.c	oracle	0	0.04	0.04	49164	MATCH
sia_csmith_432.c	lean	0	0.07	0.06	82376	MATCH
sia_csmith_433.c	oracle	0	0.04	0.04	48916	MATCH
sia_csmith_433.c	lean	0	0.07	0.06	83704	MATCH
sia_csmith_434.c	oracle	0	0.06	0.06	49704	MATCH
sia_csmith_434.c	lean	0	0.13	0.13	80680	MATCH
sia_csmith_435.c	oracle	0	0.04	0.03	49080	MATCH
sia_csmith_435.c	lean	0	0.07	0.06	80948	MATCH
sia_csmith_436.c	oracle	0	0.04	0.04	48856	MATCH
sia_csmith_436.c	lean	0	0.06	0.06	82152	MATCH
sia_csmith_437.c	oracle	0	0.04	0.04	48560	MATCH
sia_csmith_437.c	lean	0	0.06	0.05	82732	MATCH
sia_csmith_438.c	oracle	0	0.04	0.04	48676	MATCH
sia_csmith_438.c	lean	0	0.06	0.06	83492	MATCH
sia_csmith_439.c	oracle	0	0.04	0.04	48720	MATCH
sia_csmith_439.c	lean	0	0.06	0.05	83568	MATCH
sia_csmith_440.c	oracle	0	0.04	0.04	48312	MATCH
sia_csmith_440.c	lean	0	0.06	0.05	82532	MATCH
sia_csmith_441.c	oracle	0	0.04	0.04	48520	MATCH
sia_csmith_441.c	lean	0	0.06	0.06	83552	MATCH
sia_csmith_442.c	oracle	0	0.04	0.03	47984	MATCH
sia_csmith_442.c	lean	0	0.06	0.06	82332	MATCH
sia_csmith_443.c	oracle	0	0.04	0.03	49580	MATCH
sia_csmith_443.c	lean	0	0.07	0.06	84708	MATCH
sia_csmith_444.c	oracle	0	0.04	0.03	49368	MATCH
sia_csmith_444.c	lean	0	0.06	0.05	82696	MATCH
sia_csmith_445.c	oracle	0	0.04	0.03	48644	MATCH
sia_csmith_445.c	lean	0	0.07	0.06	83016	MATCH
sia_csmith_446.c	oracle	124	15.03	15.03	577532	CERB_SKIP
sia_csmith_446.c	lean	NA	NA	NA	NA	CERB_SKIP
sia_csmith_447.c	oracle	0	0.04	0.04	48704	MATCH
sia_csmith_447.c	lean	0	0.07	0.07	83184	MATCH
sia_csmith_448.c	oracle	0	0.04	0.04	48992	MATCH
sia_csmith_448.c	lean	0	0.06	0.06	82356	MATCH
sia_csmith_449.c	oracle	0	0.04	0.04	48944	MATCH
sia_csmith_449.c	lean	0	0.06	0.06	81996	MATCH
sia_csmith_450.c	oracle	0	0.04	0.04	48980	MATCH
sia_csmith_450.c	lean	0	0.07	0.06	82524	MATCH
sia_csmith_451.c	oracle	0	0.04	0.03	48628	MATCH
sia_csmith_451.c	lean	0	0.06	0.06	83504	MATCH
sia_csmith_452.c	oracle	0	0.04	0.03	48212	MATCH
sia_csmith_452.c	lean	0	0.06	0.05	82568	MATCH
sia_csmith_453.c	oracle	0	0.05	0.04	48440	MATCH
sia_csmith_453.c	lean	0	0.07	0.06	82532	MATCH
sia_csmith_454.c	oracle	0	0.04	0.03	48556	MATCH
sia_csmith_454.c	lean	0	0.07	0.06	82160	MATCH
sia_csmith_455.c	oracle	0	0.04	0.03	48464	MATCH
sia_csmith_455.c	lean	0	0.07	0.06	83272	MATCH
sia_csmith_456.c	oracle	0	0.04	0.04	48692	MATCH
sia_csmith_456.c	lean	0	0.06	0.05	83200	MATCH
sia_csmith_457.c	oracle	0	0.04	0.03	48520	MATCH
sia_csmith_457.c	lean	0	0.06	0.06	82280	MATCH
sia_csmith_458.c	oracle	0	0.04	0.03	48568	MATCH
sia_csmith_458.c	lean	0	0.07	0.06	82396	MATCH
sia_csmith_459.c	oracle	0	0.04	0.04	49284	MATCH
sia_csmith_459.c	lean	0	0.07	0.06	84704	MATCH
sia_csmith_460.c	oracle	0	0.04	0.03	48896	MATCH
sia_csmith_460.c	lean	0	0.06	0.06	83028	MATCH
sia_csmith_461.c	oracle	0	0.04	0.03	48816	MATCH
sia_csmith_461.c	lean	0	0.07	0.06	83204	MATCH
sia_csmith_462.c	oracle	0	0.04	0.03	49272	MATCH
sia_csmith_462.c	lean	0	0.07	0.06	82948	MATCH
sia_csmith_463.c	oracle	0	0.04	0.03	48880	MATCH
sia_csmith_463.c	lean	0	0.06	0.06	82812	MATCH
sia_csmith_464.c	oracle	0	0.04	0.04	49116	MATCH
sia_csmith_464.c	lean	0	0.06	0.06	82092	MATCH
sia_csmith_465.c	oracle	0	0.04	0.03	48764	MATCH
sia_csmith_465.c	lean	0	0.06	0.05	82172	MATCH
sia_csmith_466.c	oracle	0	0.04	0.03	48788	MATCH
sia_csmith_466.c	lean	0	0.06	0.06	82952	MATCH
sia_csmith_467.c	oracle	0	0.04	0.03	48252	MATCH
sia_csmith_467.c	lean	0	0.06	0.06	81884	MATCH
sia_csmith_468.c	oracle	0	0.04	0.04	49156	MATCH
sia_csmith_468.c	lean	0	0.06	0.05	82816	MATCH
sia_csmith_469.c	oracle	0	0.04	0.03	48928	MATCH
sia_csmith_469.c	lean	0	0.07	0.07	82312	MATCH
sia_csmith_470.c	oracle	0	0.04	0.04	48588	MATCH
sia_csmith_470.c	lean	0	0.07	0.06	82160	MATCH
sia_csmith_471.c	oracle	0	0.04	0.04	48120	MATCH
sia_csmith_471.c	lean	0	0.06	0.06	83208	MATCH
sia_csmith_472.c	oracle	0	0.04	0.04	49420	MATCH
sia_csmith_472.c	lean	0	0.07	0.07	82484	MATCH
sia_csmith_473.c	oracle	0	0.04	0.03	48156	MATCH
sia_csmith_473.c	lean	0	0.06	0.05	82764	MATCH
sia_csmith_474.c	oracle	0	0.04	0.04	48928	MATCH
sia_csmith_474.c	lean	0	0.06	0.06	81160	MATCH
sia_csmith_475.c	oracle	0	0.04	0.03	48912	MATCH
sia_csmith_475.c	lean	0	0.07	0.07	82036	MATCH
sia_csmith_476.c	oracle	0	0.04	0.04	48064	MATCH
sia_csmith_476.c	lean	0	0.06	0.05	82344	MATCH
sia_csmith_477.c	oracle	0	6.33	6.32	216864	TIMEOUT
sia_csmith_477.c	lean	124	15.03	15.03	974308	TIMEOUT
sia_csmith_478.c	oracle	0	0.04	0.04	49424	MATCH
sia_csmith_478.c	lean	0	0.07	0.07	85016	MATCH
sia_csmith_479.c	oracle	0	0.04	0.03	49092	MATCH
sia_csmith_479.c	lean	0	0.06	0.06	82396	MATCH
sia_csmith_480.c	oracle	0	0.04	0.04	48252	MATCH
sia_csmith_480.c	lean	0	0.06	0.06	82972	MATCH
sia_csmith_481.c	oracle	0	0.04	0.03	48728	MATCH
sia_csmith_481.c	lean	0	0.06	0.05	82624	MATCH
sia_csmith_482.c	oracle	0	0.04	0.04	48632	MATCH
sia_csmith_482.c	lean	0	0.06	0.05	82192	MATCH
sia_csmith_483.c	oracle	0	0.04	0.04	48360	MATCH
sia_csmith_483.c	lean	0	0.06	0.05	82380	MATCH
sia_csmith_484.c	oracle	0	0.04	0.04	48412	MATCH
sia_csmith_484.c	lean	0	0.07	0.07	81912	MATCH
sia_csmith_485.c	oracle	0	0.04	0.03	49152	MATCH
sia_csmith_485.c	lean	0	0.07	0.06	85440	MATCH
sia_csmith_486.c	oracle	0	0.04	0.04	48952	MATCH
sia_csmith_486.c	lean	0	0.06	0.05	82528	MATCH
sia_csmith_487.c	oracle	0	0.04	0.03	48520	MATCH
sia_csmith_487.c	lean	0	0.07	0.06	82264	MATCH
sia_csmith_488.c	oracle	0	0.04	0.04	48884	MATCH
sia_csmith_488.c	lean	0	0.06	0.06	82200	MATCH
sia_csmith_489.c	oracle	0	0.04	0.03	48932	MATCH
sia_csmith_489.c	lean	0	0.07	0.06	82640	MATCH
sia_csmith_490.c	oracle	0	0.04	0.04	48016	MATCH
sia_csmith_490.c	lean	0	0.07	0.06	82684	MATCH
sia_csmith_491.c	oracle	0	0.04	0.03	49264	MATCH
sia_csmith_491.c	lean	0	0.07	0.07	80460	MATCH
sia_csmith_492.c	oracle	124	15.05	15.04	740896	CERB_SKIP
sia_csmith_492.c	lean	NA	NA	NA	NA	CERB_SKIP
sia_csmith_493.c	oracle	0	0.04	0.04	48856	MATCH
sia_csmith_493.c	lean	0	0.07	0.06	82228	MATCH
sia_csmith_494.c	oracle	0	0.04	0.04	48956	MATCH
sia_csmith_494.c	lean	0	0.08	0.08	82484	MATCH
sia_csmith_495.c	oracle	0	0.04	0.04	49408	MATCH
sia_csmith_495.c	lean	0	0.07	0.06	83492	MATCH
sia_csmith_496.c	oracle	0	0.04	0.04	48768	MATCH
sia_csmith_496.c	lean	0	0.06	0.06	83116	MATCH
sia_csmith_497.c	oracle	0	0.04	0.03	48280	MATCH
sia_csmith_497.c	lean	0	0.06	0.06	83252	MATCH
sia_csmith_498.c	oracle	0	0.04	0.04	48748	MATCH
sia_csmith_498.c	lean	0	0.07	0.06	80808	MATCH
sia_csmith_499.c	oracle	0	0.04	0.04	48352	MATCH
sia_csmith_499.c	lean	0	0.07	0.06	81232	MATCH
sia_csmith_500.c	oracle	0	0.04	0.04	48984	MATCH
sia_csmith_500.c	lean	0	0.07	0.06	82104	MATCH
sia_csmith_501.c	oracle	0	0.09	0.08	63012	MATCH
sia_csmith_501.c	lean	0	0.19	0.19	105112	MATCH
sia_csmith_502.c	oracle	0	0.04	0.04	48672	MATCH
sia_csmith_502.c	lean	0	0.07	0.06	82884	MATCH
sia_csmith_503.c	oracle	0	0.04	0.04	47888	MATCH
sia_csmith_503.c	lean	0	0.07	0.06	82156	MATCH
sia_csmith_504.c	oracle	0	0.04	0.04	48820	MATCH
sia_csmith_504.c	lean	0	0.06	0.06	82640	MATCH
sia_csmith_505.c	oracle	0	0.04	0.04	49044	MATCH
sia_csmith_505.c	lean	0	0.06	0.06	82704	MATCH
sia_csmith_506.c	oracle	0	0.05	0.04	48768	MATCH
sia_csmith_506.c	lean	0	0.09	0.09	82712	MATCH
sia_csmith_507.c	oracle	0	0.04	0.03	48736	MATCH
sia_csmith_507.c	lean	0	0.06	0.06	82392	MATCH
sia_csmith_508.c	oracle	0	0.04	0.03	49852	MATCH
sia_csmith_508.c	lean	0	0.07	0.06	84260	MATCH
sia_csmith_509.c	oracle	0	0.04	0.04	48660	MATCH
sia_csmith_509.c	lean	0	0.06	0.05	81944	MATCH
sia_csmith_510.c	oracle	0	0.04	0.03	48364	MATCH
sia_csmith_510.c	lean	0	0.06	0.05	82564	MATCH
sia_csmith_511.c	oracle	0	0.04	0.04	48544	MATCH
sia_csmith_511.c	lean	0	0.08	0.07	83020	MATCH
sia_csmith_512.c	oracle	0	0.04	0.04	48412	MATCH
sia_csmith_512.c	lean	0	0.07	0.06	82684	MATCH
sia_csmith_513.c	oracle	124	15.04	15.03	636436	CERB_SKIP
sia_csmith_513.c	lean	NA	NA	NA	NA	CERB_SKIP
sia_csmith_514.c	oracle	0	0.04	0.04	48352	MATCH
sia_csmith_514.c	lean	0	0.06	0.05	82696	MATCH
sia_csmith_515.c	oracle	0	0.04	0.03	48560	MATCH
sia_csmith_515.c	lean	0	0.07	0.06	82208	MATCH
sia_csmith_516.c	oracle	0	0.04	0.04	49096	MATCH
sia_csmith_516.c	lean	0	0.07	0.06	82468	MATCH
sia_csmith_517.c	oracle	0	0.04	0.03	48600	MATCH
sia_csmith_517.c	lean	0	0.07	0.06	83132	MATCH
sia_csmith_518.c	oracle	0	0.04	0.04	48856	MATCH
sia_csmith_518.c	lean	0	0.06	0.06	83040	MATCH
sia_csmith_519.c	oracle	124	15.03	15.02	445780	CERB_SKIP
sia_csmith_519.c	lean	NA	NA	NA	NA	CERB_SKIP
sia_csmith_520.c	oracle	0	0.04	0.03	48860	MATCH
sia_csmith_520.c	lean	0	0.07	0.06	82800	MATCH
sia_csmith_521.c	oracle	0	0.04	0.04	48808	MATCH
sia_csmith_521.c	lean	0	0.08	0.07	82900	MATCH
sia_csmith_522.c	oracle	0	0.04	0.04	49284	MATCH
sia_csmith_522.c	lean	0	0.07	0.07	84688	MATCH
sia_csmith_523.c	oracle	0	0.04	0.03	48404	MATCH
sia_csmith_523.c	lean	0	0.06	0.06	82380	MATCH
sia_csmith_524.c	oracle	0	0.04	0.04	48372	MATCH
sia_csmith_524.c	lean	0	0.06	0.06	82924	MATCH
sia_csmith_525.c	oracle	0	0.04	0.03	48620	MATCH
sia_csmith_525.c	lean	0	0.06	0.06	83212	MATCH
sia_csmith_526.c	oracle	0	0.05	0.04	49232	MATCH
sia_csmith_526.c	lean	0	0.08	0.07	84400	MATCH
sia_csmith_527.c	oracle	0	0.04	0.04	49052	MATCH
sia_csmith_527.c	lean	0	0.06	0.06	82540	MATCH
sia_csmith_528.c	oracle	0	0.04	0.03	48872	MATCH
sia_csmith_528.c	lean	0	0.06	0.05	82236	MATCH
sia_csmith_529.c	oracle	0	0.04	0.04	48956	MATCH
sia_csmith_529.c	lean	0	0.06	0.06	82036	MATCH
sia_csmith_530.c	oracle	0	0.04	0.04	48160	MATCH
sia_csmith_530.c	lean	0	0.06	0.05	81832	MATCH
sia_csmith_531.c	oracle	0	0.04	0.03	48416	MATCH
sia_csmith_531.c	lean	0	0.07	0.06	82932	MATCH
sia_csmith_532.c	oracle	124	15.04	15.04	708668	CERB_SKIP
sia_csmith_532.c	lean	NA	NA	NA	NA	CERB_SKIP
sia_csmith_533.c	oracle	0	0.04	0.04	48272	MATCH
sia_csmith_533.c	lean	0	0.06	0.05	82392	MATCH
sia_csmith_534.c	oracle	0	0.04	0.04	48512	MATCH
sia_csmith_534.c	lean	0	0.06	0.06	82068	MATCH
sia_csmith_535.c	oracle	0	0.04	0.03	49176	MATCH
sia_csmith_535.c	lean	0	0.07	0.06	82676	MATCH
sia_csmith_536.c	oracle	0	0.04	0.03	49104	MATCH
sia_csmith_536.c	lean	0	0.07	0.06	83324	MATCH
sia_csmith_537.c	oracle	0	0.04	0.04	48788	MATCH
sia_csmith_537.c	lean	0	0.07	0.06	82548	MATCH
sia_csmith_538.c	oracle	0	0.04	0.03	49020	MATCH
sia_csmith_538.c	lean	0	0.07	0.06	81284	MATCH
sia_csmith_539.c	oracle	124	15.04	15.03	640588	CERB_SKIP
sia_csmith_539.c	lean	NA	NA	NA	NA	CERB_SKIP
sia_csmith_540.c	oracle	0	0.04	0.03	48672	MATCH
sia_csmith_540.c	lean	0	0.06	0.05	82328	MATCH
sia_csmith_541.c	oracle	0	0.04	0.03	48376	MATCH
sia_csmith_541.c	lean	0	0.06	0.06	82360	MATCH
sia_csmith_542.c	oracle	0	0.04	0.04	48176	MATCH
sia_csmith_542.c	lean	0	0.06	0.06	82456	MATCH
sia_csmith_543.c	oracle	0	0.04	0.04	48940	MATCH
sia_csmith_543.c	lean	0	0.06	0.05	82976	MATCH
sia_csmith_544.c	oracle	0	0.04	0.04	48584	MATCH
sia_csmith_544.c	lean	0	0.07	0.06	82212	MATCH
sia_csmith_545.c	oracle	0	0.04	0.03	48788	MATCH
sia_csmith_545.c	lean	0	0.06	0.06	82340	MATCH
sia_csmith_546.c	oracle	0	0.04	0.03	48276	MATCH
sia_csmith_546.c	lean	0	0.06	0.05	83068	MATCH
sia_csmith_547.c	oracle	0	0.04	0.03	48840	MATCH
sia_csmith_547.c	lean	0	0.06	0.06	82780	MATCH
sia_csmith_548.c	oracle	0	0.04	0.04	48260	MATCH
sia_csmith_548.c	lean	0	0.06	0.06	82292	MATCH
sia_csmith_549.c	oracle	0	0.04	0.04	49176	MATCH
sia_csmith_549.c	lean	0	0.06	0.06	82568	MATCH
sia_csmith_550.c	oracle	0	0.04	0.04	48480	MATCH
sia_csmith_550.c	lean	0	0.06	0.05	81012	MATCH
sia_csmith_551.c	oracle	0	0.04	0.03	48644	MATCH
sia_csmith_551.c	lean	0	0.06	0.06	82292	MATCH
sia_csmith_552.c	oracle	0	0.04	0.04	48436	MATCH
sia_csmith_552.c	lean	0	0.07	0.06	82568	MATCH
sia_csmith_553.c	oracle	0	0.04	0.03	49004	MATCH
sia_csmith_553.c	lean	0	0.06	0.06	82328	MATCH
sia_csmith_554.c	oracle	0	0.04	0.04	48856	MATCH
sia_csmith_554.c	lean	0	0.07	0.06	82280	MATCH
sia_csmith_555.c	oracle	124	15.04	15.04	642640	CERB_SKIP
sia_csmith_555.c	lean	NA	NA	NA	NA	CERB_SKIP
sia_csmith_556.c	oracle	0	0.04	0.03	47964	MATCH
sia_csmith_556.c	lean	0	0.06	0.06	82344	MATCH
sia_csmith_557.c	oracle	0	0.04	0.04	48756	MATCH
sia_csmith_557.c	lean	0	0.06	0.05	82536	MATCH
sia_csmith_558.c	oracle	0	0.04	0.04	48520	MATCH
sia_csmith_558.c	lean	0	0.07	0.07	82756	MATCH
sia_csmith_559.c	oracle	0	0.04	0.04	48680	MATCH
sia_csmith_559.c	lean	0	0.07	0.06	83028	MATCH
sia_csmith_560.c	oracle	0	0.04	0.03	48664	MATCH
sia_csmith_560.c	lean	0	0.07	0.06	81044	MATCH
sia_csmith_561.c	oracle	0	0.04	0.04	48536	MATCH
sia_csmith_561.c	lean	0	0.06	0.05	82616	MATCH
sia_csmith_562.c	oracle	0	0.04	0.03	49004	MATCH
sia_csmith_562.c	lean	0	0.07	0.07	83016	MATCH
sia_csmith_563.c	oracle	0	0.04	0.03	48504	MATCH
sia_csmith_563.c	lean	0	0.06	0.06	83936	MATCH
sia_csmith_564.c	oracle	124	15.04	15.03	723728	CERB_SKIP
sia_csmith_564.c	lean	NA	NA	NA	NA	CERB_SKIP
sia_csmith_565.c	oracle	0	0.04	0.04	48040	MATCH
sia_csmith_565.c	lean	0	0.07	0.06	83568	MATCH
sia_csmith_566.c	oracle	0	0.04	0.03	48888	MATCH
sia_csmith_566.c	lean	0	0.06	0.05	82016	MATCH
sia_csmith_567.c	oracle	0	0.04	0.04	49324	MATCH
sia_csmith_567.c	lean	0	0.07	0.06	82448	MATCH
sia_csmith_568.c	oracle	0	0.04	0.03	48620	MATCH
sia_csmith_568.c	lean	0	0.06	0.05	81240	MATCH
sia_csmith_569.c	oracle	0	0.04	0.03	48412	MATCH
sia_csmith_569.c	lean	0	0.06	0.06	82380	MATCH
sia_csmith_570.c	oracle	0	0.04	0.03	48532	MATCH
sia_csmith_570.c	lean	0	0.07	0.06	80960	MATCH
sia_csmith_571.c	oracle	0	0.04	0.04	48700	MATCH
sia_csmith_571.c	lean	0	0.07	0.06	81168	MATCH
sia_csmith_572.c	oracle	0	0.04	0.04	48084	MATCH
sia_csmith_572.c	lean	0	0.06	0.05	83096	MATCH
sia_csmith_573.c	oracle	0	0.04	0.04	49088	MATCH
sia_csmith_573.c	lean	0	0.07	0.06	82220	MATCH
sia_csmith_574.c	oracle	0	0.04	0.03	48824	MATCH
sia_csmith_574.c	lean	0	0.07	0.06	82152	MATCH
sia_csmith_575.c	oracle	0	0.04	0.04	48756	MATCH
sia_csmith_575.c	lean	0	0.07	0.06	82388	MATCH
sia_csmith_576.c	oracle	0	0.04	0.04	49316	MATCH
sia_csmith_576.c	lean	0	0.07	0.06	82848	MATCH
sia_csmith_577.c	oracle	0	0.04	0.03	48760	MATCH
sia_csmith_577.c	lean	0	0.06	0.06	83468	MATCH
sia_csmith_578.c	oracle	0	0.04	0.04	49048	MATCH
sia_csmith_578.c	lean	0	0.07	0.06	82472	MATCH
sia_csmith_579.c	oracle	0	0.04	0.04	48984	MATCH
sia_csmith_579.c	lean	0	0.06	0.05	82472	MATCH
sia_csmith_580.c	oracle	0	0.04	0.04	48864	MATCH
sia_csmith_580.c	lean	0	0.06	0.05	83708	MATCH
sia_csmith_581.c	oracle	0	0.04	0.04	49004	MATCH
sia_csmith_581.c	lean	0	0.06	0.06	82896	MATCH
sia_csmith_582.c	oracle	0	0.04	0.03	48768	MATCH
sia_csmith_582.c	lean	0	0.07	0.06	82308	MATCH
sia_csmith_583.c	oracle	0	0.04	0.04	48480	MATCH
sia_csmith_583.c	lean	0	0.06	0.05	81268	MATCH
sia_csmith_584.c	oracle	0	0.04	0.04	49044	MATCH
sia_csmith_584.c	lean	0	0.07	0.06	82584	MATCH
sia_csmith_585.c	oracle	0	0.04	0.04	49040	MATCH
sia_csmith_585.c	lean	0	0.06	0.06	82472	MATCH
sia_csmith_586.c	oracle	0	0.04	0.03	48556	MATCH
sia_csmith_586.c	lean	0	0.06	0.06	83312	MATCH
sia_csmith_587.c	oracle	0	0.04	0.04	48616	MATCH
sia_csmith_587.c	lean	0	0.06	0.06	80756	MATCH
sia_csmith_588.c	oracle	0	0.04	0.03	48556	MATCH
sia_csmith_588.c	lean	0	0.07	0.07	83328	MATCH
sia_csmith_589.c	oracle	0	0.04	0.04	48800	MATCH
sia_csmith_589.c	lean	0	0.06	0.06	83452	MATCH
sia_csmith_590.c	oracle	0	0.04	0.03	49404	MATCH
sia_csmith_590.c	lean	0	0.07	0.06	82200	MATCH
sia_csmith_591.c	oracle	0	0.04	0.04	48336	MATCH
sia_csmith_591.c	lean	0	0.06	0.05	83184	MATCH
sia_csmith_592.c	oracle	0	0.04	0.03	48620	MATCH
sia_csmith_592.c	lean	0	0.06	0.06	81808	MATCH
sia_csmith_593.c	oracle	0	0.04	0.04	48764	MATCH
sia_csmith_593.c	lean	0	0.07	0.06	82468	MATCH
sia_csmith_594.c	oracle	0	0.04	0.03	48332	MATCH
sia_csmith_594.c	lean	0	0.06	0.06	82616	MATCH
sia_csmith_595.c	oracle	0	0.04	0.03	48856	MATCH
sia_csmith_595.c	lean	0	0.06	0.06	82604	MATCH
sia_csmith_596.c	oracle	0	0.04	0.03	48204	MATCH
sia_csmith_596.c	lean	0	0.07	0.06	81796	MATCH
sia_csmith_597.c	oracle	0	0.05	0.05	48736	MATCH
sia_csmith_597.c	lean	0	0.08	0.07	82372	MATCH
sia_csmith_598.c	oracle	0	0.04	0.04	48448	MATCH
sia_csmith_598.c	lean	0	0.07	0.06	82196	MATCH
sia_csmith_599.c	oracle	0	0.04	0.03	48812	MATCH
sia_csmith_599.c	lean	0	0.07	0.06	83452	MATCH
sia_csmith_600.c	oracle	0	0.04	0.03	49204	MATCH
sia_csmith_600.c	lean	0	0.07	0.06	82592	MATCH
sia_csmith_601.c	oracle	0	0.04	0.04	48276	MATCH
sia_csmith_601.c	lean	0	0.06	0.06	82744	MATCH
sia_csmith_602.c	oracle	0	0.04	0.03	49140	MATCH
sia_csmith_602.c	lean	0	0.07	0.06	82264	MATCH
sia_csmith_603.c	oracle	0	0.04	0.03	48960	MATCH
sia_csmith_603.c	lean	0	0.07	0.06	83204	MATCH
sia_csmith_604.c	oracle	0	0.04	0.04	49072	MATCH
sia_csmith_604.c	lean	0	0.07	0.06	84000	MATCH
sia_csmith_605.c	oracle	0	0.04	0.04	48588	MATCH
sia_csmith_605.c	lean	0	0.07	0.06	83232	MATCH
sia_csmith_606.c	oracle	0	0.04	0.04	49052	MATCH
sia_csmith_606.c	lean	0	0.06	0.06	82512	MATCH
sia_csmith_607.c	oracle	0	0.04	0.04	49152	MATCH
sia_csmith_607.c	lean	0	0.06	0.06	82452	MATCH
sia_csmith_608.c	oracle	0	0.05	0.05	49044	MATCH
sia_csmith_608.c	lean	0	0.10	0.09	82968	MATCH
sia_csmith_609.c	oracle	0	0.04	0.03	48872	MATCH
sia_csmith_609.c	lean	0	0.07	0.06	82556	MATCH
sia_csmith_610.c	oracle	0	0.04	0.04	48564	MATCH
sia_csmith_610.c	lean	0	0.06	0.06	82528	MATCH
sia_csmith_611.c	oracle	0	0.04	0.04	48884	MATCH
sia_csmith_611.c	lean	0	0.06	0.06	82536	MATCH
sia_csmith_612.c	oracle	0	0.04	0.03	48904	MATCH
sia_csmith_612.c	lean	0	0.06	0.05	82676	MATCH
sia_csmith_613.c	oracle	0	0.04	0.04	48640	MATCH
sia_csmith_613.c	lean	0	0.06	0.06	81804	MATCH
sia_csmith_614.c	oracle	0	0.04	0.03	48532	MATCH
sia_csmith_614.c	lean	0	0.07	0.06	82272	MATCH
sia_csmith_615.c	oracle	0	0.04	0.04	48244	MATCH
sia_csmith_615.c	lean	0	0.06	0.06	83188	MATCH
sia_csmith_616.c	oracle	0	0.04	0.03	48972	MATCH
sia_csmith_616.c	lean	0	0.07	0.06	84472	MATCH
sia_csmith_617.c	oracle	0	0.04	0.03	49544	MATCH
sia_csmith_617.c	lean	0	0.06	0.06	82004	MATCH
sia_csmith_618.c	oracle	0	0.04	0.03	48528	MATCH
sia_csmith_618.c	lean	0	0.06	0.05	82876	MATCH
sia_csmith_619.c	oracle	0	0.04	0.03	48420	MATCH
sia_csmith_619.c	lean	0	0.06	0.06	82200	MATCH
sia_csmith_620.c	oracle	0	0.04	0.03	48044	MATCH
sia_csmith_620.c	lean	0	0.07	0.06	83336	MATCH
sia_csmith_621.c	oracle	0	0.04	0.03	48928	MATCH
sia_csmith_621.c	lean	0	0.07	0.06	82484	MATCH
sia_csmith_622.c	oracle	0	0.05	0.04	48640	MATCH
sia_csmith_622.c	lean	0	0.08	0.07	83696	MATCH
sia_csmith_623.c	oracle	0	0.04	0.04	49192	MATCH
sia_csmith_623.c	lean	0	0.07	0.07	82444	MATCH
sia_csmith_624.c	oracle	0	0.04	0.04	49256	MATCH
sia_csmith_624.c	lean	0	0.07	0.06	82984	MATCH
sia_csmith_625.c	oracle	0	0.04	0.03	48368	MATCH
sia_csmith_625.c	lean	0	0.06	0.06	81876	MATCH
sia_csmith_626.c	oracle	0	0.04	0.04	48852	MATCH
sia_csmith_626.c	lean	0	0.06	0.05	82512	MATCH
sia_csmith_627.c	oracle	0	0.04	0.03	49320	MATCH
sia_csmith_627.c	lean	0	0.06	0.06	81816	MATCH
sia_csmith_628.c	oracle	0	0.04	0.03	48444	MATCH
sia_csmith_628.c	lean	0	0.06	0.05	82904	MATCH
sia_csmith_629.c	oracle	0	0.04	0.04	49228	MATCH
sia_csmith_629.c	lean	0	0.07	0.06	81220	MATCH
sia_csmith_630.c	oracle	124	15.05	15.04	706504	CERB_SKIP
sia_csmith_630.c	lean	NA	NA	NA	NA	CERB_SKIP
sia_csmith_631.c	oracle	0	0.04	0.04	48692	MATCH
sia_csmith_631.c	lean	0	0.06	0.06	82448	MATCH
sia_csmith_632.c	oracle	0	0.04	0.04	49272	MATCH
sia_csmith_632.c	lean	0	0.07	0.06	84516	MATCH
sia_csmith_633.c	oracle	0	0.04	0.03	48168	MATCH
sia_csmith_633.c	lean	0	0.06	0.06	82568	MATCH
sia_csmith_634.c	oracle	0	0.04	0.04	48764	MATCH
sia_csmith_634.c	lean	0	0.06	0.06	82424	MATCH
sia_csmith_635.c	oracle	0	0.04	0.03	48108	MATCH
sia_csmith_635.c	lean	0	0.06	0.06	83004	MATCH
sia_csmith_636.c	oracle	0	0.04	0.03	48712	MATCH
sia_csmith_636.c	lean	0	0.07	0.07	82644	MATCH
sia_csmith_637.c	oracle	0	0.04	0.03	48736	MATCH
sia_csmith_637.c	lean	0	0.07	0.06	83120	MATCH
sia_csmith_638.c	oracle	0	0.04	0.04	48420	MATCH
sia_csmith_638.c	lean	0	0.07	0.06	82972	MATCH
sia_csmith_639.c	oracle	0	0.04	0.03	48736	MATCH
sia_csmith_639.c	lean	0	0.06	0.06	82528	MATCH
sia_csmith_640.c	oracle	0	0.04	0.03	48776	MATCH
sia_csmith_640.c	lean	0	0.06	0.06	82208	MATCH
sia_csmith_641.c	oracle	0	0.04	0.04	48852	MATCH
sia_csmith_641.c	lean	0	0.07	0.07	84608	MATCH
sia_csmith_642.c	oracle	0	0.04	0.04	49064	MATCH
sia_csmith_642.c	lean	0	0.06	0.05	82208	MATCH
sia_csmith_643.c	oracle	0	0.04	0.03	48496	MATCH
sia_csmith_643.c	lean	0	0.06	0.06	82108	MATCH
sia_csmith_644.c	oracle	0	0.04	0.04	48212	MATCH
sia_csmith_644.c	lean	0	0.06	0.06	82644	MATCH
sia_csmith_645.c	oracle	0	0.04	0.04	47948	MATCH
sia_csmith_645.c	lean	0	0.07	0.06	82384	MATCH
sia_csmith_646.c	oracle	0	0.04	0.03	48868	MATCH
sia_csmith_646.c	lean	0	0.06	0.05	82536	MATCH
sia_csmith_647.c	oracle	0	0.04	0.04	48924	MATCH
sia_csmith_647.c	lean	0	0.07	0.06	82848	MATCH
sia_csmith_648.c	oracle	0	0.04	0.04	48968	MATCH
sia_csmith_648.c	lean	0	0.08	0.07	82656	MATCH
sia_csmith_649.c	oracle	0	0.04	0.03	48524	MATCH
sia_csmith_649.c	lean	0	0.07	0.06	82756	MATCH
sia_csmith_650.c	oracle	0	0.04	0.03	48720	MATCH
sia_csmith_650.c	lean	0	0.06	0.05	83096	MATCH
sia_csmith_651.c	oracle	0	0.04	0.04	48808	MATCH
sia_csmith_651.c	lean	0	0.06	0.06	82664	MATCH
sia_csmith_652.c	oracle	0	0.04	0.04	49372	MATCH
sia_csmith_652.c	lean	0	0.07	0.06	85340	MATCH
sia_csmith_653.c	oracle	0	0.04	0.03	49040	MATCH
sia_csmith_653.c	lean	0	0.07	0.07	82424	MATCH
sia_csmith_654.c	oracle	124	15.04	15.04	716036	CERB_SKIP
sia_csmith_654.c	lean	NA	NA	NA	NA	CERB_SKIP
sia_csmith_655.c	oracle	0	0.04	0.03	48860	MATCH
sia_csmith_655.c	lean	0	0.06	0.06	83556	MATCH
sia_csmith_656.c	oracle	0	0.05	0.04	48452	MATCH
sia_csmith_656.c	lean	0	0.06	0.06	82612	MATCH
sia_csmith_657.c	oracle	0	0.04	0.03	48716	MATCH
sia_csmith_657.c	lean	0	0.06	0.05	83388	MATCH
sia_csmith_658.c	oracle	0	0.04	0.03	48600	MATCH
sia_csmith_658.c	lean	0	0.06	0.05	81260	MATCH
sia_csmith_659.c	oracle	0	0.04	0.04	49256	MATCH
sia_csmith_659.c	lean	0	0.07	0.06	84012	MATCH
sia_csmith_660.c	oracle	0	0.04	0.04	48264	MATCH
sia_csmith_660.c	lean	0	0.07	0.06	83212	MATCH
sia_csmith_661.c	oracle	0	0.04	0.03	48132	MATCH
sia_csmith_661.c	lean	0	0.07	0.07	80728	MATCH
sia_csmith_662.c	oracle	0	0.04	0.04	49292	MATCH
sia_csmith_662.c	lean	0	0.07	0.06	82036	MATCH
sia_csmith_663.c	oracle	0	0.04	0.03	49012	MATCH
sia_csmith_663.c	lean	0	0.06	0.06	81968	MATCH
sia_csmith_664.c	oracle	0	0.04	0.03	48348	MATCH
sia_csmith_664.c	lean	0	0.06	0.06	82240	MATCH
sia_csmith_665.c	oracle	0	0.04	0.03	48916	MATCH
sia_csmith_665.c	lean	0	0.07	0.06	81952	MATCH
sia_csmith_666.c	oracle	0	0.04	0.03	49052	MATCH
sia_csmith_666.c	lean	0	0.07	0.06	82512	MATCH
sia_csmith_667.c	oracle	0	0.04	0.03	49232	MATCH
sia_csmith_667.c	lean	0	0.07	0.06	82668	MATCH
sia_csmith_668.c	oracle	0	0.04	0.03	48468	MATCH
sia_csmith_668.c	lean	0	0.06	0.05	82984	MATCH
sia_csmith_669.c	oracle	0	0.04	0.04	48340	MATCH
sia_csmith_669.c	lean	0	0.06	0.05	81256	MATCH
sia_csmith_670.c	oracle	0	0.04	0.03	48816	MATCH
sia_csmith_670.c	lean	0	0.07	0.06	82948	MATCH
sia_csmith_671.c	oracle	0	0.04	0.03	48728	MATCH
sia_csmith_671.c	lean	0	0.06	0.05	83112	MATCH
sia_csmith_672.c	oracle	0	0.04	0.04	48952	MATCH
sia_csmith_672.c	lean	0	0.06	0.05	83500	MATCH
sia_csmith_673.c	oracle	0	0.04	0.04	48092	MATCH
sia_csmith_673.c	lean	0	0.06	0.05	83180	MATCH
sia_csmith_674.c	oracle	0	0.04	0.04	48552	MATCH
sia_csmith_674.c	lean	0	0.07	0.06	84260	MATCH
sia_csmith_675.c	oracle	124	15.04	15.04	711340	CERB_SKIP
sia_csmith_675.c	lean	NA	NA	NA	NA	CERB_SKIP
sia_csmith_676.c	oracle	0	0.04	0.03	48584	MATCH
sia_csmith_676.c	lean	0	0.07	0.06	82204	MATCH
sia_csmith_677.c	oracle	0	0.04	0.04	48900	MATCH
sia_csmith_677.c	lean	0	0.07	0.06	85292	MATCH
sia_csmith_678.c	oracle	0	0.04	0.03	48528	MATCH
sia_csmith_678.c	lean	0	0.06	0.05	81876	MATCH
sia_csmith_679.c	oracle	0	0.04	0.04	48724	MATCH
sia_csmith_679.c	lean	0	0.06	0.05	82760	MATCH
sia_csmith_680.c	oracle	0	0.04	0.03	48740	MATCH
sia_csmith_680.c	lean	0	0.07	0.06	82200	MATCH
sia_csmith_681.c	oracle	0	0.04	0.03	47704	MATCH
sia_csmith_681.c	lean	0	0.06	0.06	82956	MATCH
sia_csmith_682.c	oracle	0	0.04	0.03	48608	MATCH
sia_csmith_682.c	lean	0	0.06	0.05	83576	MATCH
sia_csmith_683.c	oracle	0	0.04	0.04	48644	MATCH
sia_csmith_683.c	lean	0	0.06	0.05	82044	MATCH
sia_csmith_684.c	oracle	0	0.04	0.04	48964	MATCH
sia_csmith_684.c	lean	0	0.06	0.06	83412	MATCH
sia_csmith_685.c	oracle	0	0.04	0.04	48936	MATCH
sia_csmith_685.c	lean	0	0.07	0.06	83636	MATCH
sia_csmith_686.c	oracle	0	0.04	0.03	49052	MATCH
sia_csmith_686.c	lean	0	0.06	0.06	83440	MATCH
sia_csmith_687.c	oracle	0	0.04	0.03	48404	MATCH
sia_csmith_687.c	lean	0	0.07	0.06	82264	MATCH
sia_csmith_688.c	oracle	0	0.04	0.03	48488	MATCH
sia_csmith_688.c	lean	0	0.06	0.06	82300	MATCH
sia_csmith_689.c	oracle	0	0.04	0.04	49028	MATCH
sia_csmith_689.c	lean	0	0.06	0.06	82216	MATCH
sia_csmith_690.c	oracle	0	0.04	0.04	48552	MATCH
sia_csmith_690.c	lean	0	0.06	0.06	82820	MATCH
sia_csmith_691.c	oracle	0	0.04	0.04	48528	MATCH
sia_csmith_691.c	lean	0	0.06	0.06	82308	MATCH
sia_csmith_692.c	oracle	0	0.04	0.03	48748	MATCH
sia_csmith_692.c	lean	0	0.07	0.06	82900	MATCH
sia_csmith_693.c	oracle	0	0.04	0.04	49024	MATCH
sia_csmith_693.c	lean	0	0.06	0.06	82392	MATCH
sia_csmith_694.c	oracle	0	0.04	0.04	48600	MATCH
sia_csmith_694.c	lean	0	0.07	0.07	82816	MATCH
sia_csmith_695.c	oracle	0	0.04	0.03	48828	MATCH
sia_csmith_695.c	lean	0	0.07	0.06	82288	MATCH
sia_csmith_696.c	oracle	0	0.04	0.04	49180	MATCH
sia_csmith_696.c	lean	0	0.07	0.06	80952	MATCH
sia_csmith_697.c	oracle	0	0.04	0.04	48248	MATCH
sia_csmith_697.c	lean	0	0.06	0.06	82480	MATCH
sia_csmith_698.c	oracle	0	0.04	0.04	48312	MATCH
sia_csmith_698.c	lean	0	0.06	0.06	82208	MATCH
sia_csmith_699.c	oracle	0	0.04	0.04	48068	MATCH
sia_csmith_699.c	lean	0	0.06	0.06	82516	MATCH
sia_csmith_700.c	oracle	0	0.04	0.03	48864	MATCH
sia_csmith_700.c	lean	0	0.06	0.06	83184	MATCH
sia_csmith_701.c	oracle	0	0.04	0.03	48612	MATCH
sia_csmith_701.c	lean	0	0.07	0.06	83084	MATCH
sia_csmith_702.c	oracle	0	0.04	0.03	48644	MATCH
sia_csmith_702.c	lean	0	0.07	0.06	83416	MATCH
sia_csmith_703.c	oracle	0	0.04	0.03	48016	MATCH
sia_csmith_703.c	lean	0	0.06	0.06	82644	MATCH
sia_csmith_704.c	oracle	0	0.04	0.04	48528	MATCH
sia_csmith_704.c	lean	0	0.07	0.06	82280	MATCH
sia_csmith_705.c	oracle	0	0.04	0.03	48940	MATCH
sia_csmith_705.c	lean	0	0.07	0.06	82984	MATCH
sia_csmith_706.c	oracle	0	0.04	0.04	48820	MATCH
sia_csmith_706.c	lean	0	0.07	0.06	84560	MATCH
sia_csmith_707.c	oracle	0	0.04	0.03	48212	MATCH
sia_csmith_707.c	lean	0	0.06	0.05	82140	MATCH
sia_csmith_708.c	oracle	0	0.04	0.04	48400	MATCH
sia_csmith_708.c	lean	0	0.06	0.06	82480	MATCH
sia_csmith_709.c	oracle	0	0.04	0.03	49060	MATCH
sia_csmith_709.c	lean	0	0.07	0.06	83152	MATCH
sia_csmith_710.c	oracle	0	0.04	0.03	49532	MATCH
sia_csmith_710.c	lean	0	0.07	0.07	84472	MATCH
sia_csmith_711.c	oracle	0	0.04	0.03	49032	MATCH
sia_csmith_711.c	lean	0	0.06	0.06	82392	MATCH
sia_csmith_712.c	oracle	0	0.04	0.04	48792	MATCH
sia_csmith_712.c	lean	0	0.06	0.05	83488	MATCH
sia_csmith_713.c	oracle	0	0.04	0.03	48572	MATCH
sia_csmith_713.c	lean	0	0.06	0.06	81260	MATCH
sia_csmith_714.c	oracle	0	0.04	0.03	48684	MATCH
sia_csmith_714.c	lean	0	0.06	0.05	82624	MATCH
sia_csmith_715.c	oracle	0	0.04	0.04	48436	MATCH
sia_csmith_715.c	lean	0	0.07	0.06	82872	MATCH
sia_csmith_716.c	oracle	0	0.04	0.03	48728	MATCH
sia_csmith_716.c	lean	0	0.06	0.06	81200	MATCH
sia_csmith_717.c	oracle	0	0.04	0.03	48764	MATCH
sia_csmith_717.c	lean	0	0.06	0.05	83040	MATCH
sia_csmith_718.c	oracle	0	0.04	0.03	49044	MATCH
sia_csmith_718.c	lean	0	0.06	0.05	81780	MATCH
sia_csmith_719.c	oracle	0	0.04	0.03	48292	MATCH
sia_csmith_719.c	lean	0	0.06	0.05	82536	MATCH
sia_csmith_720.c	oracle	0	0.04	0.03	48716	MATCH
sia_csmith_720.c	lean	0	0.06	0.05	82380	MATCH
sia_csmith_721.c	oracle	0	0.04	0.04	48152	MATCH
sia_csmith_721.c	lean	0	0.06	0.05	82744	MATCH
sia_csmith_722.c	oracle	0	0.04	0.03	49216	MATCH
sia_csmith_722.c	lean	0	0.07	0.06	82576	MATCH
sia_csmith_723.c	oracle	0	0.04	0.04	48276	MATCH
sia_csmith_723.c	lean	0	0.07	0.06	83672	MATCH
sia_csmith_724.c	oracle	0	0.04	0.03	48988	MATCH
sia_csmith_724.c	lean	0	0.06	0.06	82876	MATCH
sia_csmith_725.c	oracle	0	0.04	0.04	48968	MATCH
sia_csmith_725.c	lean	0	0.07	0.06	82376	MATCH
sia_csmith_726.c	oracle	0	0.05	0.04	49036	MATCH
sia_csmith_726.c	lean	0	0.08	0.08	82388	MATCH
sia_csmith_727.c	oracle	0	0.04	0.04	49324	MATCH
sia_csmith_727.c	lean	0	0.07	0.07	81012	MATCH
sia_csmith_728.c	oracle	0	0.04	0.04	49444	MATCH
sia_csmith_728.c	lean	0	0.07	0.07	82204	MATCH
sia_csmith_729.c	oracle	0	0.04	0.04	48912	MATCH
sia_csmith_729.c	lean	0	0.06	0.06	83132	MATCH
sia_csmith_730.c	oracle	0	0.04	0.03	48932	MATCH
sia_csmith_730.c	lean	0	0.06	0.06	82668	MATCH
sia_csmith_731.c	oracle	0	0.04	0.03	49120	MATCH
sia_csmith_731.c	lean	0	0.07	0.06	82420	MATCH
sia_csmith_732.c	oracle	0	0.04	0.04	48936	MATCH
sia_csmith_732.c	lean	0	0.06	0.05	82672	MATCH
sia_csmith_733.c	oracle	0	0.04	0.03	48364	MATCH
sia_csmith_733.c	lean	0	0.06	0.05	82424	MATCH
sia_csmith_734.c	oracle	0	0.04	0.04	49200	MATCH
sia_csmith_734.c	lean	0	0.07	0.06	82364	MATCH
sia_csmith_735.c	oracle	0	3.30	3.30	159832	MATCH
sia_csmith_735.c	lean	0	10.00	9.98	156644	MATCH
sia_csmith_736.c	oracle	0	0.04	0.04	48700	MATCH
sia_csmith_736.c	lean	0	0.06	0.06	83020	MATCH
sia_csmith_737.c	oracle	0	0.04	0.04	48880	MATCH
sia_csmith_737.c	lean	0	0.07	0.06	82568	MATCH
sia_csmith_738.c	oracle	0	0.04	0.04	48748	MATCH
sia_csmith_738.c	lean	0	0.06	0.06	82372	MATCH
sia_csmith_739.c	oracle	0	0.04	0.04	48992	MATCH
sia_csmith_739.c	lean	0	0.07	0.06	82116	MATCH
sia_csmith_740.c	oracle	0	0.04	0.04	48908	MATCH
sia_csmith_740.c	lean	0	0.06	0.05	83084	MATCH
sia_csmith_741.c	oracle	0	0.04	0.04	48232	MATCH
sia_csmith_741.c	lean	0	0.06	0.05	83508	MATCH
sia_csmith_742.c	oracle	0	0.04	0.03	48844	MATCH
sia_csmith_742.c	lean	0	0.07	0.06	82432	MATCH
sia_csmith_743.c	oracle	0	0.04	0.03	48744	MATCH
sia_csmith_743.c	lean	0	0.07	0.06	83204	MATCH
sia_csmith_744.c	oracle	0	0.04	0.04	48396	MATCH
sia_csmith_744.c	lean	0	0.06	0.05	81656	MATCH
sia_csmith_745.c	oracle	0	0.04	0.03	48672	MATCH
sia_csmith_745.c	lean	0	0.06	0.06	82428	MATCH
sia_csmith_746.c	oracle	0	0.04	0.03	49084	MATCH
sia_csmith_746.c	lean	0	0.07	0.06	82732	MATCH
sia_csmith_747.c	oracle	0	0.04	0.03	48904	MATCH
sia_csmith_747.c	lean	0	0.06	0.06	81720	MATCH
sia_csmith_748.c	oracle	0	0.04	0.03	48312	MATCH
sia_csmith_748.c	lean	0	0.06	0.05	82604	MATCH
sia_csmith_749.c	oracle	0	0.04	0.03	48336	MATCH
sia_csmith_749.c	lean	0	0.07	0.07	82576	MATCH
sia_csmith_750.c	oracle	0	0.04	0.03	48660	MATCH
sia_csmith_750.c	lean	0	0.06	0.06	82964	MATCH
sia_csmith_751.c	oracle	0	0.04	0.03	49088	MATCH
sia_csmith_751.c	lean	0	0.06	0.05	82680	MATCH
sia_csmith_752.c	oracle	0	0.04	0.03	49216	MATCH
sia_csmith_752.c	lean	0	0.06	0.05	83368	MATCH
sia_csmith_753.c	oracle	124	15.04	15.04	718716	CERB_SKIP
sia_csmith_753.c	lean	NA	NA	NA	NA	CERB_SKIP
sia_csmith_754.c	oracle	124	15.04	15.04	693724	CERB_SKIP
sia_csmith_754.c	lean	NA	NA	NA	NA	CERB_SKIP
sia_csmith_755.c	oracle	0	0.04	0.03	48976	MATCH
sia_csmith_755.c	lean	0	0.06	0.06	82356	MATCH
sia_csmith_756.c	oracle	0	0.04	0.03	48212	MATCH
sia_csmith_756.c	lean	0	0.06	0.05	82960	MATCH
sia_csmith_757.c	oracle	0	0.04	0.03	48832	MATCH
sia_csmith_757.c	lean	0	0.06	0.06	81000	MATCH
sia_csmith_758.c	oracle	0	0.04	0.03	49256	MATCH
sia_csmith_758.c	lean	0	0.07	0.06	81900	MATCH
sia_csmith_759.c	oracle	0	0.04	0.03	48012	MATCH
sia_csmith_759.c	lean	0	0.06	0.06	82556	MATCH
sia_csmith_760.c	oracle	0	0.04	0.03	48428	MATCH
sia_csmith_760.c	lean	0	0.06	0.05	81248	MATCH
sia_csmith_761.c	oracle	124	15.05	15.04	737620	CERB_SKIP
sia_csmith_761.c	lean	NA	NA	NA	NA	CERB_SKIP
sia_csmith_762.c	oracle	0	0.04	0.03	48824	MATCH
sia_csmith_762.c	lean	0	0.06	0.06	80896	MATCH
sia_csmith_763.c	oracle	0	0.04	0.03	48512	MATCH
sia_csmith_763.c	lean	0	0.06	0.05	80996	MATCH
sia_csmith_764.c	oracle	0	0.04	0.04	48276	MATCH
sia_csmith_764.c	lean	0	0.07	0.06	82216	MATCH
sia_csmith_765.c	oracle	0	0.04	0.03	48212	MATCH
sia_csmith_765.c	lean	0	0.07	0.06	81860	MATCH
sia_csmith_766.c	oracle	0	0.04	0.03	48356	MATCH
sia_csmith_766.c	lean	0	0.06	0.06	82364	MATCH
sia_csmith_767.c	oracle	0	0.04	0.04	48312	MATCH
sia_csmith_767.c	lean	0	0.06	0.06	82512	MATCH
sia_csmith_768.c	oracle	0	0.04	0.03	49172	MATCH
sia_csmith_768.c	lean	0	0.07	0.06	82312	MATCH
sia_csmith_769.c	oracle	0	3.18	3.17	126500	MATCH
sia_csmith_769.c	lean	0	10.25	10.25	620000	MATCH
sia_csmith_770.c	oracle	0	0.04	0.03	48716	MATCH
sia_csmith_770.c	lean	0	0.06	0.06	82416	MATCH
sia_csmith_771.c	oracle	0	0.04	0.04	48900	MATCH
sia_csmith_771.c	lean	0	0.06	0.05	82332	MATCH
sia_csmith_772.c	oracle	0	0.04	0.03	48936	MATCH
sia_csmith_772.c	lean	0	0.06	0.06	82276	MATCH
sia_csmith_773.c	oracle	0	0.04	0.03	48396	MATCH
sia_csmith_773.c	lean	0	0.07	0.07	83144	MATCH
sia_csmith_774.c	oracle	0	0.04	0.04	48480	MATCH
sia_csmith_774.c	lean	0	0.06	0.05	82424	MATCH
sia_csmith_775.c	oracle	0	0.04	0.03	48556	MATCH
sia_csmith_775.c	lean	0	0.07	0.06	82860	MATCH
sia_csmith_776.c	oracle	0	0.04	0.04	49336	MATCH
sia_csmith_776.c	lean	0	0.07	0.06	82400	MATCH
sia_csmith_777.c	oracle	0	0.04	0.04	48472	MATCH
sia_csmith_777.c	lean	0	0.06	0.06	82276	MATCH
sia_csmith_778.c	oracle	0	0.05	0.04	48740	MATCH
sia_csmith_778.c	lean	0	0.09	0.09	82908	MATCH
sia_csmith_779.c	oracle	0	0.04	0.04	48528	MATCH
sia_csmith_779.c	lean	0	0.06	0.06	82664	MATCH
sia_csmith_780.c	oracle	0	0.04	0.04	48872	MATCH
sia_csmith_780.c	lean	0	0.06	0.06	82372	MATCH
sia_csmith_781.c	oracle	0	0.04	0.03	48976	MATCH
sia_csmith_781.c	lean	0	0.07	0.06	82636	MATCH
sia_csmith_782.c	oracle	0	0.04	0.04	48244	MATCH
sia_csmith_782.c	lean	0	0.07	0.06	82536	MATCH
sia_csmith_783.c	oracle	0	0.04	0.03	48156	MATCH
sia_csmith_783.c	lean	0	0.06	0.05	82248	MATCH
sia_csmith_784.c	oracle	0	0.04	0.04	48824	MATCH
sia_csmith_784.c	lean	0	0.07	0.06	82772	MATCH
sia_csmith_785.c	oracle	0	0.04	0.03	48636	MATCH
sia_csmith_785.c	lean	0	0.06	0.05	82528	MATCH
sia_csmith_786.c	oracle	0	0.04	0.03	48332	MATCH
sia_csmith_786.c	lean	0	0.06	0.05	83292	MATCH
sia_csmith_787.c	oracle	0	0.04	0.03	48060	MATCH
sia_csmith_787.c	lean	0	0.06	0.05	82212	MATCH
sia_csmith_788.c	oracle	0	0.04	0.03	48664	MATCH
sia_csmith_788.c	lean	0	0.06	0.06	82516	MATCH
sia_csmith_789.c	oracle	0	0.04	0.04	49136	MATCH
sia_csmith_789.c	lean	0	0.07	0.06	82240	MATCH
sia_csmith_790.c	oracle	0	0.04	0.03	48456	MATCH
sia_csmith_790.c	lean	0	0.06	0.06	83080	MATCH
sia_csmith_791.c	oracle	0	0.04	0.03	49304	MATCH
sia_csmith_791.c	lean	0	0.06	0.06	82040	MATCH
sia_csmith_792.c	oracle	0	0.04	0.03	48000	MATCH
sia_csmith_792.c	lean	0	0.06	0.06	83444	MATCH
sia_csmith_793.c	oracle	0	0.04	0.04	48748	MATCH
sia_csmith_793.c	lean	0	0.06	0.06	82212	MATCH
sia_csmith_794.c	oracle	0	0.04	0.03	48144	MATCH
sia_csmith_794.c	lean	0	0.06	0.05	83136	MATCH
sia_csmith_795.c	oracle	0	0.04	0.04	49016	MATCH
sia_csmith_795.c	lean	0	0.07	0.06	82324	MATCH
sia_csmith_796.c	oracle	0	0.04	0.04	48496	MATCH
sia_csmith_796.c	lean	0	0.06	0.06	82628	MATCH
sia_csmith_797.c	oracle	0	0.04	0.03	48428	MATCH
sia_csmith_797.c	lean	0	0.07	0.06	82188	MATCH
sia_csmith_798.c	oracle	0	0.04	0.04	48864	MATCH
sia_csmith_798.c	lean	0	0.06	0.05	82412	MATCH
sia_csmith_799.c	oracle	0	0.04	0.04	49596	MATCH
sia_csmith_799.c	lean	0	0.07	0.06	84188	MATCH
sia_csmith_800.c	oracle	0	0.04	0.04	49216	MATCH
sia_csmith_800.c	lean	0	0.07	0.06	84648	MATCH
sia_csmith_801.c	oracle	0	0.04	0.04	48816	MATCH
sia_csmith_801.c	lean	0	0.07	0.06	82472	MATCH
sia_csmith_802.c	oracle	0	0.05	0.05	48544	MATCH
sia_csmith_802.c	lean	0	0.08	0.08	82472	MATCH
sia_csmith_803.c	oracle	0	0.04	0.03	48608	MATCH
sia_csmith_803.c	lean	0	0.06	0.06	82104	MATCH
sia_csmith_804.c	oracle	0	0.04	0.04	48248	MATCH
sia_csmith_804.c	lean	0	0.06	0.06	82476	MATCH
sia_csmith_805.c	oracle	0	0.04	0.03	48920	MATCH
sia_csmith_805.c	lean	0	0.07	0.06	81920	MATCH
sia_csmith_806.c	oracle	0	0.04	0.03	49072	MATCH
sia_csmith_806.c	lean	0	0.06	0.06	82616	MATCH
sia_csmith_807.c	oracle	0	0.04	0.03	49440	MATCH
sia_csmith_807.c	lean	0	0.07	0.06	84388	MATCH
sia_csmith_808.c	oracle	0	0.04	0.04	48236	MATCH
sia_csmith_808.c	lean	0	0.06	0.06	82736	MATCH
sia_csmith_809.c	oracle	0	0.04	0.03	49076	MATCH
sia_csmith_809.c	lean	0	0.06	0.06	82712	MATCH
sia_csmith_810.c	oracle	0	0.04	0.04	48180	MATCH
sia_csmith_810.c	lean	0	0.06	0.06	81884	MATCH
sia_csmith_811.c	oracle	0	0.04	0.03	48296	MATCH
sia_csmith_811.c	lean	0	0.06	0.05	82380	MATCH
sia_csmith_812.c	oracle	0	0.04	0.04	48224	MATCH
sia_csmith_812.c	lean	0	0.06	0.06	81792	MATCH
sia_csmith_813.c	oracle	0	0.04	0.04	47912	MATCH
sia_csmith_813.c	lean	0	0.07	0.06	83428	MATCH
sia_csmith_814.c	oracle	0	0.04	0.03	48388	MATCH
sia_csmith_814.c	lean	0	0.06	0.06	80956	MATCH
sia_csmith_815.c	oracle	0	0.04	0.03	48816	MATCH
sia_csmith_815.c	lean	0	0.07	0.06	82416	MATCH
sia_csmith_816.c	oracle	0	0.04	0.03	48468	MATCH
sia_csmith_816.c	lean	0	0.06	0.05	83744	MATCH
sia_csmith_817.c	oracle	0	0.04	0.03	48820	MATCH
sia_csmith_817.c	lean	0	0.07	0.06	82176	MATCH
sia_csmith_818.c	oracle	0	0.04	0.04	48416	MATCH
sia_csmith_818.c	lean	0	0.06	0.06	82392	MATCH
sia_csmith_819.c	oracle	0	0.04	0.03	49192	MATCH
sia_csmith_819.c	lean	0	0.06	0.05	82292	MATCH
sia_csmith_820.c	oracle	0	0.04	0.03	48600	MATCH
sia_csmith_820.c	lean	0	0.06	0.05	80692	MATCH
sia_csmith_821.c	oracle	0	0.04	0.03	48644	MATCH
sia_csmith_821.c	lean	0	0.06	0.06	83192	MATCH
sia_csmith_822.c	oracle	124	15.04	15.04	698656	CERB_SKIP
sia_csmith_822.c	lean	NA	NA	NA	NA	CERB_SKIP
sia_csmith_823.c	oracle	0	0.04	0.03	48836	MATCH
sia_csmith_823.c	lean	0	0.06	0.06	82392	MATCH
sia_csmith_824.c	oracle	0	0.04	0.04	48720	MATCH
sia_csmith_824.c	lean	0	0.06	0.06	82468	MATCH
sia_csmith_825.c	oracle	0	0.04	0.03	49576	MATCH
sia_csmith_825.c	lean	0	0.07	0.06	82856	MATCH
sia_csmith_826.c	oracle	0	0.04	0.04	48252	MATCH
sia_csmith_826.c	lean	0	0.07	0.07	83176	MATCH
sia_csmith_827.c	oracle	0	0.04	0.03	49704	MATCH
sia_csmith_827.c	lean	0	0.07	0.06	84736	MATCH
sia_csmith_828.c	oracle	124	15.03	15.03	575568	CERB_SKIP
sia_csmith_828.c	lean	NA	NA	NA	NA	CERB_SKIP
sia_csmith_829.c	oracle	0	0.04	0.03	48480	MATCH
sia_csmith_829.c	lean	0	0.07	0.06	82244	MATCH
sia_csmith_830.c	oracle	0	0.04	0.04	48896	MATCH
sia_csmith_830.c	lean	0	0.06	0.05	82628	MATCH
sia_csmith_831.c	oracle	0	0.04	0.03	48644	MATCH
sia_csmith_831.c	lean	0	0.06	0.06	82084	MATCH
sia_csmith_832.c	oracle	0	0.04	0.03	48108	MATCH
sia_csmith_832.c	lean	0	0.06	0.06	82852	MATCH
sia_csmith_833.c	oracle	0	0.04	0.04	48936	MATCH
sia_csmith_833.c	lean	0	0.06	0.05	82436	MATCH
sia_csmith_834.c	oracle	0	0.04	0.03	49240	MATCH
sia_csmith_834.c	lean	0	0.07	0.06	83020	MATCH
sia_csmith_835.c	oracle	0	0.04	0.03	48472	MATCH
sia_csmith_835.c	lean	0	0.07	0.07	83016	MATCH
sia_csmith_836.c	oracle	0	0.04	0.03	49176	MATCH
sia_csmith_836.c	lean	0	0.07	0.06	81156	MATCH
sia_csmith_837.c	oracle	0	0.04	0.04	47980	MATCH
sia_csmith_837.c	lean	0	0.06	0.06	80528	MATCH
sia_csmith_838.c	oracle	0	0.04	0.04	48576	MATCH
sia_csmith_838.c	lean	0	0.06	0.06	82292	MATCH
sia_csmith_839.c	oracle	0	0.04	0.04	48592	MATCH
sia_csmith_839.c	lean	0	0.06	0.05	83084	MATCH
sia_csmith_840.c	oracle	0	0.04	0.04	48828	MATCH
sia_csmith_840.c	lean	0	0.07	0.07	82776	MATCH
sia_csmith_841.c	oracle	0	0.04	0.03	49228	MATCH
sia_csmith_841.c	lean	0	0.06	0.06	83208	MATCH
sia_csmith_842.c	oracle	0	0.04	0.03	49220	MATCH
sia_csmith_842.c	lean	0	0.06	0.06	80992	MATCH
sia_csmith_843.c	oracle	0	0.04	0.03	48796	MATCH
sia_csmith_843.c	lean	0	0.07	0.06	82668	MATCH
sia_csmith_844.c	oracle	0	0.04	0.03	48980	MATCH
sia_csmith_844.c	lean	0	0.06	0.06	83408	MATCH
sia_csmith_845.c	oracle	0	0.04	0.03	49340	MATCH
sia_csmith_845.c	lean	0	0.06	0.06	81968	MATCH
sia_csmith_846.c	oracle	0	0.04	0.03	48660	MATCH
sia_csmith_846.c	lean	0	0.07	0.06	82740	MATCH
sia_csmith_847.c	oracle	0	0.04	0.03	48692	MATCH
sia_csmith_847.c	lean	0	0.06	0.05	82320	MATCH
sia_csmith_848.c	oracle	0	0.04	0.04	48060	MATCH
sia_csmith_848.c	lean	0	0.06	0.06	82616	MATCH
sia_csmith_849.c	oracle	0	0.04	0.03	48908	MATCH
sia_csmith_849.c	lean	0	0.07	0.06	83068	MATCH
sia_csmith_850.c	oracle	0	0.04	0.03	48436	MATCH
sia_csmith_850.c	lean	0	0.06	0.05	82648	MATCH
sia_csmith_851.c	oracle	0	0.04	0.03	48684	MATCH
sia_csmith_851.c	lean	0	0.06	0.06	83100	MATCH
sia_csmith_852.c	oracle	0	0.05	0.04	48392	MATCH
sia_csmith_852.c	lean	0	0.08	0.08	83692	MATCH
sia_csmith_853.c	oracle	0	0.04	0.04	48872	MATCH
sia_csmith_853.c	lean	0	0.06	0.05	82316	MATCH
sia_csmith_854.c	oracle	0	0.04	0.03	48840	MATCH
sia_csmith_854.c	lean	0	0.06	0.05	82988	MATCH
sia_csmith_855.c	oracle	0	0.04	0.04	48696	MATCH
sia_csmith_855.c	lean	0	0.06	0.05	82320	MATCH
sia_csmith_856.c	oracle	0	0.04	0.04	48444	MATCH
sia_csmith_856.c	lean	0	0.06	0.06	82356	MATCH
sia_csmith_857.c	oracle	0	0.04	0.03	48784	MATCH
sia_csmith_857.c	lean	0	0.07	0.06	80740	MATCH
sia_csmith_858.c	oracle	0	0.04	0.03	49352	MATCH
sia_csmith_858.c	lean	0	0.06	0.06	82148	MATCH
sia_csmith_859.c	oracle	0	0.04	0.03	48728	MATCH
sia_csmith_859.c	lean	0	0.07	0.06	82736	MATCH
sia_csmith_860.c	oracle	0	0.04	0.04	48948	MATCH
sia_csmith_860.c	lean	0	0.07	0.06	82600	MATCH
sia_csmith_861.c	oracle	0	0.04	0.04	48944	MATCH
sia_csmith_861.c	lean	0	0.07	0.06	82244	MATCH
sia_csmith_862.c	oracle	0	0.04	0.03	48308	MATCH
sia_csmith_862.c	lean	0	0.07	0.06	82516	MATCH
sia_csmith_863.c	oracle	0	0.04	0.04	48800	MATCH
sia_csmith_863.c	lean	0	0.07	0.06	82688	MATCH
sia_csmith_864.c	oracle	0	0.04	0.03	48824	MATCH
sia_csmith_864.c	lean	0	0.06	0.06	82256	MATCH
sia_csmith_865.c	oracle	124	15.01	15.00	143720	CERB_SKIP
sia_csmith_865.c	lean	NA	NA	NA	NA	CERB_SKIP
sia_csmith_866.c	oracle	0	0.04	0.04	48588	MATCH
sia_csmith_866.c	lean	0	0.07	0.06	81012	MATCH
sia_csmith_867.c	oracle	0	0.04	0.03	48624	MATCH
sia_csmith_867.c	lean	0	0.06	0.05	82676	MATCH
sia_csmith_868.c	oracle	0	0.04	0.04	47816	MATCH
sia_csmith_868.c	lean	0	0.06	0.06	80992	MATCH
sia_csmith_869.c	oracle	0	0.04	0.04	48676	MATCH
sia_csmith_869.c	lean	0	0.06	0.06	82620	MATCH
sia_csmith_870.c	oracle	0	0.04	0.04	49124	MATCH
sia_csmith_870.c	lean	0	0.06	0.06	83696	MATCH
sia_csmith_871.c	oracle	0	0.04	0.03	48976	MATCH
sia_csmith_871.c	lean	0	0.07	0.06	82284	MATCH
sia_csmith_872.c	oracle	0	0.04	0.03	48316	MATCH
sia_csmith_872.c	lean	0	0.07	0.07	82496	MATCH
sia_csmith_873.c	oracle	0	0.04	0.03	48880	MATCH
sia_csmith_873.c	lean	0	0.06	0.06	82104	MATCH
sia_csmith_874.c	oracle	0	0.04	0.03	48608	MATCH
sia_csmith_874.c	lean	0	0.07	0.06	82044	MATCH
sia_csmith_875.c	oracle	0	0.04	0.04	48684	MATCH
sia_csmith_875.c	lean	0	0.06	0.05	83088	MATCH
sia_csmith_876.c	oracle	0	0.04	0.03	48004	MATCH
sia_csmith_876.c	lean	0	0.06	0.05	82244	MATCH
sia_csmith_877.c	oracle	0	0.04	0.04	49220	MATCH
sia_csmith_877.c	lean	0	0.06	0.05	83264	MATCH
sia_csmith_878.c	oracle	0	0.04	0.04	48548	MATCH
sia_csmith_878.c	lean	0	0.06	0.06	83020	MATCH
sia_csmith_879.c	oracle	0	0.04	0.04	49228	MATCH
sia_csmith_879.c	lean	0	0.07	0.06	83428	MATCH
sia_csmith_880.c	oracle	0	0.04	0.03	48748	MATCH
sia_csmith_880.c	lean	0	0.06	0.05	82676	MATCH
sia_csmith_881.c	oracle	0	0.04	0.04	48760	MATCH
sia_csmith_881.c	lean	0	0.06	0.05	82220	MATCH
sia_csmith_882.c	oracle	0	0.04	0.04	48424	MATCH
sia_csmith_882.c	lean	0	0.06	0.06	83580	MATCH
sia_csmith_883.c	oracle	0	0.04	0.04	49348	MATCH
sia_csmith_883.c	lean	0	0.06	0.05	83180	MATCH
sia_csmith_884.c	oracle	0	0.05	0.05	49636	MATCH
sia_csmith_884.c	lean	0	0.09	0.08	82656	MATCH
sia_csmith_885.c	oracle	0	0.04	0.04	48572	MATCH
sia_csmith_885.c	lean	0	0.07	0.06	83108	MATCH
sia_csmith_886.c	oracle	0	0.04	0.03	48628	MATCH
sia_csmith_886.c	lean	0	0.06	0.06	82732	MATCH
sia_csmith_887.c	oracle	0	0.04	0.03	48860	MATCH
sia_csmith_887.c	lean	0	0.06	0.06	83528	MATCH
sia_csmith_888.c	oracle	0	0.04	0.03	49428	MATCH
sia_csmith_888.c	lean	0	0.06	0.06	82836	MATCH
sia_csmith_889.c	oracle	0	0.04	0.03	48496	MATCH
sia_csmith_889.c	lean	0	0.07	0.07	83136	MATCH
sia_csmith_890.c	oracle	0	0.04	0.03	48904	MATCH
sia_csmith_890.c	lean	0	0.07	0.06	82400	MATCH
sia_csmith_891.c	oracle	0	0.04	0.04	49308	MATCH
sia_csmith_891.c	lean	0	0.06	0.06	82204	MATCH
sia_csmith_892.c	oracle	124	15.04	15.03	679032	CERB_SKIP
sia_csmith_892.c	lean	NA	NA	NA	NA	CERB_SKIP
sia_csmith_893.c	oracle	0	0.04	0.03	49104	MATCH
sia_csmith_893.c	lean	0	0.07	0.06	82648	MATCH
sia_csmith_894.c	oracle	0	0.04	0.03	48572	MATCH
sia_csmith_894.c	lean	0	0.07	0.07	82856	MATCH
sia_csmith_895.c	oracle	0	0.04	0.04	49076	MATCH
sia_csmith_895.c	lean	0	0.07	0.06	82440	MATCH
sia_csmith_896.c	oracle	0	0.04	0.03	49172	MATCH
sia_csmith_896.c	lean	0	0.07	0.07	80824	MATCH
sia_csmith_897.c	oracle	0	0.08	0.08	62548	MATCH
sia_csmith_897.c	lean	0	0.17	0.16	105240	MATCH
sia_csmith_898.c	oracle	0	0.04	0.03	48728	MATCH
sia_csmith_898.c	lean	0	0.07	0.06	82208	MATCH
sia_csmith_899.c	oracle	0	0.04	0.04	49448	MATCH
sia_csmith_899.c	lean	0	0.08	0.07	82656	MATCH
sia_csmith_900.c	oracle	0	0.08	0.07	61396	MATCH
sia_csmith_900.c	lean	0	0.16	0.16	103236	MATCH
sia_csmith_901.c	oracle	0	0.04	0.03	48168	MATCH
sia_csmith_901.c	lean	0	0.06	0.06	82860	MATCH
sia_csmith_902.c	oracle	0	0.04	0.04	49152	MATCH
sia_csmith_902.c	lean	0	0.06	0.06	81292	MATCH
sia_csmith_903.c	oracle	0	0.04	0.04	48376	MATCH
sia_csmith_903.c	lean	0	0.06	0.06	82012	MATCH
sia_csmith_904.c	oracle	0	0.04	0.03	48280	MATCH
sia_csmith_904.c	lean	0	0.06	0.06	82220	MATCH
sia_csmith_905.c	oracle	0	0.04	0.04	47912	MATCH
sia_csmith_905.c	lean	0	0.07	0.06	81732	MATCH
sia_csmith_906.c	oracle	0	0.04	0.04	48308	MATCH
sia_csmith_906.c	lean	0	0.07	0.07	80648	MATCH
sia_csmith_907.c	oracle	0	0.04	0.03	48744	MATCH
sia_csmith_907.c	lean	0	0.06	0.06	83176	MATCH
sia_csmith_908.c	oracle	124	15.04	15.03	718224	CERB_SKIP
sia_csmith_908.c	lean	NA	NA	NA	NA	CERB_SKIP
sia_csmith_909.c	oracle	0	0.04	0.04	49548	MATCH
sia_csmith_909.c	lean	0	0.06	0.05	82116	MATCH
sia_csmith_910.c	oracle	0	0.04	0.03	49052	MATCH
sia_csmith_910.c	lean	0	0.07	0.07	82936	MATCH
sia_csmith_911.c	oracle	0	0.04	0.04	49152	MATCH
sia_csmith_911.c	lean	0	0.07	0.07	83264	MATCH
sia_csmith_912.c	oracle	0	0.04	0.03	48956	MATCH
sia_csmith_912.c	lean	0	0.06	0.06	83176	MATCH
sia_csmith_913.c	oracle	0	0.04	0.03	48760	MATCH
sia_csmith_913.c	lean	0	0.06	0.06	82792	MATCH
sia_csmith_914.c	oracle	0	0.04	0.04	49164	MATCH
sia_csmith_914.c	lean	0	0.07	0.06	82316	MATCH
sia_csmith_915.c	oracle	0	0.04	0.03	49276	MATCH
sia_csmith_915.c	lean	0	0.07	0.07	82416	MATCH
sia_csmith_916.c	oracle	0	0.04	0.04	48904	MATCH
sia_csmith_916.c	lean	0	0.07	0.06	83036	MATCH
sia_csmith_917.c	oracle	0	0.04	0.03	48648	MATCH
sia_csmith_917.c	lean	0	0.07	0.06	82388	MATCH
sia_csmith_918.c	oracle	0	0.04	0.03	48556	MATCH
sia_csmith_918.c	lean	0	0.07	0.06	82616	MATCH
sia_csmith_919.c	oracle	0	0.04	0.03	48948	MATCH
sia_csmith_919.c	lean	0	0.07	0.07	82492	MATCH
sia_csmith_920.c	oracle	0	0.04	0.03	48476	MATCH
sia_csmith_920.c	lean	0	0.06	0.05	83068	MATCH
sia_csmith_921.c	oracle	0	0.04	0.04	48472	MATCH
sia_csmith_921.c	lean	0	0.07	0.06	82604	MATCH
sia_csmith_922.c	oracle	0	0.04	0.04	48744	MATCH
sia_csmith_922.c	lean	0	0.08	0.07	80692	MATCH
sia_csmith_923.c	oracle	0	0.04	0.03	49164	MATCH
sia_csmith_923.c	lean	0	0.07	0.06	82168	MATCH
sia_csmith_924.c	oracle	0	0.04	0.03	48808	MATCH
sia_csmith_924.c	lean	0	0.07	0.07	82112	MATCH
sia_csmith_925.c	oracle	0	0.04	0.03	48272	MATCH
sia_csmith_925.c	lean	0	0.06	0.06	82180	MATCH
sia_csmith_926.c	oracle	0	0.04	0.03	48124	MATCH
sia_csmith_926.c	lean	0	0.06	0.06	83504	MATCH
sia_csmith_927.c	oracle	0	0.04	0.04	48368	MATCH
sia_csmith_927.c	lean	0	0.08	0.07	82616	MATCH
sia_csmith_928.c	oracle	0	0.04	0.04	49108	MATCH
sia_csmith_928.c	lean	0	0.07	0.06	83148	MATCH
sia_csmith_929.c	oracle	0	0.04	0.03	48924	MATCH
sia_csmith_929.c	lean	0	0.07	0.07	83204	MATCH
sia_csmith_930.c	oracle	0	0.05	0.05	48676	MATCH
sia_csmith_930.c	lean	0	0.09	0.09	82476	MATCH
sia_csmith_931.c	oracle	0	0.04	0.03	47184	MATCH
sia_csmith_931.c	lean	0	0.07	0.07	82448	MATCH
sia_csmith_932.c	oracle	0	0.04	0.03	48560	MATCH
sia_csmith_932.c	lean	0	0.07	0.06	82324	MATCH
sia_csmith_933.c	oracle	0	0.04	0.04	49040	MATCH
sia_csmith_933.c	lean	0	0.07	0.07	85632	MATCH
sia_csmith_934.c	oracle	0	0.04	0.04	49076	MATCH
sia_csmith_934.c	lean	0	0.07	0.07	84072	MATCH
sia_csmith_935.c	oracle	0	0.04	0.04	48276	MATCH
sia_csmith_935.c	lean	0	0.07	0.07	82148	MATCH
sia_csmith_936.c	oracle	124	15.04	15.04	682176	CERB_SKIP
sia_csmith_936.c	lean	NA	NA	NA	NA	CERB_SKIP
sia_csmith_937.c	oracle	0	0.05	0.04	49144	MATCH
sia_csmith_937.c	lean	0	0.11	0.10	81592	MATCH
sia_csmith_938.c	oracle	124	15.03	15.03	545008	CERB_SKIP
sia_csmith_938.c	lean	NA	NA	NA	NA	CERB_SKIP
sia_csmith_939.c	oracle	0	0.04	0.04	49592	MATCH
sia_csmith_939.c	lean	0	0.08	0.07	84508	MATCH
sia_csmith_940.c	oracle	0	0.05	0.04	49776	MATCH
sia_csmith_940.c	lean	0	0.09	0.09	84228	MATCH
sia_csmith_941.c	oracle	124	15.04	15.04	683352	CERB_SKIP
sia_csmith_941.c	lean	NA	NA	NA	NA	CERB_SKIP
sia_csmith_942.c	oracle	0	0.04	0.04	49068	MATCH
sia_csmith_942.c	lean	0	0.07	0.07	83584	MATCH
sia_csmith_943.c	oracle	124	15.03	15.02	503200	CERB_SKIP
sia_csmith_943.c	lean	NA	NA	NA	NA	CERB_SKIP
sia_csmith_944.c	oracle	124	15.04	15.03	590284	CERB_SKIP
sia_csmith_944.c	lean	NA	NA	NA	NA	CERB_SKIP
sia_csmith_945.c	oracle	124	15.03	15.02	526996	CERB_SKIP
sia_csmith_945.c	lean	NA	NA	NA	NA	CERB_SKIP
sia_csmith_946.c	oracle	0	0.04	0.04	48712	MATCH
sia_csmith_946.c	lean	0	0.06	0.06	82588	MATCH
sia_csmith_947.c	oracle	0	1.17	1.16	92144	MATCH
sia_csmith_947.c	lean	0	3.35	3.34	110024	MATCH
sia_csmith_948.c	oracle	0	0.04	0.03	49080	MATCH
sia_csmith_948.c	lean	0	0.07	0.06	85676	MATCH
sia_csmith_949.c	oracle	0	0.04	0.04	48728	MATCH
sia_csmith_949.c	lean	0	0.06	0.06	81932	MATCH
sia_csmith_950.c	oracle	0	0.04	0.03	48392	MATCH
sia_csmith_950.c	lean	0	0.07	0.06	83708	MATCH
sia_csmith_951.c	oracle	0	0.04	0.04	48424	MATCH
sia_csmith_951.c	lean	0	0.06	0.05	82936	MATCH
sia_csmith_952.c	oracle	0	0.06	0.06	49496	MATCH
sia_csmith_952.c	lean	0	0.12	0.11	84840	MATCH
sia_csmith_953.c	oracle	0	0.04	0.04	48692	MATCH
sia_csmith_953.c	lean	0	0.06	0.05	82540	MATCH
sia_csmith_954.c	oracle	0	0.11	0.11	53552	MATCH
sia_csmith_954.c	lean	0	0.27	0.26	85260	MATCH
sia_csmith_955.c	oracle	124	15.05	15.04	729568	CERB_SKIP
sia_csmith_955.c	lean	NA	NA	NA	NA	CERB_SKIP
sia_csmith_956.c	oracle	0	0.04	0.03	49388	MATCH
sia_csmith_956.c	lean	0	0.07	0.06	82600	MATCH
sia_csmith_957.c	oracle	0	0.04	0.04	48736	MATCH
sia_csmith_957.c	lean	0	0.06	0.06	82188	MATCH
sia_csmith_958.c	oracle	0	0.04	0.03	48760	MATCH
sia_csmith_958.c	lean	0	0.06	0.05	84412	MATCH
sia_csmith_959.c	oracle	0	0.05	0.04	48692	MATCH
sia_csmith_959.c	lean	0	0.08	0.07	82828	MATCH
sia_csmith_960.c	oracle	0	0.13	0.12	53036	MATCH
sia_csmith_960.c	lean	0	0.29	0.28	86028	MATCH
sia_csmith_961.c	oracle	0	0.04	0.04	49224	MATCH
sia_csmith_961.c	lean	0	0.06	0.05	82132	MATCH
sia_csmith_962.c	oracle	0	0.04	0.03	48752	MATCH
sia_csmith_962.c	lean	0	0.07	0.06	80980	MATCH
sia_csmith_963.c	oracle	0	0.08	0.07	51980	MATCH
sia_csmith_963.c	lean	0	0.16	0.15	84460	MATCH
sia_csmith_964.c	oracle	0	1.08	1.07	105556	MATCH
sia_csmith_964.c	lean	0	2.83	2.83	132392	MATCH
sia_csmith_965.c	oracle	0	0.04	0.04	48296	MATCH
sia_csmith_965.c	lean	0	0.06	0.06	82436	MATCH
sia_csmith_966.c	oracle	124	15.04	15.03	604044	CERB_SKIP
sia_csmith_966.c	lean	NA	NA	NA	NA	CERB_SKIP
sia_csmith_967.c	oracle	124	15.04	15.03	584428	CERB_SKIP
sia_csmith_967.c	lean	NA	NA	NA	NA	CERB_SKIP
sia_csmith_968.c	oracle	124	15.05	15.04	720524	CERB_SKIP
sia_csmith_968.c	lean	NA	NA	NA	NA	CERB_SKIP
sia_csmith_969.c	oracle	0	0.04	0.03	48032	MATCH
sia_csmith_969.c	lean	0	0.06	0.05	83340	MATCH
sia_csmith_970.c	oracle	124	15.05	15.04	716372	CERB_SKIP
sia_csmith_970.c	lean	NA	NA	NA	NA	CERB_SKIP
sia_csmith_971.c	oracle	124	15.05	15.03	687424	CERB_SKIP
sia_csmith_971.c	lean	NA	NA	NA	NA	CERB_SKIP
sia_csmith_972.c	oracle	124	15.04	15.03	603776	CERB_SKIP
sia_csmith_972.c	lean	NA	NA	NA	NA	CERB_SKIP
sia_csmith_973.c	oracle	0	0.04	0.03	48060	MATCH
sia_csmith_973.c	lean	0	0.07	0.06	82252	MATCH
sia_csmith_974.c	oracle	124	15.05	15.04	701880	CERB_SKIP
sia_csmith_974.c	lean	NA	NA	NA	NA	CERB_SKIP
sia_csmith_975.c	oracle	124	15.05	15.04	718160	CERB_SKIP
sia_csmith_975.c	lean	NA	NA	NA	NA	CERB_SKIP
sia_csmith_976.c	oracle	0	7.12	7.12	364332	TIMEOUT
sia_csmith_976.c	lean	124	15.00	14.99	318836	TIMEOUT
sia_csmith_977.c	oracle	124	15.05	15.04	689792	CERB_SKIP
sia_csmith_977.c	lean	NA	NA	NA	NA	CERB_SKIP
sia_csmith_978.c	oracle	124	15.05	15.04	674048	CERB_SKIP
sia_csmith_978.c	lean	NA	NA	NA	NA	CERB_SKIP
sia_csmith_979.c	oracle	124	15.04	15.03	605864	CERB_SKIP
sia_csmith_979.c	lean	NA	NA	NA	NA	CERB_SKIP
sia_csmith_980.c	oracle	124	15.05	15.04	680716	CERB_SKIP
sia_csmith_980.c	lean	NA	NA	NA	NA	CERB_SKIP
sia_csmith_981.c	oracle	124	15.04	15.03	682072	CERB_SKIP
sia_csmith_981.c	lean	NA	NA	NA	NA	CERB_SKIP
sia_csmith_982.c	oracle	124	15.04	15.03	654528	CERB_SKIP
sia_csmith_982.c	lean	NA	NA	NA	NA	CERB_SKIP
sia_csmith_983.c	oracle	124	15.05	15.04	675608	CERB_SKIP
sia_csmith_983.c	lean	NA	NA	NA	NA	CERB_SKIP
sia_csmith_984.c	oracle	124	15.05	15.04	652840	CERB_SKIP
sia_csmith_984.c	lean	NA	NA	NA	NA	CERB_SKIP
sia_csmith_985.c	oracle	124	15.04	15.03	591376	CERB_SKIP
sia_csmith_985.c	lean	NA	NA	NA	NA	CERB_SKIP
sia_csmith_986.c	oracle	0	0.04	0.03	48672	MATCH
sia_csmith_986.c	lean	0	0.06	0.06	81124	MATCH
sia_csmith_987.c	oracle	0	0.06	0.06	49464	MATCH
sia_csmith_987.c	lean	0	0.11	0.11	82048	MATCH
sia_csmith_988.c	oracle	124	15.04	15.04	652928	CERB_SKIP
sia_csmith_988.c	lean	NA	NA	NA	NA	CERB_SKIP
sia_csmith_989.c	oracle	0	0.04	0.04	48304	MATCH
sia_csmith_989.c	lean	0	0.07	0.06	82088	MATCH
sia_csmith_990.c	oracle	124	15.05	15.04	676780	CERB_SKIP
sia_csmith_990.c	lean	NA	NA	NA	NA	CERB_SKIP
sia_csmith_991.c	oracle	0	0.05	0.05	50236	MATCH
sia_csmith_991.c	lean	0	0.09	0.09	86048	MATCH
sia_csmith_992.c	oracle	124	15.04	15.03	569808	CERB_SKIP
sia_csmith_992.c	lean	NA	NA	NA	NA	CERB_SKIP
sia_csmith_993.c	oracle	124	15.05	15.03	676024	CERB_SKIP
sia_csmith_993.c	lean	NA	NA	NA	NA	CERB_SKIP
sia_csmith_994.c	oracle	124	15.05	15.04	646088	CERB_SKIP
sia_csmith_994.c	lean	NA	NA	NA	NA	CERB_SKIP
sia_csmith_995.c	oracle	124	15.05	15.04	682284	CERB_SKIP
sia_csmith_995.c	lean	NA	NA	NA	NA	CERB_SKIP
sia_csmith_996.c	oracle	0	7.41	7.40	349660	TIMEOUT
sia_csmith_996.c	lean	124	15.00	14.99	284832	TIMEOUT
sia_csmith_997.c	oracle	124	15.05	15.04	660228	CERB_SKIP
sia_csmith_997.c	lean	NA	NA	NA	NA	CERB_SKIP
sia_csmith_998.c	oracle	124	15.05	15.04	647524	CERB_SKIP
sia_csmith_998.c	lean	NA	NA	NA	NA	CERB_SKIP
sia_csmith_999.c	oracle	124	15.04	15.04	647328	CERB_SKIP
sia_csmith_999.c	lean	NA	NA	NA	NA	CERB_SKIP
smx_csmith_1.c	oracle	0	0.08	0.08	61572	MATCH
smx_csmith_1.c	lean	0	0.17	0.17	107024	MATCH
smx_csmith_2.c	oracle	0	0.19	0.19	56888	MATCH
smx_csmith_2.c	lean	0	0.51	0.50	82648	MATCH
smx_csmith_3.c	oracle	0	0.04	0.04	48512	MATCH
smx_csmith_3.c	lean	0	0.07	0.06	82964	MATCH
smx_csmith_4.c	oracle	124	15.04	15.03	609988	CERB_SKIP
smx_csmith_4.c	lean	NA	NA	NA	NA	CERB_SKIP
smx_csmith_5.c	oracle	0	0.04	0.04	48960	MATCH
smx_csmith_5.c	lean	0	0.07	0.07	83792	MATCH
smx_csmith_6.c	oracle	1	0.03	0.03	45188	CERB_SKIP
smx_csmith_6.c	lean	NA	NA	NA	NA	CERB_SKIP
smx_csmith_7.c	oracle	0	0.11	0.10	54456	MATCH
smx_csmith_7.c	lean	0	0.27	0.26	88444	MATCH
